Workbook
Name all_in_one: 'All in One'!$A$1:$Z$77
Name cal_main: 主頁!$A$1:$W$46
Name 公社科: 選單!$I$2:$I$4
Name 丙類科目等級: 選單!$H$2:$H$8
Name 丙類選修科: 選單!$G$2:$G$8
Name 是否: 選單!$L$2:$L$3
Name 差: 選單!$F$7:$F$9
Name 差距ULM: 選單!$F$7:$F$9
Name 差距UML: 選單!$F$7:$F$9
Name 第一選修科: 選單!#REF!
Name 第二選修科: 選單!$D$2:$D$25
Name 第三選修科: 選單!$E$2:$E$25
Name 第四選修科: 選單!$F$2:$F$6
Name 等級: 選單!$A$2:$A$10
Name 數學延伸部份: 選單!#REF!
Name 數學延伸部份: 選單!#REF!
Name 選修科: 選單!#REF!

Sheet 開始

Sheet 主頁
B2: 2025 JUPAS 計分器 Ver 1.0.3 | H2: 只供參考 | K2: 請在下載後以電腦 Excel 開啟及使用。 (不能用Google Sheet)
K3: 若未能開啟/使用，則可嘗試「網頁版」: | P3: https://jupascal.github.io/
I4: 包括M1/2?
A5: 1. | B5: 請輸入你的成績: | C5: 以數字輸入成績? | D5: 否 | E5: 2. | F5: 分數概覽 (未計比重) | I5: 是 | K5: v1.0.3 Major UPDATE PATCH:
B6: 若開啟數字模式，則無法以下拉選單選擇分數 | D6: (0/1/2/3/4/5/6/7) | K6: 更正 UST & HKU 額外分數 計算錯漏
B7: 核心科目 | D7: 快速輸入 | F7: Best 4 | G7: =IF(計分版!E14=FALSE,計分版!E3,計分版!E8) -> 3e-09 | H7: 3C+1X | I7: =IF(計分版!E14=FALSE,計分版!E5,計分版!E12) -> 1.5e-09
B8: 中國語文 | C8: 請選擇等級 | F8: Best 5 | G8: =IF(計分版!E14=FALSE,計分版!E4,計分版!E9) -> 3.5e-09 | H8: 3C+2X | I8: =IF(計分版!E14=FALSE,計分版!E6,計分版!E13) -> 2.3e-09
B9: 英國語文 | C9: 請選擇等級 | K9: 請定期檢查更新 | T9: 一鍵前往
B10: 數學 | C10: 請選擇等級 | T10: All in One 超級計分器
B11: 公社科 | C11: 請選擇等級 | E11: 3. | F11: JUPAS排位 | I11: 此處顯示為2024年計分方式及數字 (分數已計比重)
B12: M1/2 | C12: 請選擇等級 | F12: 請輸入JUPAS編號 (e.g. JS4862) | I12: 請前往院校版面查看詳細註釋 | L12: 以百分比顯示差距? | N12: 是
O13: 2024年 | P13: Band A | Q13: 例如課程要求M1/2，若同學沒有修讀，就會變紅
B14: 選修科目 | G14: 院校 | H14: 學科 | I14: 計分方式 | J14: UQ | K14: Median | L14: LQ | M14: 你的分數 | N14: 學額 | O14: 取錄人數 | P14: 競爭人數 | Q14: 合乎基本入學要求?(並非入讀機率)
B15: 請選擇第一選修科 | C15: 請選擇等級 | E15: A1 | F15: JS4862 | G15: ='A123'!B16 -> CUHK | H15: ='A123'!D16 -> PSYCHOLOGY | I15: ='A123'!E16 -> Best 5 | J15: ='A123'!F16 -> 33.75 | K15: ='A123'!G16 -> 32.25 | L15: ='A123'!H16 -> 30.75 | M15: ='A123'!I16 -> 3.5e-09 | N15: ='A123'!J16 -> 56 | O15: ='A123'!K16 -> 60 | P15: ='A123'!L16 -> 5.7 | Q15: =IF('A123'!M16=0, "否",IF('A123'!M16=2,"或有額外要求",IF('A123'!M16=1,"是",""))) -> 否
A16: 按此 | B16: 請選擇第二選修科 | C16: 請選擇等級 | G16: ='A123'!C16 -> 心理學 | J16: =IF('A123'!A1=FALSE,'A123'!B5,'A123'!F5) -> -9.6428571e+09 | K16: =IF('A123'!A1=FALSE,'A123'!C5,'A123'!G5) -> -9.2142857e+09 | L16: =IF('A123'!A1=FALSE,'A123'!D5,'A123'!H5) -> -8.7857143e+09
A17: 展開 | B17: 請選擇第三選修科 | C17: 請選擇等級
A18: 選單 | B18: 請選擇第四選修科 | C18: 請選擇等級 | E18: A2 | G18: ='A123'!B17 | H18: ='A123'!D17 | I18: ='A123'!E17 | J18: ='A123'!F17 | K18: ='A123'!G17 | L18: ='A123'!H17 | M18: ='A123'!I17 | N18: ='A123'!J17 | O18: ='A123'!K17 | P18: ='A123'!L17 | Q18: =IF('A123'!M17=0, "否",IF('A123'!M17=2,"或有額外要求",IF('A123'!M17=1,"是",""))) | S18: 詳細資料及比重請前往院校分頁
B19: 請選擇語言科目 | C19: 請選擇等級 | G19: ='A123'!C17 | J19: =IF('A123'!A1=FALSE,'A123'!B7,'A123'!F7) | K19: =IF('A123'!A1=FALSE,'A123'!C7,'A123'!G7) | L19: =IF('A123'!A1=FALSE,'A123'!D7,'A123'!H7)
E21: A3 | G21: ='A123'!B18 | H21: ='A123'!D18 | I21: ='A123'!E18 | J21: ='A123'!F18 | K21: ='A123'!G18 | L21: ='A123'!H18 | M21: ='A123'!I18 | N21: ='A123'!J18 | O21: ='A123'!K18 | P21: ='A123'!L18 | Q21: =IF('A123'!M18=0, "否",IF('A123'!M18=2,"或有額外要求",IF('A123'!M18=1,"是","")))
B22: 每次使用前請檢查計分器是否為最新版本: | G22: ='A123'!C18 | J22: =IF('A123'!A1=FALSE,'A123'!B9,'A123'!F9) | K22: =IF('A123'!A1=FALSE,'A123'!C9,'A123'!G9) | L22: =IF('A123'!A1=FALSE,'A123'!D9,'A123'!H9) | N22: *= 合併學額 | P22: 競爭人數: 幾多人爭一個位
B23: https://drive.google.com/drive/folders/1PmyDrmQ2CumbWrqY7NRqa0Ol-M9VnkFz?usp=drive_link | D23: . | N23: (合併學額或有誤導成份，請以取錄人數為準)
B24: 歡迎各位有心人Debug,
B25: 請於Drive中Debug文件內註明Bug及其位置。
B26: O&A 及使用須知: | C26: https://docs.google.com/document/d/1tqdAzSbqYhME53ZdAFDEsJy-LOS5JIw8ViIbdLR9GI8/edit | E26: .
A28: 4. | B28: 重考扣分 (測試中) | F28: Previous Update Patch | O28: 使用須知 及 免責聲明
B29: (只需選擇今年有重新考試的科目) | D29: 2025年 | F29: v1.0.2 UPDATE PATCH:
B30: 核心科目 | D30: 重考? | F30: 更正 HKU JS6901,JS6119 比重計算錯漏 | O30: 此計算器提供的資料只作一般私人參考用途，並不可視為官方的詳盡及權威性的說明，亦不可取代專業諮詢。使用前請先留意最新版本，以及閱讀使用須知。 本人在編製此計算器時已力求審慎，盡可能確保計算器所提供的資料正確無誤、沒有錯漏，惟在個別情況下，這些資料仍可能與最新的情況有所不同。本人並不保證計算器內全部資料在各方面均絕對正確、毫無錯漏。任何使用此計算器人士，須自行承擔一切風險，對於因使用或依據此計算器內所提供的任何資料而引致的任何損失或損害，本人一概無須負上任何法律責任。
B31: 中國語文 | C31: =IF(計分版!$E$15=FALSE,IF(C8="請選擇等級","",C8),計分版!X7) | D31: 否
B32: 英國語文 | C32: =IF(計分版!$E$15=FALSE,IF(C9="請選擇等級","",C9),計分版!Y7) | D32: 否 | F32: v1.0.1 UPDATE PATCH:
B33: 數學 | C33: =IF(計分版!$E$15=FALSE,IF(C10="請選擇等級","",C10),計分版!Z7) | D33: 否 | F33: 更正 分數計算錯漏
B34: 公社科 ## | C34: =IF(計分版!$E$15=FALSE,IF(C11="請選擇等級","",C11),計分版!AA7) | D34: 否 | F34: 更正 首頁「快速輸入」排版設計
B35: M1/2 | C35: =IF(計分版!$E$15=FALSE,IF(C12="請選擇等級","",C12),計分版!AB7) | D35: 否
B37: 選修科目 | F37: Beta UPDATE PATCH:
B38: =IF(B15="請選擇第一選修科","",B15) | C38: =IF(計分版!$E$15=FALSE,IF(C15="請選擇等級","",C15),計分版!AC7) | D38: 否 | F38: 更新 2025年入學資料
B39: =IF(B16="請選擇第二選修科","",B16) | C39: =IF(計分版!$E$15=FALSE,IF(C16="請選擇等級","",C16),計分版!AD7) | D39: 否 | F39: 改善 排版設計
B40: =IF(B17="請選擇第三選修科","",B17) | C40: =IF(計分版!$E$15=FALSE,IF(C17="請選擇等級","",C17),計分版!AE7) | D40: 否 | F40: 更正 資料及計算錯漏
B41: =IF(B18="請選擇第四選修科","",B18) | C41: =IF(計分版!$E$15=FALSE,IF(C18="請選擇等級","",C18),計分版!AF7) | D41: 否
B42: =IF(B19="請選擇語言科目","",B19) | C42: =IF(計分版!$E$15=FALSE,IF(C19="請選擇等級","",C19),計分版!AG7) | D42: 否
B43: 目前只得 CUHK 及 HKU 有列明重考扣分
B44: 此功能只能計算 本年度DSE重考的情況，
B45: 暫未能考慮其他年份。
B46: ##註: 往年通識科成績不會被納入分數計算中。

Sheet A123
A1: =IF(主頁!N12="是",TRUE,FALSE) -> TRUE | B1: <-以百分比顯示差距 (Drop Menu) | E1: <- DO NOT DELETE, Data Validation on front page
A2: TRUE | B2: <-以百分比顯示差距 (Tickbox)
B3: 分數差距 | F3: 分數差距百分比
B4: UQ | C4: Median | D4: LQ | F4: UQ | G4: Median | H4: LQ
A5: A1 | B5: =IFERROR(主頁!M15-主頁!J15,"") -> -33.75 | C5: =IFERROR(主頁!M15-主頁!K15,"") -> -32.25 | D5: =IFERROR(主頁!M15-主頁!L15,"") -> -30.75 | F5: =IFERROR((主頁!$M$15-主頁!J15)/主頁!M15,"") -> -9.6428571e+09 | G5: =IFERROR((主頁!$M$15-主頁!K15)/主頁!$M$15,"") -> -9.2142857e+09 | H5: =IFERROR((主頁!$M$15-主頁!L15)/主頁!$M$15,"") -> -8.7857143e+09
A7: A2 | B7: =IFERROR(主頁!M18-主頁!J18,"") | C7: =IFERROR(主頁!M18-主頁!K18,"") | D7: =IFERROR(主頁!M18-主頁!L18,"") | F7: =IFERROR((主頁!$M$18-主頁!J18)/主頁!$M$18,"") | G7: =IFERROR((主頁!$M$18-主頁!K18)/主頁!$M$18,"") | H7: =IFERROR((主頁!$M$18-主頁!L18)/主頁!$M$18,"")
A9: A3 | B9: =IFERROR(主頁!M21-主頁!J21,"") | C9: =IFERROR(主頁!M21-主頁!K21,"") | D9: =IFERROR(主頁!M21-主頁!L21,"") | F9: =IFERROR((主頁!$M$21-主頁!J21)/主頁!$M$21,"") | G9: =IFERROR((主頁!$M$21-主頁!K21)/主頁!$M$21,"") | H9: =IFERROR((主頁!$M$21-主頁!L21)/主頁!$M$21,"")
A15: JUPAS No. | B15: 院校 | C15: 學科 | D15: 英文縮寫 | E15: 計分方式 | F15: UQ | G15: Median | H15: LQ | I15: 你的分數 | J15: 學額 | K15: 取錄人數 | L15: BandA競爭人數 | M15: 資格
A16: =主頁!F15 -> JS4862 | B16: =IFERROR(INDEX(B$21:B$502,MATCH($A16,$A$21:$A$502,0)),"") -> CUHK | C16: =IFERROR(INDEX(C$21:C$502,MATCH($A16,$A$21:$A$502,0)),"") -> 心理學 | D16: =IFERROR(INDEX(D$21:D$502,MATCH($A16,$A$21:$A$502,0)),"") -> PSYCHOLOGY | E16: =IFERROR(INDEX(E$21:E$502,MATCH($A16,$A$21:$A$502,0)),"") -> Best 5 | F16: =IFERROR(INDEX(F$21:F$502,MATCH($A16,$A$21:$A$502,0)),"") -> 33.75 | G16: =IFERROR(INDEX(G$21:G$502,MATCH($A16,$A$21:$A$502,0)),"") -> 32.25 | H16: =IFERROR(INDEX(H$21:H$502,MATCH($A16,$A$21:$A$502,0)),"") -> 30.75 | I16: =IFERROR(INDEX(I$21:I$502,MATCH($A16,$A$21:$A$502,0)),"") -> 3.5e-09 | ... M16: =IFERROR(INDEX(M$21:M$502,MATCH($A16,$A$21:$A$502,0)),"") -> 0
A17: =主頁!F18 -> 0 | B17: =IFERROR(INDEX(B$21:B$502,MATCH($A17,$A$21:$A$502,0)),"") | C17: =IFERROR(INDEX(C$21:C$502,MATCH($A17,$A$21:$A$502,0)),"") | D17: =IFERROR(INDEX(D$21:D$502,MATCH($A17,$A$21:$A$502,0)),"") | E17: =IFERROR(INDEX(E$21:E$502,MATCH($A17,$A$21:$A$502,0)),"") | F17: =IFERROR(INDEX(F$21:F$502,MATCH($A17,$A$21:$A$502,0)),"") | G17: =IFERROR(INDEX(G$21:G$502,MATCH($A17,$A$21:$A$502,0)),"") | H17: =IFERROR(INDEX(H$21:H$502,MATCH($A17,$A$21:$A$502,0)),"") | I17: =IFERROR(INDEX(I$21:I$502,MATCH($A17,$A$21:$A$502,0)),"") | ... M17: =IFERROR(INDEX(M$21:M$502,MATCH($A17,$A$21:$A$502,0)),"")
A18: =主頁!F21 -> 0 | B18: =IFERROR(INDEX(B$21:B$502,MATCH($A18,$A$21:$A$502,0)),"") | C18: =IFERROR(INDEX(C$21:C$502,MATCH($A18,$A$21:$A$502,0)),"") | D18: =IFERROR(INDEX(D$21:D$502,MATCH($A18,$A$21:$A$502,0)),"") | E18: =IFERROR(INDEX(E$21:E$502,MATCH($A18,$A$21:$A$502,0)),"") | F18: =IFERROR(INDEX(F$21:F$502,MATCH($A18,$A$21:$A$502,0)),"") | G18: =IFERROR(INDEX(G$21:G$502,MATCH($A18,$A$21:$A$502,0)),"") | H18: =IFERROR(INDEX(H$21:H$502,MATCH($A18,$A$21:$A$502,0)),"") | I18: =IFERROR(INDEX(I$21:I$502,MATCH($A18,$A$21:$A$502,0)),"") | ... M18: =IFERROR(INDEX(M$21:M$502,MATCH($A18,$A$21:$A$502,0)),"")
F20: UQ | G20: Median | H20: LQ | I20: 你的分數 | J20: 學額 | K20: 取錄人數 | L20: BandA競爭人數 | M20: 資格 | AB20: \
A21: ='Reference Score Calculation'!B13 -> JS1000 | B21: ='Reference Score Calculation'!C13 -> CityU | C21: ='Reference Score Calculation'!E13 -> 理學士(計算金融及金融科技) (專修：計算金融 / 金融科技) | D21: ='Reference Score Calculation'!S13 -> BScCFFT | E21: ='Reference Score Calculation'!F13 -> 3C2X | F21: ='Reference Score Calculation'!H13 -> / | G21: ='Reference Score Calculation'!I13 -> 24.5 | H21: ='Reference Score Calculation'!J13 -> / | I21: =計分版!J36 -> 2.3e-09 | J21: ='Reference Score Calculation'!U13 -> 10 | K21: ='Reference Score Calculation'!V13 -> 2 | L21: ='Reference Score Calculation'!Y13 -> 40.5 | M21: =入學要求!Z22 -> 0
A22: ='Reference Score Calculation'!B14 -> JS1001 | B22: ='Reference Score Calculation'!C14 -> CityU | C22: ='Reference Score Calculation'!E14 -> 工商管理學士(環球商業) (特點: 三次海外交流 / 美國哥倫比亞大學雙聯學士學位 / 海外暑期及遊學課程 / 商業諮詢課程 / 獎學金及資助) | D22: ='Reference Score Calculation'!S14 -> BBAGBU | E22: ='Reference Score Calculation'!F14 -> 3C2X | F22: ='Reference Score Calculation'!H14 -> / | G22: ='Reference Score Calculation'!I14 -> 29 | H22: ='Reference Score Calculation'!J14 -> 25.5 | I22: =計分版!J37 -> 2.3e-09 | J22: ='Reference Score Calculation'!U14 -> 15 | K22: ='Reference Score Calculation'!V14 -> 4 | L22: ='Reference Score Calculation'!Y14 -> 100 | M22: =入學要求!Z23 -> 0
A23: ='Reference Score Calculation'!B15 -> JS1002 | B23: ='Reference Score Calculation'!C15 -> CityU | C23: ='Reference Score Calculation'!E15 -> 工商管理學士(會計) (專修: 專業會計 / 環境，社會，治理和科技) | D23: ='Reference Score Calculation'!S15 -> BBAAC | E23: ='Reference Score Calculation'!F15 -> Best 5 | F23: ='Reference Score Calculation'!H15 -> / | G23: ='Reference Score Calculation'!I15 -> 20.5 | H23: ='Reference Score Calculation'!J15 -> 20 | I23: =計分版!J38 -> 3.3e-09 | J23: ='Reference Score Calculation'!U15 -> 148 | K23: ='Reference Score Calculation'!V15 -> 131 | L23: ='Reference Score Calculation'!Y15 -> 8.015748 | M23: =入學要求!Z24 -> 0
A24: ='Reference Score Calculation'!B16 -> JS1005 | B24: ='Reference Score Calculation'!C16 -> CityU | C24: ='Reference Score Calculation'!E16 -> 工商管理學士 (管理學 ) (專修 : 人 力資源管理 / 策略及國際管理 ) | D24: ='Reference Score Calculation'!S16 -> BBAMGMT | E24: ='Reference Score Calculation'!F16 -> Best 5 | F24: ='Reference Score Calculation'!H16 -> / | G24: ='Reference Score Calculation'!I16 -> 20.5 | H24: ='Reference Score Calculation'!J16 -> 20.5 | I24: =計分版!J39 -> 3.3e-09 | J24: ='Reference Score Calculation'!U16 -> 58 | K24: ='Reference Score Calculation'!V16 -> 42 | L24: ='Reference Score Calculation'!Y16 -> 19.216216 | M24: =入學要求!Z25 -> 0
A25: ='Reference Score Calculation'!B17 -> JS1007 | B25: ='Reference Score Calculation'!C17 -> CityU | C25: ='Reference Score Calculation'!E17 -> 工商管理學士(市場營銷) (專修: 環球市場營銷 / 營銷數據分析) | D25: ='Reference Score Calculation'!S17 -> BBAMKT | E25: ='Reference Score Calculation'!F17 -> 3C2X | F25: ='Reference Score Calculation'!H17 -> / | G25: ='Reference Score Calculation'!I17 -> 23.5 | H25: ='Reference Score Calculation'!J17 -> 22 | I25: =計分版!J40 -> 2.4e-09 | J25: ='Reference Score Calculation'!U17 -> 82 | K25: ='Reference Score Calculation'!V17 -> 76 | L25: ='Reference Score Calculation'!Y17 -> 12.972222 | M25: =入學要求!Z26 -> 0
A26: ='Reference Score Calculation'!B18 -> JS1012 | B26: ='Reference Score Calculation'!C18 -> CityU | C26: ='Reference Score Calculation'!E18 -> 經濟及金融 [主修: 工商管理學士(商業經濟) / 工商管理學士(金融)] | D26: ='Reference Score Calculation'!S18 -> EF | E26: ='Reference Score Calculation'!F18 -> Best 5 | F26: ='Reference Score Calculation'!H18 -> / | G26: ='Reference Score Calculation'!I18 -> 21.5 | H26: ='Reference Score Calculation'!J18 -> 21.5 | I26: =計分版!J41 -> 3.3e-09 | J26: ='Reference Score Calculation'!U18 -> 29 | K26: ='Reference Score Calculation'!V18 -> 21 | L26: ='Reference Score Calculation'!Y18 -> 11.761905 | M26: =入學要求!Z27 -> 0
A27: ='Reference Score Calculation'!B19 -> JS1013 | B27: ='Reference Score Calculation'!C19 -> CityU | C27: ='Reference Score Calculation'!E19 -> 工商管理學士(商業經濟) (特點: 經濟理論 / 國際經濟 / 經濟與商業預測 / 定量分析) | D27: ='Reference Score Calculation'!S19 -> BBABE | E27: ='Reference Score Calculation'!F19 -> Best 5 | F27: ='Reference Score Calculation'!H19 -> / | G27: ='Reference Score Calculation'!I19 -> 20.5 | H27: ='Reference Score Calculation'!J19 -> 20.5 | I27: =計分版!J42 -> 3.3e-09 | J27: ='Reference Score Calculation'!U19 -> 31 | K27: ='Reference Score Calculation'!V19 -> 32 | L27: ='Reference Score Calculation'!Y19 -> 14.875 | M27: =入學要求!Z28 -> 0
A28: ='Reference Score Calculation'!B20 -> JS1014 | B28: ='Reference Score Calculation'!C20 -> CityU | C28: ='Reference Score Calculation'!E20 -> 工商管理學士(金融) (特點: 投資分析 / 金融市場 / 公司金融/ 風險管理 / 交易室工作坊) | D28: ='Reference Score Calculation'!S20 -> BBAFIN | E28: ='Reference Score Calculation'!F20 -> Best 5 | F28: ='Reference Score Calculation'!H20 -> / | G28: ='Reference Score Calculation'!I20 -> 20.5 | H28: ='Reference Score Calculation'!J20 -> 20.5 | I28: =計分版!J43 -> 3.3e-09 | J28: ='Reference Score Calculation'!U20 -> 96 | K28: ='Reference Score Calculation'!V20 -> 102 | L28: ='Reference Score Calculation'!Y20 -> 7.4117647 | M28: =入學要求!Z29 -> 0
A29: ='Reference Score Calculation'!B21 -> JS1017 | B29: ='Reference Score Calculation'!C21 -> CityU | C29: ='Reference Score Calculation'!E21 -> 資訊系統學 [主修: 工商管理學士(環球商業系統管理) 、工商管理學士(資訊管理)] | D29: ='Reference Score Calculation'!S21 -> IS | E29: ='Reference Score Calculation'!F21 -> 3C2X | F29: ='Reference Score Calculation'!H21 -> / | G29: ='Reference Score Calculation'!I21 -> 20.5 | H29: ='Reference Score Calculation'!J21 -> 19.5 | I29: =計分版!J44 -> 2.3e-09 | J29: ='Reference Score Calculation'!U21 -> 62 | K29: ='Reference Score Calculation'!V21 -> 59 | L29: ='Reference Score Calculation'!Y21 -> 5.962963 | M29: =入學要求!Z30 -> 0
A30: ='Reference Score Calculation'!B22 -> JS1018 | B30: ='Reference Score Calculation'!C22 -> CityU | C30: ='Reference Score Calculation'!E22 -> 工商管理學士(環球商業系統管理) (特點: 智能科技 / 環球商業 / 海外及内地交流) | D30: ='Reference Score Calculation'!S22 -> BBAGBSM | E30: ='Reference Score Calculation'!F22 -> 3C2X | F30: ='Reference Score Calculation'!H22 -> / | G30: ='Reference Score Calculation'!I22 -> 22 | H30: ='Reference Score Calculation'!J22 -> 22 | I30: =計分版!J45 -> 2.3e-09 | J30: ='Reference Score Calculation'!U22 -> 10 | K30: ='Reference Score Calculation'!V22 -> 8 | L30: ='Reference Score Calculation'!Y22 -> 10.5 | M30: =入學要求!Z31 -> 0
A31: ='Reference Score Calculation'!B23 -> JS1019 | B31: ='Reference Score Calculation'!C23 -> CityU | C31: ='Reference Score Calculation'!E23 -> 工商管理學士(資訊管理) (專修: 商務智能 / 信息系統審計 / 互聯網服務及社交網絡 / 數據信息學) | D31: ='Reference Score Calculation'!S23 -> BBAIFMG | E31: ='Reference Score Calculation'!F23 -> 3C2X | F31: ='Reference Score Calculation'!H23 -> / | G31: ='Reference Score Calculation'!I23 -> 20.5 | H31: ='Reference Score Calculation'!J23 -> 19.5 | I31: =計分版!J46 -> 2.3e-09 | J31: ='Reference Score Calculation'!U23 -> 10 | K31: ='Reference Score Calculation'!V23 -> 7 | L31: ='Reference Score Calculation'!Y23 -> 22 | M31: =入學要求!Z32 -> 0
A32: ='Reference Score Calculation'!B24 -> JS1025 | B32: ='Reference Score Calculation'!C24 -> CityU | C32: ='Reference Score Calculation'!E24 -> 決策分析及營運學 [主修: 工商管理學士(商業決策分析) / 工商管理學士(環球營運管理)] | D32: ='Reference Score Calculation'!S24 -> DAO | E32: ='Reference Score Calculation'!F24 -> 3C2X | F32: ='Reference Score Calculation'!H24 -> / | G32: ='Reference Score Calculation'!I24 -> 20 | H32: ='Reference Score Calculation'!J24 -> 19.5 | I32: =計分版!J47 -> 2.3e-09 | J32: ='Reference Score Calculation'!U24 -> 24 | K32: ='Reference Score Calculation'!V24 -> 24 | L32: ='Reference Score Calculation'!Y24 -> 18.909091 | M32: =入學要求!Z33 -> 0
... A455: ='Reference Score Calculation'!B447 -> JSSY02 | B455: ='Reference Score Calculation'!C447 -> SSSDP | C455: ='Reference Score Calculation'!E447 -> 應用數據科學（榮譽）理學士 | D455: ='Reference Score Calculation'!S447 -> BSc (Hons) ADS | E455: ='Reference Score Calculation'!F447 -> 25年新科目 | F455: ='Reference Score Calculation'!H447 -> / | G455: ='Reference Score Calculation'!I447 -> 16 | H455: ='Reference Score Calculation'!J447 -> / | I455: =計分版!J470 -> 3.5e-09 | J455: ='Reference Score Calculation'!U447 -> 30 | K455: ='Reference Score Calculation'!V447 -> / | L455: ='Reference Score Calculation'!Y447 -> 新科目 | M455: =入學要求!Z456 -> 0
I637: 學額

Sheet All in One
A2: . | C2: All in One 超級計分器
D4: 請在此手動輸入科目的JUPAS編號
C7: 輸入JUPAS編號 | E7: 院校 | F7: 課程/學科 | L7: 學額 | O7: 2024年取錄人數
C8: JS5331 | E8: ='Reference Score Calculation'!C4 -> HKUST | F8: ='Reference Score Calculation'!E4 -> 理學士（經濟及金融學） | L8: ='Reference Score Calculation'!U4 -> 30 | O8: ='Reference Score Calculation'!V4 -> 33
E10: 中文 | F10: 英文 | G10: 數學 | H10: 公社科 | I10: X1 | J10: X2 | L10: 合乎基本入學要求? | O10: Band A競爭人數
C11: 基本入學要求 | E11: =入學要求!L18 -> 3 | F11: =入學要求!M18 -> 4 | G11: =入學要求!N18 -> 3 | H11: =入學要求!O18 -> 1 | I11: =入學要求!P18 -> 3 | J11: =入學要求!Q18 -> 3 | L11: =IF(入學要求!Z18=0, "否",IF(入學要求!Z18=2,"或有額外要求",IF(入學要求!Z18=1,"是"))) -> 否 | O11: ='Reference Score Calculation'!Y4 -> 3.18
E12: ='Reference Score Calculation'!AA4 -> 申請人必須出席面試 | L12: (「是」 不等如夠分入讀) | O12: (幾多人爭一個位)
E13: ='Reference Score Calculation'!AB4
C16: 上年計分方式︰ | E16: ='Reference Score Calculation'!F4 -> 英數Best3 | G16: ='Reference Score Calculation'!N4 | S16: 由於每年分數計算方式或會更改，
C17: (2024年) | G17: ='Reference Score Calculation'!O4 | S17: 此計分器一律會以*上年計分方式*計算你的分數，
S18: 以便估計與上年度收生分數的差距。
C19: 比重︰ | E19: 加分制 (5**→8.5) | G19: ='Reference Score Calculation'!P4 -> 英文x2 + 數學x2
E20: ='Reference Score Calculation'!T4 -> 有 | G20: ='Reference Score Calculation'!Q4 -> + 最佳三科x1 或
G21: ='Reference Score Calculation'!R4 -> + [化學、經濟、物理、M1/2]中最佳一科x1.5 + 最佳兩科x1
C25: 今年計分方式︰ | E25: ='Reference Score Calculation'!AC4 -> 英數Best3 | G25: ='Reference Score Calculation'!AF4 | S25: 此處將列出今年度計分方式 及 比重詳情，
C26: (2025年) | G26: ='Reference Score Calculation'!AG4 | S26: 以供大家參考 及 估算自己入讀機會，敬請留意。
C28: 比重︰ | E28: 加分制 (5**→8.5) | G28: ='Reference Score Calculation'!AH4 -> 英文x2 + 數學x2
E29: ='Reference Score Calculation'!Z4 -> 有 | G29: ='Reference Score Calculation'!AI4 -> + 最佳三科x1 或
G30: ='Reference Score Calculation'!AJ4 -> + [化學、經濟、物理、M1/2]中最佳一科x1.5 + 最佳兩科x1
E32: 2025年更新事項： | G32: ='Reference Score Calculation'!AD4
G33: ='Reference Score Calculation'!AE4
C36: 其他考慮因素 | E36: ='Reference Score Calculation'!AK4 -> LQ 每科平均成績: | I36: 重考扣分 | J36: ='Reference Score Calculation'!AV4 -> 無 | L36: 面試 | M36: ='Reference Score Calculation'!AW4
E37: ='Reference Score Calculation'!AL4 -> 6.18 (已計算加分制) | M37: ='Reference Score Calculation'!AX4
E38: ='Reference Score Calculation'!AM4
C40: 額外資料 | E40: ='Reference Score Calculation'!AN4 -> 申請人必須出席面試
E41: ='Reference Score Calculation'!AO4
E42: ='Reference Score Calculation'!AP4
E43: ='Reference Score Calculation'!AQ4 -> 此課程的加權後的 *最高可考獲分數* 為: 66.94
E44: ='Reference Score Calculation'!AR4 -> 科大會根據同學的第六科成績獎勵最高5%的額外分數，計算方式如下︰
E45: ='Reference Score Calculation'!AS4 -> 8.5分 -> 5% | 7分 -> 4.12% | 5.5分 -> 3.24% | 4分 -> 2.35% | 3分 -> 1.76%
F49: =計分版!AP24 -> 0 | G49: =計分版!AQ24 -> 1 | H49: =計分版!AR24 -> 1 | I49: =計分版!AS24 -> 0 | J49: =計分版!AT24 -> 0 | K49: =計分版!AU24 -> 0 | L49: =計分版!AV24 -> 1 | M49: =計分版!AW24 -> 1 | ... O49: =計分版!AY24 -> 0 | S49: For HKU & HKUST Only
F51: 中文 | G51: 英文 | H51: 數學 | J51: M1/2 | K51: =IF(計分版!P$1="請選擇第一選修科","無",計分版!P$1) -> 無 | L51: =IF(計分版!Q$1="請選擇第二選修科","無",計分版!Q$1) -> 無 | M51: =IF(計分版!R$1="請選擇第三選修科","無",計分版!R$1) -> 無 | N51: =IF(計分版!S$1="請選擇第四選修科","無",計分版!S$1) -> 無 | O51: =IF(計分版!T$1="請選擇語言科目","無",計分版!T$1) -> 無 | S51: 第6/7科最佳 | U51: Bonus 分數
C52: 你的分數 | D52: =計分版!J24 -> 0 | F52: =IFERROR(計分版!K31,"") -> 0 | G52: =IFERROR(計分版!L31,"") -> 0 | H52: =IFERROR(計分版!M31,"") -> 0 | J52: =IFERROR(計分版!O31,"") -> 0 | K52: =IFERROR(計分版!P31,"") -> 0 | L52: =IFERROR(計分版!Q31,"") -> 0 | M52: =IFERROR(計分版!R31,"") -> 0 | N52: =IFERROR(計分版!S31,"") -> 0 | O52: =IFERROR(計分版!T31,"") -> 0 | S52: =計分版!BC23 -> 請選擇第一選修科 | U52: =計分版!BE23 -> 1
E53: 比重 | F53: =計分版!K24 -> 1 | G53: =計分版!L24 -> 2 | H53: =計分版!M24 -> 2 | J53: =計分版!O24 -> 1 | K53: =計分版!P24 -> 1 | L53: =計分版!Q24 -> 1 | M53: =計分版!R24 -> 1 | N53: =計分版!S24 -> 1 | O53: =計分版!T24 -> 1
C54: 計分方式︰ | D54: ='Reference Score Calculation'!F4 -> 英數Best3 | F54: =IF(計分版!V24<1,0,計分版!V24) -> 0 | G54: =IF(計分版!W24<1,0,計分版!W24) -> 0 | H54: =IF(計分版!X24<1,0,計分版!X24) -> 0 | J54: =IF(計分版!Z24<1,0,計分版!Z24) -> 0 | K54: =IF(計分版!AA24<1,0,計分版!AA24) -> 0 | L54: =IF(計分版!AB24<1,0,計分版!AB24) -> 0 | M54: =IF(計分版!AC24<1,0,計分版!AC24) -> 0 | N54: =IF(計分版!AD24<1,0,計分版!AD24) -> 0 | O54: =IF(計分版!AE24<1,0,計分版!AE24) -> 0 | S54: =計分版!BF23 -> Best 5總分 x 1
F58: 中文 | G58: 英文 | H58: 數學 | J58: M1/2 | K58: X1 | L58: X2 | M58: X3
C59: LQ | D59: ='Reference Score Calculation'!J4 -> 48.56 | F59: ='Reference Score Calculation'!BI4 | G59: ='Reference Score Calculation'!BJ4 | H59: ='Reference Score Calculation'!BK4 | J59: ='Reference Score Calculation'!BM4 | K59: ='Reference Score Calculation'!BN4 | L59: ='Reference Score Calculation'!BO4 | M59: ='Reference Score Calculation'!BP4 | O59: ='Reference Score Calculation'!AT4 -> 此參考分數為院校公佈的 已計比重分數，沒有估算成份。
E60: 比重 | F60: ='Reference Score Calculation'!AZ4 | G60: ='Reference Score Calculation'!BA4 | H60: ='Reference Score Calculation'!BB4 | J60: ='Reference Score Calculation'!BD4 | K60: ='Reference Score Calculation'!BE4 | L60: ='Reference Score Calculation'!BF4 | M60: ='Reference Score Calculation'!BG4 | O60: ='Reference Score Calculation'!AU4
C61: 相差 | D61: =IFERROR(($D$52-D59)/D59,0) -> -1 | F61: ='Reference Score Calculation'!BY4 | G61: ='Reference Score Calculation'!BZ4 | H61: ='Reference Score Calculation'!CA4 | J61: ='Reference Score Calculation'!CC4 | K61: ='Reference Score Calculation'!CD4 | L61: ='Reference Score Calculation'!CE4 | M61: ='Reference Score Calculation'!CF4
F62: ='Reference Score Calculation'!CG4 | G62: ='Reference Score Calculation'!CH4 | H62: ='Reference Score Calculation'!CI4 | J62: ='Reference Score Calculation'!CK4 | K62: ='Reference Score Calculation'!CL4 | L62: ='Reference Score Calculation'!CM4 | M62: ='Reference Score Calculation'!CN4
F64: 中文 | G64: 英文 | H64: 數學 | J64: M1/2 | K64: X1 | L64: X2 | M64: X3
C65: Median | D65: ='Reference Score Calculation'!I4 -> 50.06 | F65: ='Reference Score Calculation'!CX4 | G65: ='Reference Score Calculation'!CY4 | H65: ='Reference Score Calculation'!CZ4 | J65: ='Reference Score Calculation'!DB4 | K65: ='Reference Score Calculation'!DC4 | L65: ='Reference Score Calculation'!DD4 | M65: ='Reference Score Calculation'!DE4
E66: 比重 | F66: ='Reference Score Calculation'!CO4 | G66: ='Reference Score Calculation'!CP4 | H66: ='Reference Score Calculation'!CQ4 | J66: ='Reference Score Calculation'!CS4 | K66: ='Reference Score Calculation'!CT4 | L66: ='Reference Score Calculation'!CU4 | M66: ='Reference Score Calculation'!CV4
C67: 相差 | D67: =IFERROR(($D$52-D65)/D65,0) -> -1 | F67: ='Reference Score Calculation'!DN4 | G67: ='Reference Score Calculation'!DO4 | H67: ='Reference Score Calculation'!DP4 | J67: ='Reference Score Calculation'!DR4 | K67: ='Reference Score Calculation'!DS4 | L67: ='Reference Score Calculation'!DT4 | M67: ='Reference Score Calculation'!DU4
F68: ='Reference Score Calculation'!DV4 | G68: ='Reference Score Calculation'!DW4 | H68: ='Reference Score Calculation'!DX4 | J68: ='Reference Score Calculation'!DZ4 | K68: ='Reference Score Calculation'!EA4 | L68: ='Reference Score Calculation'!EB4 | M68: ='Reference Score Calculation'!EC4
F70: 中文 | G70: 英文 | H70: 數學 | J70: M1/2 | K70: =IF(計分版!P$1="請選擇第一選修科","無",計分版!P$1) -> 無 | L70: =IF(計分版!Q$1="請選擇第二選修科","無",計分版!Q$1) -> 無 | M70: =IF(計分版!R$1="請選擇第三選修科","無",計分版!R$1) -> 無
C71: UQ | D71: ='Reference Score Calculation'!H4 | F71: =IF($E$8="PolyU",計分版!K31,'Reference Score Calculation'!EL4) | G71: =IF($E$8="PolyU",計分版!L31,'Reference Score Calculation'!EM4) | H71: =IF($E$8="PolyU",計分版!M31,'Reference Score Calculation'!EN4) | J71: =IF($E$8="PolyU",計分版!O31,'Reference Score Calculation'!EP4) | K71: =IF($E$8="PolyU",計分版!P31,'Reference Score Calculation'!EQ4) | L71: =IF($E$8="PolyU",計分版!Q31,'Reference Score Calculation'!ER4) | M71: =IF($E$8="PolyU",計分版!R31,'Reference Score Calculation'!ES4)
E72: 比重 | F72: =IF($E$8="PolyU",計分版!K26,'Reference Score Calculation'!ED4) | G72: =IF($E$8="PolyU",計分版!L26,'Reference Score Calculation'!EE4) | H72: =IF($E$8="PolyU",計分版!M26,'Reference Score Calculation'!EF4) | J72: =IF($E$8="PolyU",計分版!O26,'Reference Score Calculation'!EH4) | K72: =IF($E$8="PolyU",計分版!P26,'Reference Score Calculation'!EI4) | L72: =IF($E$8="PolyU",計分版!Q26,'Reference Score Calculation'!EJ4) | M72: =IF($E$8="PolyU",計分版!R26,'Reference Score Calculation'!EK4)
C73: =IF($E$8="PolyU","","相差") -> 相差 | D73: =IFERROR(IF(E$8="PolyU","",($D$52-D71)/D71),0) -> 0 | F73: =IF($E$8="PolyU",IF(計分版!V26<0.1,0,計分版!V26),'Reference Score Calculation'!FB4) | G73: =IF($E$8="PolyU",IF(計分版!W26<0.1,0,計分版!W26),'Reference Score Calculation'!FC4) | H73: =IF($E$8="PolyU",IF(計分版!X26<0.1,0,計分版!X26),'Reference Score Calculation'!FD4) | J73: =IF($E$8="PolyU",IF(計分版!Z26<0.1,0,計分版!Z26),'Reference Score Calculation'!FF4) | K73: =IF($E$8="PolyU",IF(計分版!AA26<0.1,0,計分版!AA26),'Reference Score Calculation'!FG4) | L73: =IF($E$8="PolyU",IF(計分版!AB26<0.1,0,計分版!AB26),'Reference Score Calculation'!FH4) | M73: =IF($E$8="PolyU",IF(計分版!AC26<0.1,0,計分版!AC26),'Reference Score Calculation'!FI4)
F74: ='Reference Score Calculation'!FJ4 | G74: ='Reference Score Calculation'!FK4 | H74: ='Reference Score Calculation'!FL4 | J74: ='Reference Score Calculation'!FN4 | K74: ='Reference Score Calculation'!FO4 | L74: ='Reference Score Calculation'!FP4 | M74: ='Reference Score Calculation'!FQ4

Sheet CityU
A1: 編號 | B1: 學院 | C1: 課程/學科 | E1: 25年新計分方式 | F1: 24年計分方式 | G1: Median | H1: LQ | I1: 你的分數 | J1: 差距(Median) | L1: 學額 | M1: 資格 | O1: 中 | P1: 英 | Q1: 數 | R1: 公 | S1: E1 | T1: E2 | AA1: Band A 競爭 | AB1: 取錄人數 | AC1: Total | AD1: Band A | AE1: Band B | AF1: Band C | AG1: Band D | AH1: Band E | AI1: 申請人數 | AJ1: Total | AK1: Band A | AL1: Band B | AM1: Band C | AN1: Band D | AO1: Band E
A2: ='Reference Score Calculation'!B13 -> JS1000 | B2: ='Reference Score Calculation'!D13 -> 商學院 | C2: ='Reference Score Calculation'!E13 -> 理學士(計算金融及金融科技) (專修：計算金融 / 金融科技) | D2: ='Reference Score Calculation'!S13 -> BScCFFT | E2: ='Reference Score Calculation'!AC13 -> 3C2X | F2: ='Reference Score Calculation'!F13 -> 3C2X | G2: ='Reference Score Calculation'!I13 -> 24.5 | H2: ='Reference Score Calculation'!J13 -> / | I2: =計分版!J36 -> 2.3e-09 | J2: =IFERROR(IF(J$1="差距(Median)",I2-G2,IF(J$1="差距(LQ)",I2-H2)),"/") -> -24.5 | K2: =IFERROR(IF(J$1="差距(Median)",(I2-G2)/I2,IF(J$1="差距(LQ)",(I2-H2)/I2)),"/") -> -1.0652174e+10 | L2: ='Reference Score Calculation'!U13 -> 10 | M2: =入學要求!Z22 -> 0 | N2: 請前往All in One 計分器查看比重、入學要求等詳情。 | O2: =入學要求!L22 -> 3 | P2: =入學要求!M22 -> 3 | Q2: =入學要求!N22 -> 4 | R2: =入學要求!O22 -> 1 | S2: =入學要求!P22 -> 3 | T2: =入學要求!Q22 -> 3 | U2: =入學要求!S22 -> 0 | V2: =入學要求!T22 -> 0 | W2: =入學要求!U22 -> 0 | X2: =入學要求!V22 -> 0 | Y2: =入學要求!W22 -> 0 | Z2: =入學要求!X22 -> 0 | AA2: =IFERROR(ROUND(AK2/AD2,2),"/") -> 40.5 | AB2: 2024年 | AC2: {=IFERROR(INDEX('Offer Statistics'!$Q$2:$Q$500,MATCH(1,(CityU!$A2='Offer Statistics'!$B$2:$B$500)*(CityU!$AB$2='Offer Statistics'!$K$2:$K$500),0)),"/")} -> 2 | AD2: {=IFERROR(INDEX('Offer Statistics'!L$2:L$500,MATCH(1,(CityU!$A2='Offer Statistics'!$B$2:$B$500)*(CityU!$AB$2='Offer Statistics'!$K$2:$K$500),0)),"/")} -> 2 | AE2: {=IFERROR(INDEX('Offer Statistics'!M$2:M$500,MATCH(1,(CityU!$A2='Offer Statistics'!$B$2:$B$500)*(CityU!$AB$2='Offer Statistics'!$K$2:$K$500),0)),"/")} -> 0 | AF2: {=IFERROR(INDEX('Offer Statistics'!N$2:N$500,MATCH(1,(CityU!$A2='Offer Statistics'!$B$2:$B$500)*(CityU!$AB$2='Offer Statistics'!$K$2:$K$500),0)),"/")} -> 0 | AG2: {=IFERROR(INDEX('Offer Statistics'!O$2:O$500,MATCH(1,(CityU!$A2='Offer Statistics'!$B$2:$B$500)*(CityU!$AB$2='Offer Statistics'!$K$2:$K$500),0)),"/")} -> 0 | AH2: {=IFERROR(INDEX('Offer Statistics'!P$2:P$500,MATCH(1,(CityU!$A2='Offer Statistics'!$B$2:$B$500)*(CityU!$AB$2='Offer Statistics'!$K$2:$K$500),0)),"/")} -> 0 | AI2: =AB2 -> 2024年 | AJ2: {=IFERROR(INDEX('Offer Statistics'!$I$2:$I$500,MATCH(1,(CityU!$A2='Offer Statistics'!$B$2:$B$500)*(CityU!$AB$2='Offer Statistics'!$C$2:$C$500),0)),"/")} -> 1254 | AK2: {=IFERROR(INDEX('Offer Statistics'!D$2:D$500,MATCH(1,(CityU!$A2='Offer Statistics'!$B$2:$B$500)*(CityU!$AB$2='Offer Statistics'!$C$2:$C$500),0)),"/")} -> 81 | AL2: {=IFERROR(INDEX('Offer Statistics'!E$2:E$500,MATCH(1,(CityU!$A2='Offer Statistics'!$B$2:$B$500)*(CityU!$AB$2='Offer Statistics'!$C$2:$C$500),0)),"/")} -> 151 | AM2: {=IFERROR(INDEX('Offer Statistics'!F$2:F$500,MATCH(1,(CityU!$A2='Offer Statistics'!$B$2:$B$500)*(CityU!$AB$2='Offer Statistics'!$C$2:$C$500),0)),"/")} -> 309 | AN2: {=IFERROR(INDEX('Offer Statistics'!G$2:G$500,MATCH(1,(CityU!$A2='Offer Statistics'!$B$2:$B$500)*(CityU!$AB$2='Offer Statistics'!$C$2:$C$500),0)),"/")} -> 390 | AO2: {=IFERROR(INDEX('Offer Statistics'!H$2:H$500,MATCH(1,(CityU!$A2='Offer Statistics'!$B$2:$B$500)*(CityU!$AB$2='Offer Statistics'!$C$2:$C$500),0)),"/")} -> 323 | AQ2: =A2 -> JS1000
A3: ='Reference Score Calculation'!B14 -> JS1001 | B3: ='Reference Score Calculation'!D14 -> 商學院 | C3: ='Reference Score Calculation'!E14 -> 工商管理學士(環球商業) (特點: 三次海外交流 / 美國哥倫比亞大學雙聯學士學位 / 海外暑期及遊學課程 / 商業諮詢課程 / 獎學金及資助) | D3: ='Reference Score Calculation'!S14 -> BBAGBU | E3: ='Reference Score Calculation'!AC14 -> 3C2X | F3: ='Reference Score Calculation'!F14 -> 3C2X | G3: ='Reference Score Calculation'!I14 -> 29 | H3: ='Reference Score Calculation'!J14 -> 25.5 | I3: =計分版!J37 -> 2.3e-09 | J3: =IFERROR(IF(J$1="差距(Median)",I3-G3,IF(J$1="差距(LQ)",I3-H3)),"/") -> -29 | K3: =IFERROR(IF(J$1="差距(Median)",(I3-G3)/I3,IF(J$1="差距(LQ)",(I3-H3)/I3)),"/") -> -1.2608696e+10 | L3: ='Reference Score Calculation'!U14 -> 15 | M3: =入學要求!Z23 -> 0 | O3: =入學要求!L23 -> 3 | P3: =入學要求!M23 -> 3 | Q3: =入學要求!N23 -> 3 | R3: =入學要求!O23 -> 1 | S3: =入學要求!P23 -> 3 | T3: =入學要求!Q23 -> 3 | U3: =入學要求!S23 -> 0 | V3: =入學要求!T23 -> 0 | W3: =入學要求!U23 -> 0 | X3: =入學要求!V23 -> 0 | Y3: =入學要求!W23 -> 0 | Z3: =入學要求!X23 -> 0 | AA3: =IFERROR(ROUND(AK3/AD3,2),"/") -> 100 | AC3: {=IFERROR(INDEX('Offer Statistics'!$Q$2:$Q$500,MATCH(1,(CityU!$A3='Offer Statistics'!$B$2:$B$500)*(CityU!$AB$2='Offer Statistics'!$K$2:$K$500),0)),"/")} -> 4 | AD3: {=IFERROR(INDEX('Offer Statistics'!L$2:L$500,MATCH(1,(CityU!$A3='Offer Statistics'!$B$2:$B$500)*(CityU!$AB$2='Offer Statistics'!$K$2:$K$500),0)),"/")} -> 1 | AE3: {=IFERROR(INDEX('Offer Statistics'!M$2:M$500,MATCH(1,(CityU!$A3='Offer Statistics'!$B$2:$B$500)*(CityU!$AB$2='Offer Statistics'!$K$2:$K$500),0)),"/")} -> 3 | AF3: {=IFERROR(INDEX('Offer Statistics'!N$2:N$500,MATCH(1,(CityU!$A3='Offer Statistics'!$B$2:$B$500)*(CityU!$AB$2='Offer Statistics'!$K$2:$K$500),0)),"/")} -> 0 | AG3: {=IFERROR(INDEX('Offer Statistics'!O$2:O$500,MATCH(1,(CityU!$A3='Offer Statistics'!$B$2:$B$500)*(CityU!$AB$2='Offer Statistics'!$K$2:$K$500),0)),"/")} -> 0 | AH3: {=IFERROR(INDEX('Offer Statistics'!P$2:P$500,MATCH(1,(CityU!$A3='Offer Statistics'!$B$2:$B$500)*(CityU!$AB$2='Offer Statistics'!$K$2:$K$500),0)),"/")} -> 0 | AJ3: {=IFERROR(INDEX('Offer Statistics'!$I$2:$I$500,MATCH(1,(CityU!$A3='Offer Statistics'!$B$2:$B$500)*(CityU!$AB$2='Offer Statistics'!$C$2:$C$500),0)),"/")} -> 1849 | AK3: {=IFERROR(INDEX('Offer Statistics'!D$2:D$500,MATCH(1,(CityU!$A3='Offer Statistics'!$B$2:$B$500)*(CityU!$AB$2='Offer Statistics'!$C$2:$C$500),0)),"/")} -> 100 | AL3: {=IFERROR(INDEX('Offer Statistics'!E$2:E$500,MATCH(1,(CityU!$A3='Offer Statistics'!$B$2:$B$500)*(CityU!$AB$2='Offer Statistics'!$C$2:$C$500),0)),"/")} -> 292 | AM3: {=IFERROR(INDEX('Offer Statistics'!F$2:F$500,MATCH(1,(CityU!$A3='Offer Statistics'!$B$2:$B$500)*(CityU!$AB$2='Offer Statistics'!$C$2:$C$500),0)),"/")} -> 443 | AN3: {=IFERROR(INDEX('Offer Statistics'!G$2:G$500,MATCH(1,(CityU!$A3='Offer Statistics'!$B$2:$B$500)*(CityU!$AB$2='Offer Statistics'!$C$2:$C$500),0)),"/")} -> 564 | AO3: {=IFERROR(INDEX('Offer Statistics'!H$2:H$500,MATCH(1,(CityU!$A3='Offer Statistics'!$B$2:$B$500)*(CityU!$AB$2='Offer Statistics'!$C$2:$C$500),0)),"/")} -> 450 | AQ3: =A3 -> JS1001
A4: ='Reference Score Calculation'!B15 -> JS1002 | B4: ='Reference Score Calculation'!D15 -> 商學院 | C4: ='Reference Score Calculation'!E15 -> 工商管理學士(會計) (專修: 專業會計 / 環境，社會，治理和科技) | D4: ='Reference Score Calculation'!S15 -> BBAAC | E4: ='Reference Score Calculation'!AC15 -> Best 5 | F4: ='Reference Score Calculation'!F15 -> Best 5 | G4: ='Reference Score Calculation'!I15 -> 20.5 | H4: ='Reference Score Calculation'!J15 -> 20 | I4: =計分版!J38 -> 3.3e-09 | J4: =IFERROR(IF(J$1="差距(Median)",I4-G4,IF(J$1="差距(LQ)",I4-H4)),"/") -> -20.5 | K4: =IFERROR(IF(J$1="差距(Median)",(I4-G4)/I4,IF(J$1="差距(LQ)",(I4-H4)/I4)),"/") -> -6.2121212e+09 | L4: ='Reference Score Calculation'!U15 -> 148 | M4: =入學要求!Z24 -> 0 | O4: =入學要求!L24 -> 3 | P4: =入學要求!M24 -> 3 | Q4: =入學要求!N24 -> 3 | R4: =入學要求!O24 -> 1 | S4: =入學要求!P24 -> 3 | T4: =入學要求!Q24 -> 3 | U4: =入學要求!S24 -> 0 | V4: =入學要求!T24 -> 0 | W4: =入學要求!U24 -> 0 | X4: =入學要求!V24 -> 0 | Y4: =入學要求!W24 -> 0 | Z4: =入學要求!X24 -> 0 | AA4: =IFERROR(ROUND(AK4/AD4,2),"/") -> 8.02 | AC4: {=IFERROR(INDEX('Offer Statistics'!$Q$2:$Q$500,MATCH(1,(CityU!$A4='Offer Statistics'!$B$2:$B$500)*(CityU!$AB$2='Offer Statistics'!$K$2:$K$500),0)),"/")} -> 131 | AD4: {=IFERROR(INDEX('Offer Statistics'!L$2:L$500,MATCH(1,(CityU!$A4='Offer Statistics'!$B$2:$B$500)*(CityU!$AB$2='Offer Statistics'!$K$2:$K$500),0)),"/")} -> 127 | AE4: {=IFERROR(INDEX('Offer Statistics'!M$2:M$500,MATCH(1,(CityU!$A4='Offer Statistics'!$B$2:$B$500)*(CityU!$AB$2='Offer Statistics'!$K$2:$K$500),0)),"/")} -> 2 | AF4: {=IFERROR(INDEX('Offer Statistics'!N$2:N$500,MATCH(1,(CityU!$A4='Offer Statistics'!$B$2:$B$500)*(CityU!$AB$2='Offer Statistics'!$K$2:$K$500),0)),"/")} -> 1 | AG4: {=IFERROR(INDEX('Offer Statistics'!O$2:O$500,MATCH(1,(CityU!$A4='Offer Statistics'!$B$2:$B$500)*(CityU!$AB$2='Offer Statistics'!$K$2:$K$500),0)),"/")} -> 1 | AH4: {=IFERROR(INDEX('Offer Statistics'!P$2:P$500,MATCH(1,(CityU!$A4='Offer Statistics'!$B$2:$B$500)*(CityU!$AB$2='Offer Statistics'!$K$2:$K$500),0)),"/")} -> 0 | AJ4: {=IFERROR(INDEX('Offer Statistics'!$I$2:$I$500,MATCH(1,(CityU!$A4='Offer Statistics'!$B$2:$B$500)*(CityU!$AB$2='Offer Statistics'!$C$2:$C$500),0)),"/")} -> 4045 | AK4: {=IFERROR(INDEX('Offer Statistics'!D$2:D$500,MATCH(1,(CityU!$A4='Offer Statistics'!$B$2:$B$500)*(CityU!$AB$2='Offer Statistics'!$C$2:$C$500),0)),"/")} -> 1018 | AL4: {=IFERROR(INDEX('Offer Statistics'!E$2:E$500,MATCH(1,(CityU!$A4='Offer Statistics'!$B$2:$B$500)*(CityU!$AB$2='Offer Statistics'!$C$2:$C$500),0)),"/")} -> 758 | AM4: {=IFERROR(INDEX('Offer Statistics'!F$2:F$500,MATCH(1,(CityU!$A4='Offer Statistics'!$B$2:$B$500)*(CityU!$AB$2='Offer Statistics'!$C$2:$C$500),0)),"/")} -> 904 | AN4: {=IFERROR(INDEX('Offer Statistics'!G$2:G$500,MATCH(1,(CityU!$A4='Offer Statistics'!$B$2:$B$500)*(CityU!$AB$2='Offer Statistics'!$C$2:$C$500),0)),"/")} -> 852 | AO4: {=IFERROR(INDEX('Offer Statistics'!H$2:H$500,MATCH(1,(CityU!$A4='Offer Statistics'!$B$2:$B$500)*(CityU!$AB$2='Offer Statistics'!$C$2:$C$500),0)),"/")} -> 513 | AQ4: =A4 -> JS1002
A5: ='Reference Score Calculation'!B16 -> JS1005 | B5: ='Reference Score Calculation'!D16 -> 商學院 | C5: ='Reference Score Calculation'!E16 -> 工商管理學士 (管理學 ) (專修 : 人 力資源管理 / 策略及國際管理 ) | D5: ='Reference Score Calculation'!S16 -> BBAMGMT | E5: ='Reference Score Calculation'!AC16 -> Best 5 | F5: ='Reference Score Calculation'!F16 -> Best 5 | G5: ='Reference Score Calculation'!I16 -> 20.5 | H5: ='Reference Score Calculation'!J16 -> 20.5 | I5: =計分版!J39 -> 3.3e-09 | J5: =IFERROR(IF(J$1="差距(Median)",I5-G5,IF(J$1="差距(LQ)",I5-H5)),"/") -> -20.5 | K5: =IFERROR(IF(J$1="差距(Median)",(I5-G5)/I5,IF(J$1="差距(LQ)",(I5-H5)/I5)),"/") -> -6.2121212e+09 | L5: ='Reference Score Calculation'!U16 -> 58 | M5: =入學要求!Z25 -> 0 | O5: =入學要求!L25 -> 3 | P5: =入學要求!M25 -> 3 | Q5: =入學要求!N25 -> 3 | R5: =入學要求!O25 -> 1 | S5: =入學要求!P25 -> 3 | T5: =入學要求!Q25 -> 3 | U5: =入學要求!S25 -> 0 | V5: =入學要求!T25 -> 0 | W5: =入學要求!U25 -> 0 | X5: =入學要求!V25 -> 0 | Y5: =入學要求!W25 -> 0 | Z5: =入學要求!X25 -> 0 | AA5: =IFERROR(ROUND(AK5/AD5,2),"/") -> 19.22 | AC5: {=IFERROR(INDEX('Offer Statistics'!$Q$2:$Q$500,MATCH(1,(CityU!$A5='Offer Statistics'!$B$2:$B$500)*(CityU!$AB$2='Offer Statistics'!$K$2:$K$500),0)),"/")} -> 42 | AD5: {=IFERROR(INDEX('Offer Statistics'!L$2:L$500,MATCH(1,(CityU!$A5='Offer Statistics'!$B$2:$B$500)*(CityU!$AB$2='Offer Statistics'!$K$2:$K$500),0)),"/")} -> 37 | AE5: {=IFERROR(INDEX('Offer Statistics'!M$2:M$500,MATCH(1,(CityU!$A5='Offer Statistics'!$B$2:$B$500)*(CityU!$AB$2='Offer Statistics'!$K$2:$K$500),0)),"/")} -> 5 | AF5: {=IFERROR(INDEX('Offer Statistics'!N$2:N$500,MATCH(1,(CityU!$A5='Offer Statistics'!$B$2:$B$500)*(CityU!$AB$2='Offer Statistics'!$K$2:$K$500),0)),"/")} -> 0 | AG5: {=IFERROR(INDEX('Offer Statistics'!O$2:O$500,MATCH(1,(CityU!$A5='Offer Statistics'!$B$2:$B$500)*(CityU!$AB$2='Offer Statistics'!$K$2:$K$500),0)),"/")} -> 0 | AH5: {=IFERROR(INDEX('Offer Statistics'!P$2:P$500,MATCH(1,(CityU!$A5='Offer Statistics'!$B$2:$B$500)*(CityU!$AB$2='Offer Statistics'!$K$2:$K$500),0)),"/")} -> 0 | AJ5: {=IFERROR(INDEX('Offer Statistics'!$I$2:$I$500,MATCH(1,(CityU!$A5='Offer Statistics'!$B$2:$B$500)*(CityU!$AB$2='Offer Statistics'!$C$2:$C$500),0)),"/")} -> 5157 | AK5: {=IFERROR(INDEX('Offer Statistics'!D$2:D$500,MATCH(1,(CityU!$A5='Offer Statistics'!$B$2:$B$500)*(CityU!$AB$2='Offer Statistics'!$C$2:$C$500),0)),"/")} -> 711 | AL5: {=IFERROR(INDEX('Offer Statistics'!E$2:E$500,MATCH(1,(CityU!$A5='Offer Statistics'!$B$2:$B$500)*(CityU!$AB$2='Offer Statistics'!$C$2:$C$500),0)),"/")} -> 934 | AM5: {=IFERROR(INDEX('Offer Statistics'!F$2:F$500,MATCH(1,(CityU!$A5='Offer Statistics'!$B$2:$B$500)*(CityU!$AB$2='Offer Statistics'!$C$2:$C$500),0)),"/")} -> 1352 | AN5: {=IFERROR(INDEX('Offer Statistics'!G$2:G$500,MATCH(1,(CityU!$A5='Offer Statistics'!$B$2:$B$500)*(CityU!$AB$2='Offer Statistics'!$C$2:$C$500),0)),"/")} -> 1343 | AO5: {=IFERROR(INDEX('Offer Statistics'!H$2:H$500,MATCH(1,(CityU!$A5='Offer Statistics'!$B$2:$B$500)*(CityU!$AB$2='Offer Statistics'!$C$2:$C$500),0)),"/")} -> 817 | AQ5: =A5 -> JS1005
A6: ='Reference Score Calculation'!B17 -> JS1007 | B6: ='Reference Score Calculation'!D17 -> 商學院 | C6: ='Reference Score Calculation'!E17 -> 工商管理學士(市場營銷) (專修: 環球市場營銷 / 營銷數據分析) | D6: ='Reference Score Calculation'!S17 -> BBAMKT | E6: ='Reference Score Calculation'!AC17 -> 3C2X | F6: ='Reference Score Calculation'!F17 -> 3C2X | G6: ='Reference Score Calculation'!I17 -> 23.5 | H6: ='Reference Score Calculation'!J17 -> 22 | I6: =計分版!J40 -> 2.4e-09 | J6: =IFERROR(IF(J$1="差距(Median)",I6-G6,IF(J$1="差距(LQ)",I6-H6)),"/") -> -23.5 | K6: =IFERROR(IF(J$1="差距(Median)",(I6-G6)/I6,IF(J$1="差距(LQ)",(I6-H6)/I6)),"/") -> -9.7916667e+09 | L6: ='Reference Score Calculation'!U17 -> 82 | M6: =入學要求!Z26 -> 0 | O6: =入學要求!L26 -> 3 | P6: =入學要求!M26 -> 3 | Q6: =入學要求!N26 -> 3 | R6: =入學要求!O26 -> 1 | S6: =入學要求!P26 -> 3 | T6: =入學要求!Q26 -> 3 | U6: =入學要求!S26 -> 0 | V6: =入學要求!T26 -> 0 | W6: =入學要求!U26 -> 0 | X6: =入學要求!V26 -> 0 | Y6: =入學要求!W26 -> 0 | Z6: =入學要求!X26 -> 0 | AA6: =IFERROR(ROUND(AK6/AD6,2),"/") -> 12.97 | AC6: {=IFERROR(INDEX('Offer Statistics'!$Q$2:$Q$500,MATCH(1,(CityU!$A6='Offer Statistics'!$B$2:$B$500)*(CityU!$AB$2='Offer Statistics'!$K$2:$K$500),0)),"/")} -> 76 | AD6: {=IFERROR(INDEX('Offer Statistics'!L$2:L$500,MATCH(1,(CityU!$A6='Offer Statistics'!$B$2:$B$500)*(CityU!$AB$2='Offer Statistics'!$K$2:$K$500),0)),"/")} -> 72 | AE6: {=IFERROR(INDEX('Offer Statistics'!M$2:M$500,MATCH(1,(CityU!$A6='Offer Statistics'!$B$2:$B$500)*(CityU!$AB$2='Offer Statistics'!$K$2:$K$500),0)),"/")} -> 3 | AF6: {=IFERROR(INDEX('Offer Statistics'!N$2:N$500,MATCH(1,(CityU!$A6='Offer Statistics'!$B$2:$B$500)*(CityU!$AB$2='Offer Statistics'!$K$2:$K$500),0)),"/")} -> 0 | AG6: {=IFERROR(INDEX('Offer Statistics'!O$2:O$500,MATCH(1,(CityU!$A6='Offer Statistics'!$B$2:$B$500)*(CityU!$AB$2='Offer Statistics'!$K$2:$K$500),0)),"/")} -> 0 | AH6: {=IFERROR(INDEX('Offer Statistics'!P$2:P$500,MATCH(1,(CityU!$A6='Offer Statistics'!$B$2:$B$500)*(CityU!$AB$2='Offer Statistics'!$K$2:$K$500),0)),"/")} -> 1 | AJ6: {=IFERROR(INDEX('Offer Statistics'!$I$2:$I$500,MATCH(1,(CityU!$A6='Offer Statistics'!$B$2:$B$500)*(CityU!$AB$2='Offer Statistics'!$C$2:$C$500),0)),"/")} -> 5069 | AK6: {=IFERROR(INDEX('Offer Statistics'!D$2:D$500,MATCH(1,(CityU!$A6='Offer Statistics'!$B$2:$B$500)*(CityU!$AB$2='Offer Statistics'!$C$2:$C$500),0)),"/")} -> 934 | AL6: {=IFERROR(INDEX('Offer Statistics'!E$2:E$500,MATCH(1,(CityU!$A6='Offer Statistics'!$B$2:$B$500)*(CityU!$AB$2='Offer Statistics'!$C$2:$C$500),0)),"/")} -> 973 | AM6: {=IFERROR(INDEX('Offer Statistics'!F$2:F$500,MATCH(1,(CityU!$A6='Offer Statistics'!$B$2:$B$500)*(CityU!$AB$2='Offer Statistics'!$C$2:$C$500),0)),"/")} -> 1184 | AN6: {=IFERROR(INDEX('Offer Statistics'!G$2:G$500,MATCH(1,(CityU!$A6='Offer Statistics'!$B$2:$B$500)*(CityU!$AB$2='Offer Statistics'!$C$2:$C$500),0)),"/")} -> 1160 | AO6: {=IFERROR(INDEX('Offer Statistics'!H$2:H$500,MATCH(1,(CityU!$A6='Offer Statistics'!$B$2:$B$500)*(CityU!$AB$2='Offer Statistics'!$C$2:$C$500),0)),"/")} -> 818 | AQ6: =A6 -> JS1007
A7: ='Reference Score Calculation'!B18 -> JS1012 | B7: ='Reference Score Calculation'!D18 -> 商學院 | C7: ='Reference Score Calculation'!E18 -> 經濟及金融 [主修: 工商管理學士(商業經濟) / 工商管理學士(金融)] | D7: ='Reference Score Calculation'!S18 -> EF | E7: ='Reference Score Calculation'!AC18 -> Best 5 | F7: ='Reference Score Calculation'!F18 -> Best 5 | G7: ='Reference Score Calculation'!I18 -> 21.5 | H7: ='Reference Score Calculation'!J18 -> 21.5 | I7: =計分版!J41 -> 3.3e-09 | J7: =IFERROR(IF(J$1="差距(Median)",I7-G7,IF(J$1="差距(LQ)",I7-H7)),"/") -> -21.5 | K7: =IFERROR(IF(J$1="差距(Median)",(I7-G7)/I7,IF(J$1="差距(LQ)",(I7-H7)/I7)),"/") -> -6.5151515e+09 | L7: ='Reference Score Calculation'!U18 -> 29 | M7: =入學要求!Z27 -> 0 | O7: =入學要求!L27 -> 3 | P7: =入學要求!M27 -> 3 | Q7: =入學要求!N27 -> 3 | R7: =入學要求!O27 -> 1 | S7: =入學要求!P27 -> 3 | T7: =入學要求!Q27 -> 3 | U7: =入學要求!S27 -> 0 | V7: =入學要求!T27 -> 0 | W7: =入學要求!U27 -> 0 | X7: =入學要求!V27 -> 0 | Y7: =入學要求!W27 -> 0 | Z7: =入學要求!X27 -> 0 | AA7: =IFERROR(ROUND(AK7/AD7,2),"/") -> 11.76 | AC7: {=IFERROR(INDEX('Offer Statistics'!$Q$2:$Q$500,MATCH(1,(CityU!$A7='Offer Statistics'!$B$2:$B$500)*(CityU!$AB$2='Offer Statistics'!$K$2:$K$500),0)),"/")} -> 21 | AD7: {=IFERROR(INDEX('Offer Statistics'!L$2:L$500,MATCH(1,(CityU!$A7='Offer Statistics'!$B$2:$B$500)*(CityU!$AB$2='Offer Statistics'!$K$2:$K$500),0)),"/")} -> 21 | AE7: {=IFERROR(INDEX('Offer Statistics'!M$2:M$500,MATCH(1,(CityU!$A7='Offer Statistics'!$B$2:$B$500)*(CityU!$AB$2='Offer Statistics'!$K$2:$K$500),0)),"/")} -> 0 | AF7: {=IFERROR(INDEX('Offer Statistics'!N$2:N$500,MATCH(1,(CityU!$A7='Offer Statistics'!$B$2:$B$500)*(CityU!$AB$2='Offer Statistics'!$K$2:$K$500),0)),"/")} -> 0 | AG7: {=IFERROR(INDEX('Offer Statistics'!O$2:O$500,MATCH(1,(CityU!$A7='Offer Statistics'!$B$2:$B$500)*(CityU!$AB$2='Offer Statistics'!$K$2:$K$500),0)),"/")} -> 0 | AH7: {=IFERROR(INDEX('Offer Statistics'!P$2:P$500,MATCH(1,(CityU!$A7='Offer Statistics'!$B$2:$B$500)*(CityU!$AB$2='Offer Statistics'!$K$2:$K$500),0)),"/")} -> 0 | AJ7: {=IFERROR(INDEX('Offer Statistics'!$I$2:$I$500,MATCH(1,(CityU!$A7='Offer Statistics'!$B$2:$B$500)*(CityU!$AB$2='Offer Statistics'!$C$2:$C$500),0)),"/")} -> 2986 | AK7: {=IFERROR(INDEX('Offer Statistics'!D$2:D$500,MATCH(1,(CityU!$A7='Offer Statistics'!$B$2:$B$500)*(CityU!$AB$2='Offer Statistics'!$C$2:$C$500),0)),"/")} -> 247 | AL7: {=IFERROR(INDEX('Offer Statistics'!E$2:E$500,MATCH(1,(CityU!$A7='Offer Statistics'!$B$2:$B$500)*(CityU!$AB$2='Offer Statistics'!$C$2:$C$500),0)),"/")} -> 488 | AM7: {=IFERROR(INDEX('Offer Statistics'!F$2:F$500,MATCH(1,(CityU!$A7='Offer Statistics'!$B$2:$B$500)*(CityU!$AB$2='Offer Statistics'!$C$2:$C$500),0)),"/")} -> 767 | AN7: {=IFERROR(INDEX('Offer Statistics'!G$2:G$500,MATCH(1,(CityU!$A7='Offer Statistics'!$B$2:$B$500)*(CityU!$AB$2='Offer Statistics'!$C$2:$C$500),0)),"/")} -> 911 | AO7: {=IFERROR(INDEX('Offer Statistics'!H$2:H$500,MATCH(1,(CityU!$A7='Offer Statistics'!$B$2:$B$500)*(CityU!$AB$2='Offer Statistics'!$C$2:$C$500),0)),"/")} -> 573 | AQ7: =A7 -> JS1012
A8: ='Reference Score Calculation'!B19 -> JS1013 | B8: ='Reference Score Calculation'!D19 -> 商學院 | C8: ='Reference Score Calculation'!E19 -> 工商管理學士(商業經濟) (特點: 經濟理論 / 國際經濟 / 經濟與商業預測 / 定量分析) | D8: ='Reference Score Calculation'!S19 -> BBABE | E8: ='Reference Score Calculation'!AC19 -> Best 5 | F8: ='Reference Score Calculation'!F19 -> Best 5 | G8: ='Reference Score Calculation'!I19 -> 20.5 | H8: ='Reference Score Calculation'!J19 -> 20.5 | I8: =計分版!J42 -> 3.3e-09 | J8: =IFERROR(IF(J$1="差距(Median)",I8-G8,IF(J$1="差距(LQ)",I8-H8)),"/") -> -20.5 | K8: =IFERROR(IF(J$1="差距(Median)",(I8-G8)/I8,IF(J$1="差距(LQ)",(I8-H8)/I8)),"/") -> -6.2121212e+09 | L8: ='Reference Score Calculation'!U19 -> 31 | M8: =入學要求!Z28 -> 0 | O8: =入學要求!L28 -> 3 | P8: =入學要求!M28 -> 3 | Q8: =入學要求!N28 -> 3 | R8: =入學要求!O28 -> 1 | S8: =入學要求!P28 -> 3 | T8: =入學要求!Q28 -> 3 | U8: =入學要求!S28 -> 0 | V8: =入學要求!T28 -> 0 | W8: =入學要求!U28 -> 0 | X8: =入學要求!V28 -> 0 | Y8: =入學要求!W28 -> 0 | Z8: =入學要求!X28 -> 0 | AA8: =IFERROR(ROUND(AK8/AD8,2),"/") -> 14.88 | AC8: {=IFERROR(INDEX('Offer Statistics'!$Q$2:$Q$500,MATCH(1,(CityU!$A8='Offer Statistics'!$B$2:$B$500)*(CityU!$AB$2='Offer Statistics'!$K$2:$K$500),0)),"/")} -> 32 | AD8: {=IFERROR(INDEX('Offer Statistics'!L$2:L$500,MATCH(1,(CityU!$A8='Offer Statistics'!$B$2:$B$500)*(CityU!$AB$2='Offer Statistics'!$K$2:$K$500),0)),"/")} -> 32 | AE8: {=IFERROR(INDEX('Offer Statistics'!M$2:M$500,MATCH(1,(CityU!$A8='Offer Statistics'!$B$2:$B$500)*(CityU!$AB$2='Offer Statistics'!$K$2:$K$500),0)),"/")} -> 0 | AF8: {=IFERROR(INDEX('Offer Statistics'!N$2:N$500,MATCH(1,(CityU!$A8='Offer Statistics'!$B$2:$B$500)*(CityU!$AB$2='Offer Statistics'!$K$2:$K$500),0)),"/")} -> 0 | AG8: {=IFERROR(INDEX('Offer Statistics'!O$2:O$500,MATCH(1,(CityU!$A8='Offer Statistics'!$B$2:$B$500)*(CityU!$AB$2='Offer Statistics'!$K$2:$K$500),0)),"/")} -> 0 | AH8: {=IFERROR(INDEX('Offer Statistics'!P$2:P$500,MATCH(1,(CityU!$A8='Offer Statistics'!$B$2:$B$500)*(CityU!$AB$2='Offer Statistics'!$K$2:$K$500),0)),"/")} -> 0 | AJ8: {=IFERROR(INDEX('Offer Statistics'!$I$2:$I$500,MATCH(1,(CityU!$A8='Offer Statistics'!$B$2:$B$500)*(CityU!$AB$2='Offer Statistics'!$C$2:$C$500),0)),"/")} -> 3752 | AK8: {=IFERROR(INDEX('Offer Statistics'!D$2:D$500,MATCH(1,(CityU!$A8='Offer Statistics'!$B$2:$B$500)*(CityU!$AB$2='Offer Statistics'!$C$2:$C$500),0)),"/")} -> 476 | AL8: {=IFERROR(INDEX('Offer Statistics'!E$2:E$500,MATCH(1,(CityU!$A8='Offer Statistics'!$B$2:$B$500)*(CityU!$AB$2='Offer Statistics'!$C$2:$C$500),0)),"/")} -> 633 | AM8: {=IFERROR(INDEX('Offer Statistics'!F$2:F$500,MATCH(1,(CityU!$A8='Offer Statistics'!$B$2:$B$500)*(CityU!$AB$2='Offer Statistics'!$C$2:$C$500),0)),"/")} -> 965 | AN8: {=IFERROR(INDEX('Offer Statistics'!G$2:G$500,MATCH(1,(CityU!$A8='Offer Statistics'!$B$2:$B$500)*(CityU!$AB$2='Offer Statistics'!$C$2:$C$500),0)),"/")} -> 972 | AO8: {=IFERROR(INDEX('Offer Statistics'!H$2:H$500,MATCH(1,(CityU!$A8='Offer Statistics'!$B$2:$B$500)*(CityU!$AB$2='Offer Statistics'!$C$2:$C$500),0)),"/")} -> 706 | AQ8: =A8 -> JS1013
A9: ='Reference Score Calculation'!B20 -> JS1014 | B9: ='Reference Score Calculation'!D20 -> 商學院 | C9: ='Reference Score Calculation'!E20 -> 工商管理學士(金融) (特點: 投資分析 / 金融市場 / 公司金融/ 風險管理 / 交易室工作坊) | D9: ='Reference Score Calculation'!S20 -> BBAFIN | E9: ='Reference Score Calculation'!AC20 -> Best 5 | F9: ='Reference Score Calculation'!F20 -> Best 5 | G9: ='Reference Score Calculation'!I20 -> 20.5 | H9: ='Reference Score Calculation'!J20 -> 20.5 | I9: =計分版!J43 -> 3.3e-09 | J9: =IFERROR(IF(J$1="差距(Median)",I9-G9,IF(J$1="差距(LQ)",I9-H9)),"/") -> -20.5 | K9: =IFERROR(IF(J$1="差距(Median)",(I9-G9)/I9,IF(J$1="差距(LQ)",(I9-H9)/I9)),"/") -> -6.2121212e+09 | L9: ='Reference Score Calculation'!U20 -> 96 | M9: =入學要求!Z29 -> 0 | O9: =入學要求!L29 -> 3 | P9: =入學要求!M29 -> 3 | Q9: =入學要求!N29 -> 3 | R9: =入學要求!O29 -> 1 | S9: =入學要求!P29 -> 3 | T9: =入學要求!Q29 -> 3 | U9: =入學要求!S29 -> 0 | V9: =入學要求!T29 -> 0 | W9: =入學要求!U29 -> 0 | X9: =入學要求!V29 -> 0 | Y9: =入學要求!W29 -> 0 | Z9: =入學要求!X29 -> 0 | AA9: =IFERROR(ROUND(AK9/AD9,2),"/") -> 7.41 | AC9: {=IFERROR(INDEX('Offer Statistics'!$Q$2:$Q$500,MATCH(1,(CityU!$A9='Offer Statistics'!$B$2:$B$500)*(CityU!$AB$2='Offer Statistics'!$K$2:$K$500),0)),"/")} -> 102 | AD9: {=IFERROR(INDEX('Offer Statistics'!L$2:L$500,MATCH(1,(CityU!$A9='Offer Statistics'!$B$2:$B$500)*(CityU!$AB$2='Offer Statistics'!$K$2:$K$500),0)),"/")} -> 102 | AE9: {=IFERROR(INDEX('Offer Statistics'!M$2:M$500,MATCH(1,(CityU!$A9='Offer Statistics'!$B$2:$B$500)*(CityU!$AB$2='Offer Statistics'!$K$2:$K$500),0)),"/")} -> 0 | AF9: {=IFERROR(INDEX('Offer Statistics'!N$2:N$500,MATCH(1,(CityU!$A9='Offer Statistics'!$B$2:$B$500)*(CityU!$AB$2='Offer Statistics'!$K$2:$K$500),0)),"/")} -> 0 | AG9: {=IFERROR(INDEX('Offer Statistics'!O$2:O$500,MATCH(1,(CityU!$A9='Offer Statistics'!$B$2:$B$500)*(CityU!$AB$2='Offer Statistics'!$K$2:$K$500),0)),"/")} -> 0 | AH9: {=IFERROR(INDEX('Offer Statistics'!P$2:P$500,MATCH(1,(CityU!$A9='Offer Statistics'!$B$2:$B$500)*(CityU!$AB$2='Offer Statistics'!$K$2:$K$500),0)),"/")} -> 0 | AJ9: {=IFERROR(INDEX('Offer Statistics'!$I$2:$I$500,MATCH(1,(CityU!$A9='Offer Statistics'!$B$2:$B$500)*(CityU!$AB$2='Offer Statistics'!$C$2:$C$500),0)),"/")} -> 4249 | AK9: {=IFERROR(INDEX('Offer Statistics'!D$2:D$500,MATCH(1,(CityU!$A9='Offer Statistics'!$B$2:$B$500)*(CityU!$AB$2='Offer Statistics'!$C$2:$C$500),0)),"/")} -> 756 | AL9: {=IFERROR(INDEX('Offer Statistics'!E$2:E$500,MATCH(1,(CityU!$A9='Offer Statistics'!$B$2:$B$500)*(CityU!$AB$2='Offer Statistics'!$C$2:$C$500),0)),"/")} -> 863 | AM9: {=IFERROR(INDEX('Offer Statistics'!F$2:F$500,MATCH(1,(CityU!$A9='Offer Statistics'!$B$2:$B$500)*(CityU!$AB$2='Offer Statistics'!$C$2:$C$500),0)),"/")} -> 953 | AN9: {=IFERROR(INDEX('Offer Statistics'!G$2:G$500,MATCH(1,(CityU!$A9='Offer Statistics'!$B$2:$B$500)*(CityU!$AB$2='Offer Statistics'!$C$2:$C$500),0)),"/")} -> 999 | AO9: {=IFERROR(INDEX('Offer Statistics'!H$2:H$500,MATCH(1,(CityU!$A9='Offer Statistics'!$B$2:$B$500)*(CityU!$AB$2='Offer Statistics'!$C$2:$C$500),0)),"/")} -> 678 | AQ9: =A9 -> JS1014
A10: ='Reference Score Calculation'!B21 -> JS1017 | B10: ='Reference Score Calculation'!D21 -> 商學院 | C10: ='Reference Score Calculation'!E21 -> 資訊系統學 [主修: 工商管理學士(環球商業系統管理) 、工商管理學士(資訊管理)] | D10: ='Reference Score Calculation'!S21 -> IS | E10: ='Reference Score Calculation'!AC21 -> 3C2X | F10: ='Reference Score Calculation'!F21 -> 3C2X | G10: ='Reference Score Calculation'!I21 -> 20.5 | H10: ='Reference Score Calculation'!J21 -> 19.5 | I10: =計分版!J44 -> 2.3e-09 | J10: =IFERROR(IF(J$1="差距(Median)",I10-G10,IF(J$1="差距(LQ)",I10-H10)),"/") -> -20.5 | K10: =IFERROR(IF(J$1="差距(Median)",(I10-G10)/I10,IF(J$1="差距(LQ)",(I10-H10)/I10)),"/") -> -8.9130435e+09 | L10: ='Reference Score Calculation'!U21 -> 62 | M10: =入學要求!Z30 -> 0 | O10: =入學要求!L30 -> 3 | P10: =入學要求!M30 -> 3 | Q10: =入學要求!N30 -> 3 | R10: =入學要求!O30 -> 1 | S10: =入學要求!P30 -> 3 | T10: =入學要求!Q30 -> 3 | U10: =入學要求!S30 -> 0 | V10: =入學要求!T30 -> 0 | W10: =入學要求!U30 -> 0 | X10: =入學要求!V30 -> 0 | Y10: =入學要求!W30 -> 0 | Z10: =入學要求!X30 -> 0 | AA10: =IFERROR(ROUND(AK10/AD10,2),"/") -> 5.96 | AC10: {=IFERROR(INDEX('Offer Statistics'!$Q$2:$Q$500,MATCH(1,(CityU!$A10='Offer Statistics'!$B$2:$B$500)*(CityU!$AB$2='Offer Statistics'!$K$2:$K$500),0)),"/")} -> 59 | AD10: {=IFERROR(INDEX('Offer Statistics'!L$2:L$500,MATCH(1,(CityU!$A10='Offer Statistics'!$B$2:$B$500)*(CityU!$AB$2='Offer Statistics'!$K$2:$K$500),0)),"/")} -> 54 | AE10: {=IFERROR(INDEX('Offer Statistics'!M$2:M$500,MATCH(1,(CityU!$A10='Offer Statistics'!$B$2:$B$500)*(CityU!$AB$2='Offer Statistics'!$K$2:$K$500),0)),"/")} -> 4 | AF10: {=IFERROR(INDEX('Offer Statistics'!N$2:N$500,MATCH(1,(CityU!$A10='Offer Statistics'!$B$2:$B$500)*(CityU!$AB$2='Offer Statistics'!$K$2:$K$500),0)),"/")} -> 0 | AG10: {=IFERROR(INDEX('Offer Statistics'!O$2:O$500,MATCH(1,(CityU!$A10='Offer Statistics'!$B$2:$B$500)*(CityU!$AB$2='Offer Statistics'!$K$2:$K$500),0)),"/")} -> 1 | AH10: {=IFERROR(INDEX('Offer Statistics'!P$2:P$500,MATCH(1,(CityU!$A10='Offer Statistics'!$B$2:$B$500)*(CityU!$AB$2='Offer Statistics'!$K$2:$K$500),0)),"/")} -> 0 | AJ10: {=IFERROR(INDEX('Offer Statistics'!$I$2:$I$500,MATCH(1,(CityU!$A10='Offer Statistics'!$B$2:$B$500)*(CityU!$AB$2='Offer Statistics'!$C$2:$C$500),0)),"/")} -> 1895 | AK10: {=IFERROR(INDEX('Offer Statistics'!D$2:D$500,MATCH(1,(CityU!$A10='Offer Statistics'!$B$2:$B$500)*(CityU!$AB$2='Offer Statistics'!$C$2:$C$500),0)),"/")} -> 322 | AL10: {=IFERROR(INDEX('Offer Statistics'!E$2:E$500,MATCH(1,(CityU!$A10='Offer Statistics'!$B$2:$B$500)*(CityU!$AB$2='Offer Statistics'!$C$2:$C$500),0)),"/")} -> 269 | AM10: {=IFERROR(INDEX('Offer Statistics'!F$2:F$500,MATCH(1,(CityU!$A10='Offer Statistics'!$B$2:$B$500)*(CityU!$AB$2='Offer Statistics'!$C$2:$C$500),0)),"/")} -> 432 | AN10: {=IFERROR(INDEX('Offer Statistics'!G$2:G$500,MATCH(1,(CityU!$A10='Offer Statistics'!$B$2:$B$500)*(CityU!$AB$2='Offer Statistics'!$C$2:$C$500),0)),"/")} -> 508 | AO10: {=IFERROR(INDEX('Offer Statistics'!H$2:H$500,MATCH(1,(CityU!$A10='Offer Statistics'!$B$2:$B$500)*(CityU!$AB$2='Offer Statistics'!$C$2:$C$500),0)),"/")} -> 364 | AQ10: =A10 -> JS1017
A11: ='Reference Score Calculation'!B22 -> JS1018 | B11: ='Reference Score Calculation'!D22 -> 商學院 | C11: ='Reference Score Calculation'!E22 -> 工商管理學士(環球商業系統管理) (特點: 智能科技 / 環球商業 / 海外及内地交流) | D11: ='Reference Score Calculation'!S22 -> BBAGBSM | E11: ='Reference Score Calculation'!AC22 -> 3C2X | F11: ='Reference Score Calculation'!F22 -> 3C2X | G11: ='Reference Score Calculation'!I22 -> 22 | H11: ='Reference Score Calculation'!J22 -> 22 | I11: =計分版!J45 -> 2.3e-09 | J11: =IFERROR(IF(J$1="差距(Median)",I11-G11,IF(J$1="差距(LQ)",I11-H11)),"/") -> -22 | K11: =IFERROR(IF(J$1="差距(Median)",(I11-G11)/I11,IF(J$1="差距(LQ)",(I11-H11)/I11)),"/") -> -9.5652174e+09 | L11: ='Reference Score Calculation'!U22 -> 10 | M11: =入學要求!Z31 -> 0 | O11: =入學要求!L31 -> 3 | P11: =入學要求!M31 -> 3 | Q11: =入學要求!N31 -> 3 | R11: =入學要求!O31 -> 1 | S11: =入學要求!P31 -> 3 | T11: =入學要求!Q31 -> 3 | U11: =入學要求!S31 -> 0 | V11: =入學要求!T31 -> 0 | W11: =入學要求!U31 -> 0 | X11: =入學要求!V31 -> 0 | Y11: =入學要求!W31 -> 0 | Z11: =入學要求!X31 -> 0 | AA11: =IFERROR(ROUND(AK11/AD11,2),"/") -> 10.5 | AC11: {=IFERROR(INDEX('Offer Statistics'!$Q$2:$Q$500,MATCH(1,(CityU!$A11='Offer Statistics'!$B$2:$B$500)*(CityU!$AB$2='Offer Statistics'!$K$2:$K$500),0)),"/")} -> 8 | AD11: {=IFERROR(INDEX('Offer Statistics'!L$2:L$500,MATCH(1,(CityU!$A11='Offer Statistics'!$B$2:$B$500)*(CityU!$AB$2='Offer Statistics'!$K$2:$K$500),0)),"/")} -> 6 | AE11: {=IFERROR(INDEX('Offer Statistics'!M$2:M$500,MATCH(1,(CityU!$A11='Offer Statistics'!$B$2:$B$500)*(CityU!$AB$2='Offer Statistics'!$K$2:$K$500),0)),"/")} -> 2 | AF11: {=IFERROR(INDEX('Offer Statistics'!N$2:N$500,MATCH(1,(CityU!$A11='Offer Statistics'!$B$2:$B$500)*(CityU!$AB$2='Offer Statistics'!$K$2:$K$500),0)),"/")} -> 0 | AG11: {=IFERROR(INDEX('Offer Statistics'!O$2:O$500,MATCH(1,(CityU!$A11='Offer Statistics'!$B$2:$B$500)*(CityU!$AB$2='Offer Statistics'!$K$2:$K$500),0)),"/")} -> 0 | AH11: {=IFERROR(INDEX('Offer Statistics'!P$2:P$500,MATCH(1,(CityU!$A11='Offer Statistics'!$B$2:$B$500)*(CityU!$AB$2='Offer Statistics'!$K$2:$K$500),0)),"/")} -> 0 | AJ11: {=IFERROR(INDEX('Offer Statistics'!$I$2:$I$500,MATCH(1,(CityU!$A11='Offer Statistics'!$B$2:$B$500)*(CityU!$AB$2='Offer Statistics'!$C$2:$C$500),0)),"/")} -> 1366 | AK11: {=IFERROR(INDEX('Offer Statistics'!D$2:D$500,MATCH(1,(CityU!$A11='Offer Statistics'!$B$2:$B$500)*(CityU!$AB$2='Offer Statistics'!$C$2:$C$500),0)),"/")} -> 63 | AL11: {=IFERROR(INDEX('Offer Statistics'!E$2:E$500,MATCH(1,(CityU!$A11='Offer Statistics'!$B$2:$B$500)*(CityU!$AB$2='Offer Statistics'!$C$2:$C$500),0)),"/")} -> 173 | AM11: {=IFERROR(INDEX('Offer Statistics'!F$2:F$500,MATCH(1,(CityU!$A11='Offer Statistics'!$B$2:$B$500)*(CityU!$AB$2='Offer Statistics'!$C$2:$C$500),0)),"/")} -> 334 | AN11: {=IFERROR(INDEX('Offer Statistics'!G$2:G$500,MATCH(1,(CityU!$A11='Offer Statistics'!$B$2:$B$500)*(CityU!$AB$2='Offer Statistics'!$C$2:$C$500),0)),"/")} -> 456 | AO11: {=IFERROR(INDEX('Offer Statistics'!H$2:H$500,MATCH(1,(CityU!$A11='Offer Statistics'!$B$2:$B$500)*(CityU!$AB$2='Offer Statistics'!$C$2:$C$500),0)),"/")} -> 340 | AQ11: =A11 -> JS1018
A12: ='Reference Score Calculation'!B23 -> JS1019 | B12: ='Reference Score Calculation'!D23 -> 商學院 | C12: ='Reference Score Calculation'!E23 -> 工商管理學士(資訊管理) (專修: 商務智能 / 信息系統審計 / 互聯網服務及社交網絡 / 數據信息學) | D12: ='Reference Score Calculation'!S23 -> BBAIFMG | E12: ='Reference Score Calculation'!AC23 -> 3C2X | F12: ='Reference Score Calculation'!F23 -> 3C2X | G12: ='Reference Score Calculation'!I23 -> 20.5 | H12: ='Reference Score Calculation'!J23 -> 19.5 | I12: =計分版!J46 -> 2.3e-09 | J12: =IFERROR(IF(J$1="差距(Median)",I12-G12,IF(J$1="差距(LQ)",I12-H12)),"/") -> -20.5 | K12: =IFERROR(IF(J$1="差距(Median)",(I12-G12)/I12,IF(J$1="差距(LQ)",(I12-H12)/I12)),"/") -> -8.9130435e+09 | L12: ='Reference Score Calculation'!U23 -> 10 | M12: =入學要求!Z32 -> 0 | O12: =入學要求!L32 -> 3 | P12: =入學要求!M32 -> 3 | Q12: =入學要求!N32 -> 3 | R12: =入學要求!O32 -> 1 | S12: =入學要求!P32 -> 3 | T12: =入學要求!Q32 -> 3 | U12: =入學要求!S32 -> 0 | V12: =入學要求!T32 -> 0 | W12: =入學要求!U32 -> 0 | X12: =入學要求!V32 -> 0 | Y12: =入學要求!W32 -> 0 | Z12: =入學要求!X32 -> 0 | AA12: =IFERROR(ROUND(AK12/AD12,2),"/") -> 22 | AC12: {=IFERROR(INDEX('Offer Statistics'!$Q$2:$Q$500,MATCH(1,(CityU!$A12='Offer Statistics'!$B$2:$B$500)*(CityU!$AB$2='Offer Statistics'!$K$2:$K$500),0)),"/")} -> 7 | AD12: {=IFERROR(INDEX('Offer Statistics'!L$2:L$500,MATCH(1,(CityU!$A12='Offer Statistics'!$B$2:$B$500)*(CityU!$AB$2='Offer Statistics'!$K$2:$K$500),0)),"/")} -> 3 | AE12: {=IFERROR(INDEX('Offer Statistics'!M$2:M$500,MATCH(1,(CityU!$A12='Offer Statistics'!$B$2:$B$500)*(CityU!$AB$2='Offer Statistics'!$K$2:$K$500),0)),"/")} -> 2 | AF12: {=IFERROR(INDEX('Offer Statistics'!N$2:N$500,MATCH(1,(CityU!$A12='Offer Statistics'!$B$2:$B$500)*(CityU!$AB$2='Offer Statistics'!$K$2:$K$500),0)),"/")} -> 2 | AG12: {=IFERROR(INDEX('Offer Statistics'!O$2:O$500,MATCH(1,(CityU!$A12='Offer Statistics'!$B$2:$B$500)*(CityU!$AB$2='Offer Statistics'!$K$2:$K$500),0)),"/")} -> 0 | AH12: {=IFERROR(INDEX('Offer Statistics'!P$2:P$500,MATCH(1,(CityU!$A12='Offer Statistics'!$B$2:$B$500)*(CityU!$AB$2='Offer Statistics'!$K$2:$K$500),0)),"/")} -> 0 | AJ12: {=IFERROR(INDEX('Offer Statistics'!$I$2:$I$500,MATCH(1,(CityU!$A12='Offer Statistics'!$B$2:$B$500)*(CityU!$AB$2='Offer Statistics'!$C$2:$C$500),0)),"/")} -> 1365 | AK12: {=IFERROR(INDEX('Offer Statistics'!D$2:D$500,MATCH(1,(CityU!$A12='Offer Statistics'!$B$2:$B$500)*(CityU!$AB$2='Offer Statistics'!$C$2:$C$500),0)),"/")} -> 66 | AL12: {=IFERROR(INDEX('Offer Statistics'!E$2:E$500,MATCH(1,(CityU!$A12='Offer Statistics'!$B$2:$B$500)*(CityU!$AB$2='Offer Statistics'!$C$2:$C$500),0)),"/")} -> 157 | AM12: {=IFERROR(INDEX('Offer Statistics'!F$2:F$500,MATCH(1,(CityU!$A12='Offer Statistics'!$B$2:$B$500)*(CityU!$AB$2='Offer Statistics'!$C$2:$C$500),0)),"/")} -> 312 | AN12: {=IFERROR(INDEX('Offer Statistics'!G$2:G$500,MATCH(1,(CityU!$A12='Offer Statistics'!$B$2:$B$500)*(CityU!$AB$2='Offer Statistics'!$C$2:$C$500),0)),"/")} -> 488 | AO12: {=IFERROR(INDEX('Offer Statistics'!H$2:H$500,MATCH(1,(CityU!$A12='Offer Statistics'!$B$2:$B$500)*(CityU!$AB$2='Offer Statistics'!$C$2:$C$500),0)),"/")} -> 342 | AQ12: =A12 -> JS1019
A13: ='Reference Score Calculation'!B24 -> JS1025 | B13: ='Reference Score Calculation'!D24 -> 商學院 | C13: ='Reference Score Calculation'!E24 -> 決策分析及營運學 [主修: 工商管理學士(商業決策分析) / 工商管理學士(環球營運管理)] | D13: ='Reference Score Calculation'!S24 -> DAO | E13: ='Reference Score Calculation'!AC24 -> 3C2X | F13: ='Reference Score Calculation'!F24 -> 3C2X | G13: ='Reference Score Calculation'!I24 -> 20 | H13: ='Reference Score Calculation'!J24 -> 19.5 | I13: =計分版!J47 -> 2.3e-09 | J13: =IFERROR(IF(J$1="差距(Median)",I13-G13,IF(J$1="差距(LQ)",I13-H13)),"/") -> -20 | K13: =IFERROR(IF(J$1="差距(Median)",(I13-G13)/I13,IF(J$1="差距(LQ)",(I13-H13)/I13)),"/") -> -8.6956522e+09 | L13: ='Reference Score Calculation'!U24 -> 24 | M13: =入學要求!Z33 -> 0 | O13: =入學要求!L33 -> 3 | P13: =入學要求!M33 -> 3 | Q13: =入學要求!N33 -> 3 | R13: =入學要求!O33 -> 1 | S13: =入學要求!P33 -> 3 | T13: =入學要求!Q33 -> 3 | U13: =入學要求!S33 -> 0 | V13: =入學要求!T33 -> 0 | W13: =入學要求!U33 -> 0 | X13: =入學要求!V33 -> 0 | Y13: =入學要求!W33 -> 0 | Z13: =入學要求!X33 -> 0 | AA13: =IFERROR(ROUND(AK13/AD13,2),"/") -> 18.91 | AC13: {=IFERROR(INDEX('Offer Statistics'!$Q$2:$Q$500,MATCH(1,(CityU!$A13='Offer Statistics'!$B$2:$B$500)*(CityU!$AB$2='Offer Statistics'!$K$2:$K$500),0)),"/")} -> 24 | AD13: {=IFERROR(INDEX('Offer Statistics'!L$2:L$500,MATCH(1,(CityU!$A13='Offer Statistics'!$B$2:$B$500)*(CityU!$AB$2='Offer Statistics'!$K$2:$K$500),0)),"/")} -> 22 | AE13: {=IFERROR(INDEX('Offer Statistics'!M$2:M$500,MATCH(1,(CityU!$A13='Offer Statistics'!$B$2:$B$500)*(CityU!$AB$2='Offer Statistics'!$K$2:$K$500),0)),"/")} -> 1 | AF13: {=IFERROR(INDEX('Offer Statistics'!N$2:N$500,MATCH(1,(CityU!$A13='Offer Statistics'!$B$2:$B$500)*(CityU!$AB$2='Offer Statistics'!$K$2:$K$500),0)),"/")} -> 1 | AG13: {=IFERROR(INDEX('Offer Statistics'!O$2:O$500,MATCH(1,(CityU!$A13='Offer Statistics'!$B$2:$B$500)*(CityU!$AB$2='Offer Statistics'!$K$2:$K$500),0)),"/")} -> 0 | AH13: {=IFERROR(INDEX('Offer Statistics'!P$2:P$500,MATCH(1,(CityU!$A13='Offer Statistics'!$B$2:$B$500)*(CityU!$AB$2='Offer Statistics'!$K$2:$K$500),0)),"/")} -> 0 | AJ13: {=IFERROR(INDEX('Offer Statistics'!$I$2:$I$500,MATCH(1,(CityU!$A13='Offer Statistics'!$B$2:$B$500)*(CityU!$AB$2='Offer Statistics'!$C$2:$C$500),0)),"/")} -> 2296 | AK13: {=IFERROR(INDEX('Offer Statistics'!D$2:D$500,MATCH(1,(CityU!$A13='Offer Statistics'!$B$2:$B$500)*(CityU!$AB$2='Offer Statistics'!$C$2:$C$500),0)),"/")} -> 416 | AL13: {=IFERROR(INDEX('Offer Statistics'!E$2:E$500,MATCH(1,(CityU!$A13='Offer Statistics'!$B$2:$B$500)*(CityU!$AB$2='Offer Statistics'!$C$2:$C$500),0)),"/")} -> 382 | AM13: {=IFERROR(INDEX('Offer Statistics'!F$2:F$500,MATCH(1,(CityU!$A13='Offer Statistics'!$B$2:$B$500)*(CityU!$AB$2='Offer Statistics'!$C$2:$C$500),0)),"/")} -> 527 | AN13: {=IFERROR(INDEX('Offer Statistics'!G$2:G$500,MATCH(1,(CityU!$A13='Offer Statistics'!$B$2:$B$500)*(CityU!$AB$2='Offer Statistics'!$C$2:$C$500),0)),"/")} -> 552 | AO13: {=IFERROR(INDEX('Offer Statistics'!H$2:H$500,MATCH(1,(CityU!$A13='Offer Statistics'!$B$2:$B$500)*(CityU!$AB$2='Offer Statistics'!$C$2:$C$500),0)),"/")} -> 419 | AQ13: =A13 -> JS1025
A14: ='Reference Score Calculation'!B25 -> JS1026 | B14: ='Reference Score Calculation'!D25 -> 商學院 | C14: ='Reference Score Calculation'!E25 -> 工商管理學士(商業決策分析) (專修: 決策分析學 / 數據信息學) | D14: ='Reference Score Calculation'!S25 -> BBABDAN | E14: ='Reference Score Calculation'!AC25 -> 3C2X | F14: ='Reference Score Calculation'!F25 -> 3C2X | G14: ='Reference Score Calculation'!I25 -> 19.5 | H14: ='Reference Score Calculation'!J25 -> 19 | I14: =計分版!J48 -> 2.3e-09 | J14: =IFERROR(IF(J$1="差距(Median)",I14-G14,IF(J$1="差距(LQ)",I14-H14)),"/") -> -19.5 | K14: =IFERROR(IF(J$1="差距(Median)",(I14-G14)/I14,IF(J$1="差距(LQ)",(I14-H14)/I14)),"/") -> -8.4782609e+09 | L14: ='Reference Score Calculation'!U25 -> 24 | M14: =入學要求!Z34 -> 0 | O14: =入學要求!L34 -> 3 | P14: =入學要求!M34 -> 3 | Q14: =入學要求!N34 -> 3 | R14: =入學要求!O34 -> 1 | S14: =入學要求!P34 -> 3 | T14: =入學要求!Q34 -> 3 | U14: =入學要求!S34 -> 0 | V14: =入學要求!T34 -> 0 | W14: =入學要求!U34 -> 0 | X14: =入學要求!V34 -> 0 | Y14: =入學要求!W34 -> 0 | Z14: =入學要求!X34 -> 0 | AA14: =IFERROR(ROUND(AK14/AD14,2),"/") -> 7.7 | AC14: {=IFERROR(INDEX('Offer Statistics'!$Q$2:$Q$500,MATCH(1,(CityU!$A14='Offer Statistics'!$B$2:$B$500)*(CityU!$AB$2='Offer Statistics'!$K$2:$K$500),0)),"/")} -> 21 | AD14: {=IFERROR(INDEX('Offer Statistics'!L$2:L$500,MATCH(1,(CityU!$A14='Offer Statistics'!$B$2:$B$500)*(CityU!$AB$2='Offer Statistics'!$K$2:$K$500),0)),"/")} -> 20 | AE14: {=IFERROR(INDEX('Offer Statistics'!M$2:M$500,MATCH(1,(CityU!$A14='Offer Statistics'!$B$2:$B$500)*(CityU!$AB$2='Offer Statistics'!$K$2:$K$500),0)),"/")} -> 1 | AF14: {=IFERROR(INDEX('Offer Statistics'!N$2:N$500,MATCH(1,(CityU!$A14='Offer Statistics'!$B$2:$B$500)*(CityU!$AB$2='Offer Statistics'!$K$2:$K$500),0)),"/")} -> 0 | AG14: {=IFERROR(INDEX('Offer Statistics'!O$2:O$500,MATCH(1,(CityU!$A14='Offer Statistics'!$B$2:$B$500)*(CityU!$AB$2='Offer Statistics'!$K$2:$K$500),0)),"/")} -> 0 | AH14: {=IFERROR(INDEX('Offer Statistics'!P$2:P$500,MATCH(1,(CityU!$A14='Offer Statistics'!$B$2:$B$500)*(CityU!$AB$2='Offer Statistics'!$K$2:$K$500),0)),"/")} -> 0 | AJ14: {=IFERROR(INDEX('Offer Statistics'!$I$2:$I$500,MATCH(1,(CityU!$A14='Offer Statistics'!$B$2:$B$500)*(CityU!$AB$2='Offer Statistics'!$C$2:$C$500),0)),"/")} -> 2092 | AK14: {=IFERROR(INDEX('Offer Statistics'!D$2:D$500,MATCH(1,(CityU!$A14='Offer Statistics'!$B$2:$B$500)*(CityU!$AB$2='Offer Statistics'!$C$2:$C$500),0)),"/")} -> 154 | AL14: {=IFERROR(INDEX('Offer Statistics'!E$2:E$500,MATCH(1,(CityU!$A14='Offer Statistics'!$B$2:$B$500)*(CityU!$AB$2='Offer Statistics'!$C$2:$C$500),0)),"/")} -> 280 | AM14: {=IFERROR(INDEX('Offer Statistics'!F$2:F$500,MATCH(1,(CityU!$A14='Offer Statistics'!$B$2:$B$500)*(CityU!$AB$2='Offer Statistics'!$C$2:$C$500),0)),"/")} -> 554 | AN14: {=IFERROR(INDEX('Offer Statistics'!G$2:G$500,MATCH(1,(CityU!$A14='Offer Statistics'!$B$2:$B$500)*(CityU!$AB$2='Offer Statistics'!$C$2:$C$500),0)),"/")} -> 671 | AO14: {=IFERROR(INDEX('Offer Statistics'!H$2:H$500,MATCH(1,(CityU!$A14='Offer Statistics'!$B$2:$B$500)*(CityU!$AB$2='Offer Statistics'!$C$2:$C$500),0)),"/")} -> 433 | AQ14: =A14 -> JS1026
... A60: ='Reference Score Calculation'!B71 -> JS1807 | B60: ='Reference Score Calculation'!D71 -> 賽馬會動物醫學及生命科學院 | C60: ='Reference Score Calculation'!E71 -> 理學士(生物醫學) | D60: ='Reference Score Calculation'!S71 -> BScBMS | E60: ='Reference Score Calculation'!AC71 -> 3C2X | F60: ='Reference Score Calculation'!F71 -> 3C2X | G60: ='Reference Score Calculation'!I71 -> 42 | H60: ='Reference Score Calculation'!J71 -> 40 | I60: =計分版!J94 -> 2.65e-09 | J60: =IFERROR(IF(J$1="差距(Median)",I60-G60,IF(J$1="差距(LQ)",I60-H60)),"/") -> -42 | K60: =IFERROR(IF(J$1="差距(Median)",(I60-G60)/I60,IF(J$1="差距(LQ)",(I60-H60)/I60)),"/") -> -1.5849057e+10 | L60: ='Reference Score Calculation'!U71 -> 30 | M60: =入學要求!Z80 -> 0 | O60: =入學要求!L80 -> 3 | P60: =入學要求!M80 -> 3 | Q60: =入學要求!N80 -> 3 | R60: =入學要求!O80 -> 1 | S60: =入學要求!P80 -> 3 | T60: =入學要求!Q80 -> 3 | U60: =入學要求!S80 -> 0 | V60: =入學要求!T80 -> 0 | W60: =入學要求!U80 -> 0 | X60: =入學要求!V80 -> 0 | Y60: =入學要求!W80 -> 0 | Z60: =入學要求!X80 -> 0 | AA60: =IFERROR(ROUND(AK60/AD60,2),"/") -> 5 | AC60: {=IFERROR(INDEX('Offer Statistics'!$Q$2:$Q$500,MATCH(1,(CityU!$A60='Offer Statistics'!$B$2:$B$500)*(CityU!$AB$2='Offer Statistics'!$K$2:$K$500),0)),"/")} -> 29 | AD60: {=IFERROR(INDEX('Offer Statistics'!L$2:L$500,MATCH(1,(CityU!$A60='Offer Statistics'!$B$2:$B$500)*(CityU!$AB$2='Offer Statistics'!$K$2:$K$500),0)),"/")} -> 26 | AE60: {=IFERROR(INDEX('Offer Statistics'!M$2:M$500,MATCH(1,(CityU!$A60='Offer Statistics'!$B$2:$B$500)*(CityU!$AB$2='Offer Statistics'!$K$2:$K$500),0)),"/")} -> 2 | AF60: {=IFERROR(INDEX('Offer Statistics'!N$2:N$500,MATCH(1,(CityU!$A60='Offer Statistics'!$B$2:$B$500)*(CityU!$AB$2='Offer Statistics'!$K$2:$K$500),0)),"/")} -> 0 | AG60: {=IFERROR(INDEX('Offer Statistics'!O$2:O$500,MATCH(1,(CityU!$A60='Offer Statistics'!$B$2:$B$500)*(CityU!$AB$2='Offer Statistics'!$K$2:$K$500),0)),"/")} -> 0 | AH60: {=IFERROR(INDEX('Offer Statistics'!P$2:P$500,MATCH(1,(CityU!$A60='Offer Statistics'!$B$2:$B$500)*(CityU!$AB$2='Offer Statistics'!$K$2:$K$500),0)),"/")} -> 1 | AJ60: {=IFERROR(INDEX('Offer Statistics'!$I$2:$I$500,MATCH(1,(CityU!$A60='Offer Statistics'!$B$2:$B$500)*(CityU!$AB$2='Offer Statistics'!$C$2:$C$500),0)),"/")} -> 1834 | AK60: {=IFERROR(INDEX('Offer Statistics'!D$2:D$500,MATCH(1,(CityU!$A60='Offer Statistics'!$B$2:$B$500)*(CityU!$AB$2='Offer Statistics'!$C$2:$C$500),0)),"/")} -> 130 | AL60: {=IFERROR(INDEX('Offer Statistics'!E$2:E$500,MATCH(1,(CityU!$A60='Offer Statistics'!$B$2:$B$500)*(CityU!$AB$2='Offer Statistics'!$C$2:$C$500),0)),"/")} -> 271 | AM60: {=IFERROR(INDEX('Offer Statistics'!F$2:F$500,MATCH(1,(CityU!$A60='Offer Statistics'!$B$2:$B$500)*(CityU!$AB$2='Offer Statistics'!$C$2:$C$500),0)),"/")} -> 459 | AN60: {=IFERROR(INDEX('Offer Statistics'!G$2:G$500,MATCH(1,(CityU!$A60='Offer Statistics'!$B$2:$B$500)*(CityU!$AB$2='Offer Statistics'!$C$2:$C$500),0)),"/")} -> 548 | AO60: {=IFERROR(INDEX('Offer Statistics'!H$2:H$500,MATCH(1,(CityU!$A60='Offer Statistics'!$B$2:$B$500)*(CityU!$AB$2='Offer Statistics'!$C$2:$C$500),0)),"/")} -> 426 | AQ60: =A60 -> JS1807
A62: *城大本年公佈的分數為已計比重的分數，只供參考。
A63: *今年城大公佈的入學分數，是由2024年入學學生的分數，以2025年比重及加分制計算而成。
A64: *因此，本計算器亦會直接以2025年比重計算同學的分數，以作公平比較，敬請留意。
A67: *計分方式：斜體 = 2025年新科目/新安排，粗體 = 有比重
A68: *入學資格：綠色＝合符資格，紅色＝不符資格，黃色＝或有額外要求（通常有關其他入學要求，例如作品集，或是個別科目分數）
A70: 估算方式:
A71: 由於城大每年均會直接公佈加權後分數 (即已計算比重)，故此處直接引用城大數字，未有作任何估算。
A73: *為了公平比較往年數據，新學年修改了計分方式 或 比重的學科在此處將繼續以往年方式 或 比重估算，請注意。
A75: 參考資料:
A76: https://www.cityu.edu.hk/admo/sites/default/files/2024-10/2025_JUPAS_Admission_Score_Formula_and_Admission_Scores.pdf
A77: https://www.admo.cityu.edu.hk/jupas/entreq/bd/
A78: https://www.admo.cityu.edu.hk/assessment/score_calculation/
... A80: https://www.admo.cityu.edu.hk/interview_arrangements/jupas

Sheet HKBU
A1: 編號 | B1: 學院 | C1: 課程/學科 | E1: 25年計分方式 | F1: 24年計分方式 | G1: Median | H1: LQ | I1: Mean | J1: 你的分數 | K1: 差距(Mean) | M1: 學額 | N1: 資格 | P1: 中 | Q1: 英 | R1: 數 | S1: 公 | T1: E1 | U1: E2 | AB1: Band A 競爭 | AC1: 取錄人數 | AD1: Total | AE1: Band A | AF1: Band B | AG1: Band C | AH1: Band D | AI1: Band E | AJ1: 申請人數 | AK1: Total | AL1: Band A | AM1: Band B | AN1: Band C | AO1: Band D | AP1: Band E
A2: ='Reference Score Calculation'!B74 -> JS2020 | B2: ='Reference Score Calculation'!D74 -> 文學院 | C2: ='Reference Score Calculation'!E74 -> 文學士(榮譽) (中國語言文學 / 創意及專業寫作 / 英國語言文學 / 人文學 / 翻譯學) | D2: ='Reference Score Calculation'!S74 -> BA | E2: ='Reference Score Calculation'!AC74 -> Best 5 | F2: ='Reference Score Calculation'!F74 -> Best 5 | G2: ='Reference Score Calculation'!I74 -> 21 | H2: ='Reference Score Calculation'!J74 -> 20 | I2: ='Reference Score Calculation'!G74 -> 21.04 | J2: =計分版!J97 -> 3.5e-09 | K2: =IFERROR(IF(K$1="差距(Median)",J2-G2,IF(K$1="差距(LQ)",J2-H2,IF(K$1="差距(Mean)",J2-I2))),"/") -> -21.04 | L2: =IFERROR(IF(K$1="差距(Median)",(J2-G2)/J2,IF(K$1="差距(LQ)",(J2-H2)/J2,IF(K$1="差距(Mean)",(J2-I2)/J2))),"/") -> -6.0114286e+09 | M2: ='Reference Score Calculation'!U74 -> 87 | N2: =入學要求!Z83 -> 0 | O2: 請前往All in One 計分器查看比重、入學要求等詳情。 | P2: =入學要求!L83 -> 3 | Q2: =入學要求!M83 -> 3 | R2: =入學要求!N83 -> 2 | S2: =入學要求!O83 -> 1 | T2: =入學要求!P83 -> 3 | U2: =入學要求!Q83 -> 3 | V2: =入學要求!S83 -> 0 | W2: =入學要求!T83 -> 0 | X2: =入學要求!U83 -> 0 | Y2: =入學要求!V83 -> 0 | Z2: =入學要求!W83 -> 0 | AA2: =入學要求!X83 -> 0 | AB2: =IFERROR(ROUND(AL2/AE2,2),"/") -> 5.52 | AC2: 2024年 | AD2: {=IFERROR(INDEX('Offer Statistics'!$AI$2:$AI$400,MATCH(1,($A2='Offer Statistics'!$T$2:$T$400)*($AC$2='Offer Statistics'!$AC$2:$AC$400),0)),"/")} -> 106 | AE2: {=IFERROR(INDEX('Offer Statistics'!AD$2:AD$400,MATCH(1,($A2='Offer Statistics'!$T$2:$T$400)*($AC$2='Offer Statistics'!$AC$2:$AC$400),0)),"/")} -> 102 | AF2: {=IFERROR(INDEX('Offer Statistics'!AE$2:AE$400,MATCH(1,($A2='Offer Statistics'!$T$2:$T$400)*($AC$2='Offer Statistics'!$AC$2:$AC$400),0)),"/")} -> 4 | AG2: {=IFERROR(INDEX('Offer Statistics'!AF$2:AF$400,MATCH(1,($A2='Offer Statistics'!$T$2:$T$400)*($AC$2='Offer Statistics'!$AC$2:$AC$400),0)),"/")} -> 0 | AH2: {=IFERROR(INDEX('Offer Statistics'!AG$2:AG$400,MATCH(1,($A2='Offer Statistics'!$T$2:$T$400)*($AC$2='Offer Statistics'!$AC$2:$AC$400),0)),"/")} -> 0 | AI2: {=IFERROR(INDEX('Offer Statistics'!AH$2:AH$400,MATCH(1,($A2='Offer Statistics'!$T$2:$T$400)*($AC$2='Offer Statistics'!$AC$2:$AC$400),0)),"/")} -> 0 | AJ2: =AC2 -> 2024年 | AK2: {=IFERROR(INDEX('Offer Statistics'!$AA$2:$AA$400,MATCH(1,($A2='Offer Statistics'!$T$2:$T$400)*($AC$2='Offer Statistics'!$U$2:$U$400),0)),"/")} -> 3435 | AL2: {=IFERROR(INDEX('Offer Statistics'!V$2:V$400,MATCH(1,($A2='Offer Statistics'!$T$2:$T$400)*($AC$2='Offer Statistics'!$U$2:$U$400),0)),"/")} -> 563 | AM2: {=IFERROR(INDEX('Offer Statistics'!W$2:W$400,MATCH(1,($A2='Offer Statistics'!$T$2:$T$400)*($AC$2='Offer Statistics'!$U$2:$U$400),0)),"/")} -> 612 | AN2: {=IFERROR(INDEX('Offer Statistics'!X$2:X$400,MATCH(1,($A2='Offer Statistics'!$T$2:$T$400)*($AC$2='Offer Statistics'!$U$2:$U$400),0)),"/")} -> 791 | AO2: {=IFERROR(INDEX('Offer Statistics'!Y$2:Y$400,MATCH(1,($A2='Offer Statistics'!$T$2:$T$400)*($AC$2='Offer Statistics'!$U$2:$U$400),0)),"/")} -> 870 | AP2: {=IFERROR(INDEX('Offer Statistics'!Z$2:Z$400,MATCH(1,($A2='Offer Statistics'!$T$2:$T$400)*($AC$2='Offer Statistics'!$U$2:$U$400),0)),"/")} -> 599 | AR2: =A2 -> JS2020
A3: ='Reference Score Calculation'!B75 -> JS2025 | B3: ='Reference Score Calculation'!D75 -> 文學院 | C3: ='Reference Score Calculation'!E75 -> 宗教、哲學及倫理文學士(榮譽) | D3: ='Reference Score Calculation'!S75 -> BA(RPE) | E3: ='Reference Score Calculation'!AC75 -> Best 5 | F3: ='Reference Score Calculation'!F75 -> Best 5 | G3: ='Reference Score Calculation'!I75 -> 20 | H3: ='Reference Score Calculation'!J75 -> 19 | I3: ='Reference Score Calculation'!G75 -> 19.5 | J3: =計分版!J98 -> 3.5e-09 | K3: =IFERROR(IF(K$1="差距(Median)",J3-G3,IF(K$1="差距(LQ)",J3-H3,IF(K$1="差距(Mean)",J3-I3))),"/") -> -19.5 | L3: =IFERROR(IF(K$1="差距(Median)",(J3-G3)/J3,IF(K$1="差距(LQ)",(J3-H3)/J3,IF(K$1="差距(Mean)",(J3-I3)/J3))),"/") -> -5.5714286e+09 | M3: ='Reference Score Calculation'!U75 -> 11 | N3: =入學要求!Z84 -> 0 | P3: =入學要求!L84 -> 3 | Q3: =入學要求!M84 -> 3 | R3: =入學要求!N84 -> 2 | S3: =入學要求!O84 -> 1 | T3: =入學要求!P84 -> 3 | U3: =入學要求!Q84 -> 3 | V3: =入學要求!S84 -> 0 | W3: =入學要求!T84 -> 0 | X3: =入學要求!U84 -> 0 | Y3: =入學要求!V84 -> 0 | Z3: =入學要求!W84 -> 0 | AA3: =入學要求!X84 -> 0 | AB3: =IFERROR(ROUND(AL3/AE3,2),"/") -> 17.44 | AD3: {=IFERROR(INDEX('Offer Statistics'!$AI$2:$AI$400,MATCH(1,($A3='Offer Statistics'!$T$2:$T$400)*($AC$2='Offer Statistics'!$AC$2:$AC$400),0)),"/")} -> 17 | AE3: {=IFERROR(INDEX('Offer Statistics'!AD$2:AD$400,MATCH(1,($A3='Offer Statistics'!$T$2:$T$400)*($AC$2='Offer Statistics'!$AC$2:$AC$400),0)),"/")} -> 9 | AF3: {=IFERROR(INDEX('Offer Statistics'!AE$2:AE$400,MATCH(1,($A3='Offer Statistics'!$T$2:$T$400)*($AC$2='Offer Statistics'!$AC$2:$AC$400),0)),"/")} -> 8 | AG3: {=IFERROR(INDEX('Offer Statistics'!AF$2:AF$400,MATCH(1,($A3='Offer Statistics'!$T$2:$T$400)*($AC$2='Offer Statistics'!$AC$2:$AC$400),0)),"/")} -> 0 | AH3: {=IFERROR(INDEX('Offer Statistics'!AG$2:AG$400,MATCH(1,($A3='Offer Statistics'!$T$2:$T$400)*($AC$2='Offer Statistics'!$AC$2:$AC$400),0)),"/")} -> 0 | AI3: {=IFERROR(INDEX('Offer Statistics'!AH$2:AH$400,MATCH(1,($A3='Offer Statistics'!$T$2:$T$400)*($AC$2='Offer Statistics'!$AC$2:$AC$400),0)),"/")} -> 0 | AK3: {=IFERROR(INDEX('Offer Statistics'!$AA$2:$AA$400,MATCH(1,($A3='Offer Statistics'!$T$2:$T$400)*($AC$2='Offer Statistics'!$U$2:$U$400),0)),"/")} -> 1285 | AL3: {=IFERROR(INDEX('Offer Statistics'!V$2:V$400,MATCH(1,($A3='Offer Statistics'!$T$2:$T$400)*($AC$2='Offer Statistics'!$U$2:$U$400),0)),"/")} -> 157 | AM3: {=IFERROR(INDEX('Offer Statistics'!W$2:W$400,MATCH(1,($A3='Offer Statistics'!$T$2:$T$400)*($AC$2='Offer Statistics'!$U$2:$U$400),0)),"/")} -> 179 | AN3: {=IFERROR(INDEX('Offer Statistics'!X$2:X$400,MATCH(1,($A3='Offer Statistics'!$T$2:$T$400)*($AC$2='Offer Statistics'!$U$2:$U$400),0)),"/")} -> 266 | AO3: {=IFERROR(INDEX('Offer Statistics'!Y$2:Y$400,MATCH(1,($A3='Offer Statistics'!$T$2:$T$400)*($AC$2='Offer Statistics'!$U$2:$U$400),0)),"/")} -> 347 | AP3: {=IFERROR(INDEX('Offer Statistics'!Z$2:Z$400,MATCH(1,($A3='Offer Statistics'!$T$2:$T$400)*($AC$2='Offer Statistics'!$U$2:$U$400),0)),"/")} -> 336 | AR3: =A3 -> JS2025
A4: ='Reference Score Calculation'!B76 -> JS2060 | B4: ='Reference Score Calculation'!D76 -> 文學院 | C4: ='Reference Score Calculation'!E76 -> 文學士(榮譽) / 音樂學士(榮譽) (音樂 / 創意產業) | D4: ='Reference Score Calculation'!S76 -> BA/BMUS(MUSIC/CI) | E4: ='Reference Score Calculation'!AC76 -> Best 5 | F4: ='Reference Score Calculation'!F76 -> Best 5 | G4: ='Reference Score Calculation'!I76 -> 19 | H4: ='Reference Score Calculation'!J76 -> 19 | I4: ='Reference Score Calculation'!G76 -> 19.87 | J4: =計分版!J99 -> 3.5e-09 | K4: =IFERROR(IF(K$1="差距(Median)",J4-G4,IF(K$1="差距(LQ)",J4-H4,IF(K$1="差距(Mean)",J4-I4))),"/") -> -19.87 | L4: =IFERROR(IF(K$1="差距(Median)",(J4-G4)/J4,IF(K$1="差距(LQ)",(J4-H4)/J4,IF(K$1="差距(Mean)",(J4-I4)/J4))),"/") -> -5.6771429e+09 | M4: ='Reference Score Calculation'!U76 -> 38 | N4: =入學要求!Z85 -> 0 | P4: =入學要求!L85 -> 3 | Q4: =入學要求!M85 -> 3 | R4: =入學要求!N85 -> 2 | S4: =入學要求!O85 -> 1 | T4: =入學要求!P85 -> 3 | U4: =入學要求!Q85 -> 3 | V4: =入學要求!S85 -> 0 | W4: =入學要求!T85 -> 0 | X4: =入學要求!U85 -> 0 | Y4: =入學要求!V85 -> 0 | Z4: =入學要求!W85 -> 0 | AA4: =入學要求!X85 -> 0 | AB4: =IFERROR(ROUND(AL4/AE4,2),"/") -> 8.96 | AD4: {=IFERROR(INDEX('Offer Statistics'!$AI$2:$AI$400,MATCH(1,($A4='Offer Statistics'!$T$2:$T$400)*($AC$2='Offer Statistics'!$AC$2:$AC$400),0)),"/")} -> 28 | AE4: {=IFERROR(INDEX('Offer Statistics'!AD$2:AD$400,MATCH(1,($A4='Offer Statistics'!$T$2:$T$400)*($AC$2='Offer Statistics'!$AC$2:$AC$400),0)),"/")} -> 28 | AF4: {=IFERROR(INDEX('Offer Statistics'!AE$2:AE$400,MATCH(1,($A4='Offer Statistics'!$T$2:$T$400)*($AC$2='Offer Statistics'!$AC$2:$AC$400),0)),"/")} -> 0 | AG4: {=IFERROR(INDEX('Offer Statistics'!AF$2:AF$400,MATCH(1,($A4='Offer Statistics'!$T$2:$T$400)*($AC$2='Offer Statistics'!$AC$2:$AC$400),0)),"/")} -> 0 | AH4: {=IFERROR(INDEX('Offer Statistics'!AG$2:AG$400,MATCH(1,($A4='Offer Statistics'!$T$2:$T$400)*($AC$2='Offer Statistics'!$AC$2:$AC$400),0)),"/")} -> 0 | AI4: {=IFERROR(INDEX('Offer Statistics'!AH$2:AH$400,MATCH(1,($A4='Offer Statistics'!$T$2:$T$400)*($AC$2='Offer Statistics'!$AC$2:$AC$400),0)),"/")} -> 0 | AK4: {=IFERROR(INDEX('Offer Statistics'!$AA$2:$AA$400,MATCH(1,($A4='Offer Statistics'!$T$2:$T$400)*($AC$2='Offer Statistics'!$U$2:$U$400),0)),"/")} -> 971 | AL4: {=IFERROR(INDEX('Offer Statistics'!V$2:V$400,MATCH(1,($A4='Offer Statistics'!$T$2:$T$400)*($AC$2='Offer Statistics'!$U$2:$U$400),0)),"/")} -> 251 | AM4: {=IFERROR(INDEX('Offer Statistics'!W$2:W$400,MATCH(1,($A4='Offer Statistics'!$T$2:$T$400)*($AC$2='Offer Statistics'!$U$2:$U$400),0)),"/")} -> 122 | AN4: {=IFERROR(INDEX('Offer Statistics'!X$2:X$400,MATCH(1,($A4='Offer Statistics'!$T$2:$T$400)*($AC$2='Offer Statistics'!$U$2:$U$400),0)),"/")} -> 168 | AO4: {=IFERROR(INDEX('Offer Statistics'!Y$2:Y$400,MATCH(1,($A4='Offer Statistics'!$T$2:$T$400)*($AC$2='Offer Statistics'!$U$2:$U$400),0)),"/")} -> 233 | AP4: {=IFERROR(INDEX('Offer Statistics'!Z$2:Z$400,MATCH(1,($A4='Offer Statistics'!$T$2:$T$400)*($AC$2='Offer Statistics'!$U$2:$U$400),0)),"/")} -> 197 | AR4: =A4 -> JS2060
A5: ='Reference Score Calculation'!B77 -> JS2110 | B5: ='Reference Score Calculation'!D77 -> 商學院 | C5: ='Reference Score Calculation'!E77 -> 工商管理學士(榮譽) - 會計學專修 | D5: ='Reference Score Calculation'!S77 -> BBA(ACCT) | E5: ='Reference Score Calculation'!AC77 -> Best 5 | F5: ='Reference Score Calculation'!F77 -> Best 5 | G5: ='Reference Score Calculation'!I77 -> 21 | H5: ='Reference Score Calculation'!J77 -> 20.5 | I5: ='Reference Score Calculation'!G77 -> 21.06 | J5: =計分版!J100 -> 3.5e-09 | K5: =IFERROR(IF(K$1="差距(Median)",J5-G5,IF(K$1="差距(LQ)",J5-H5,IF(K$1="差距(Mean)",J5-I5))),"/") -> -21.06 | L5: =IFERROR(IF(K$1="差距(Median)",(J5-G5)/J5,IF(K$1="差距(LQ)",(J5-H5)/J5,IF(K$1="差距(Mean)",(J5-I5)/J5))),"/") -> -6.0171429e+09 | M5: ='Reference Score Calculation'!U77 -> 49 | N5: =入學要求!Z86 -> 0 | P5: =入學要求!L86 -> 3 | Q5: =入學要求!M86 -> 3 | R5: =入學要求!N86 -> 2 | S5: =入學要求!O86 -> 1 | T5: =入學要求!P86 -> 3 | U5: =入學要求!Q86 -> 3 | V5: =入學要求!S86 -> 0 | W5: =入學要求!T86 -> 0 | X5: =入學要求!U86 -> 0 | Y5: =入學要求!V86 -> 0 | Z5: =入學要求!W86 -> 0 | AA5: =入學要求!X86 -> 0 | AB5: =IFERROR(ROUND(AL5/AE5,2),"/") -> 12.83 | AD5: {=IFERROR(INDEX('Offer Statistics'!$AI$2:$AI$400,MATCH(1,($A5='Offer Statistics'!$T$2:$T$400)*($AC$2='Offer Statistics'!$AC$2:$AC$400),0)),"/")} -> 46 | AE5: {=IFERROR(INDEX('Offer Statistics'!AD$2:AD$400,MATCH(1,($A5='Offer Statistics'!$T$2:$T$400)*($AC$2='Offer Statistics'!$AC$2:$AC$400),0)),"/")} -> 40 | AF5: {=IFERROR(INDEX('Offer Statistics'!AE$2:AE$400,MATCH(1,($A5='Offer Statistics'!$T$2:$T$400)*($AC$2='Offer Statistics'!$AC$2:$AC$400),0)),"/")} -> 3 | AG5: {=IFERROR(INDEX('Offer Statistics'!AF$2:AF$400,MATCH(1,($A5='Offer Statistics'!$T$2:$T$400)*($AC$2='Offer Statistics'!$AC$2:$AC$400),0)),"/")} -> 2 | AH5: {=IFERROR(INDEX('Offer Statistics'!AG$2:AG$400,MATCH(1,($A5='Offer Statistics'!$T$2:$T$400)*($AC$2='Offer Statistics'!$AC$2:$AC$400),0)),"/")} -> 1 | AI5: {=IFERROR(INDEX('Offer Statistics'!AH$2:AH$400,MATCH(1,($A5='Offer Statistics'!$T$2:$T$400)*($AC$2='Offer Statistics'!$AC$2:$AC$400),0)),"/")} -> 0 | AK5: {=IFERROR(INDEX('Offer Statistics'!$AA$2:$AA$400,MATCH(1,($A5='Offer Statistics'!$T$2:$T$400)*($AC$2='Offer Statistics'!$U$2:$U$400),0)),"/")} -> 3068 | AL5: {=IFERROR(INDEX('Offer Statistics'!V$2:V$400,MATCH(1,($A5='Offer Statistics'!$T$2:$T$400)*($AC$2='Offer Statistics'!$U$2:$U$400),0)),"/")} -> 513 | AM5: {=IFERROR(INDEX('Offer Statistics'!W$2:W$400,MATCH(1,($A5='Offer Statistics'!$T$2:$T$400)*($AC$2='Offer Statistics'!$U$2:$U$400),0)),"/")} -> 620 | AN5: {=IFERROR(INDEX('Offer Statistics'!X$2:X$400,MATCH(1,($A5='Offer Statistics'!$T$2:$T$400)*($AC$2='Offer Statistics'!$U$2:$U$400),0)),"/")} -> 657 | AO5: {=IFERROR(INDEX('Offer Statistics'!Y$2:Y$400,MATCH(1,($A5='Offer Statistics'!$T$2:$T$400)*($AC$2='Offer Statistics'!$U$2:$U$400),0)),"/")} -> 758 | AP5: {=IFERROR(INDEX('Offer Statistics'!Z$2:Z$400,MATCH(1,($A5='Offer Statistics'!$T$2:$T$400)*($AC$2='Offer Statistics'!$U$2:$U$400),0)),"/")} -> 520 | AR5: =A5 -> JS2110
A6: ='Reference Score Calculation'!B78 -> JS2120 | B6: ='Reference Score Calculation'!D78 -> 商學院 | C6: ='Reference Score Calculation'!E78 -> 工商管理學士(榮譽) | D6: ='Reference Score Calculation'!S78 -> BBA | E6: ='Reference Score Calculation'!AC78 -> Best 5 | F6: ='Reference Score Calculation'!F78 -> Best 5 | G6: ='Reference Score Calculation'!I78 -> 21 | H6: ='Reference Score Calculation'!J78 -> 21 | I6: ='Reference Score Calculation'!G78 -> 21.12 | J6: =計分版!J101 -> 3.5e-09 | K6: =IFERROR(IF(K$1="差距(Median)",J6-G6,IF(K$1="差距(LQ)",J6-H6,IF(K$1="差距(Mean)",J6-I6))),"/") -> -21.12 | L6: =IFERROR(IF(K$1="差距(Median)",(J6-G6)/J6,IF(K$1="差距(LQ)",(J6-H6)/J6,IF(K$1="差距(Mean)",(J6-I6)/J6))),"/") -> -6.0342857e+09 | M6: ='Reference Score Calculation'!U78 -> 185 | N6: =入學要求!Z87 -> 0 | P6: =入學要求!L87 -> 3 | Q6: =入學要求!M87 -> 3 | R6: =入學要求!N87 -> 2 | S6: =入學要求!O87 -> 1 | T6: =入學要求!P87 -> 3 | U6: =入學要求!Q87 -> 3 | V6: =入學要求!S87 -> 0 | W6: =入學要求!T87 -> 0 | X6: =入學要求!U87 -> 0 | Y6: =入學要求!V87 -> 0 | Z6: =入學要求!W87 -> 0 | AA6: =入學要求!X87 -> 0 | AB6: =IFERROR(ROUND(AL6/AE6,2),"/") -> 12.25 | AD6: {=IFERROR(INDEX('Offer Statistics'!$AI$2:$AI$400,MATCH(1,($A6='Offer Statistics'!$T$2:$T$400)*($AC$2='Offer Statistics'!$AC$2:$AC$400),0)),"/")} -> 157 | AE6: {=IFERROR(INDEX('Offer Statistics'!AD$2:AD$400,MATCH(1,($A6='Offer Statistics'!$T$2:$T$400)*($AC$2='Offer Statistics'!$AC$2:$AC$400),0)),"/")} -> 124 | AF6: {=IFERROR(INDEX('Offer Statistics'!AE$2:AE$400,MATCH(1,($A6='Offer Statistics'!$T$2:$T$400)*($AC$2='Offer Statistics'!$AC$2:$AC$400),0)),"/")} -> 26 | AG6: {=IFERROR(INDEX('Offer Statistics'!AF$2:AF$400,MATCH(1,($A6='Offer Statistics'!$T$2:$T$400)*($AC$2='Offer Statistics'!$AC$2:$AC$400),0)),"/")} -> 3 | AH6: {=IFERROR(INDEX('Offer Statistics'!AG$2:AG$400,MATCH(1,($A6='Offer Statistics'!$T$2:$T$400)*($AC$2='Offer Statistics'!$AC$2:$AC$400),0)),"/")} -> 2 | AI6: {=IFERROR(INDEX('Offer Statistics'!AH$2:AH$400,MATCH(1,($A6='Offer Statistics'!$T$2:$T$400)*($AC$2='Offer Statistics'!$AC$2:$AC$400),0)),"/")} -> 2 | AK6: {=IFERROR(INDEX('Offer Statistics'!$AA$2:$AA$400,MATCH(1,($A6='Offer Statistics'!$T$2:$T$400)*($AC$2='Offer Statistics'!$U$2:$U$400),0)),"/")} -> 6461 | AL6: {=IFERROR(INDEX('Offer Statistics'!V$2:V$400,MATCH(1,($A6='Offer Statistics'!$T$2:$T$400)*($AC$2='Offer Statistics'!$U$2:$U$400),0)),"/")} -> 1519 | AM6: {=IFERROR(INDEX('Offer Statistics'!W$2:W$400,MATCH(1,($A6='Offer Statistics'!$T$2:$T$400)*($AC$2='Offer Statistics'!$U$2:$U$400),0)),"/")} -> 1268 | AN6: {=IFERROR(INDEX('Offer Statistics'!X$2:X$400,MATCH(1,($A6='Offer Statistics'!$T$2:$T$400)*($AC$2='Offer Statistics'!$U$2:$U$400),0)),"/")} -> 1284 | AO6: {=IFERROR(INDEX('Offer Statistics'!Y$2:Y$400,MATCH(1,($A6='Offer Statistics'!$T$2:$T$400)*($AC$2='Offer Statistics'!$U$2:$U$400),0)),"/")} -> 1430 | AP6: {=IFERROR(INDEX('Offer Statistics'!Z$2:Z$400,MATCH(1,($A6='Offer Statistics'!$T$2:$T$400)*($AC$2='Offer Statistics'!$U$2:$U$400),0)),"/")} -> 960 | AR6: =A6 -> JS2120
A7: ='Reference Score Calculation'!B79 -> JS2310 | B7: ='Reference Score Calculation'!D79 -> 傳理學院 | C7: ='Reference Score Calculation'!E79 -> 傳理學學士(榮譽) (新聞與數碼媒體 / 公關及廣告) | D7: ='Reference Score Calculation'!S79 -> BCOMM | E7: ='Reference Score Calculation'!AC79 -> Best 5 | F7: ='Reference Score Calculation'!F79 -> Best 5 | G7: ='Reference Score Calculation'!I79 -> 22.75 | H7: ='Reference Score Calculation'!J79 -> 22 | I7: ='Reference Score Calculation'!G79 -> 22.81 | J7: =計分版!J102 -> 3.5e-09 | K7: =IFERROR(IF(K$1="差距(Median)",J7-G7,IF(K$1="差距(LQ)",J7-H7,IF(K$1="差距(Mean)",J7-I7))),"/") -> -22.81 | L7: =IFERROR(IF(K$1="差距(Median)",(J7-G7)/J7,IF(K$1="差距(LQ)",(J7-H7)/J7,IF(K$1="差距(Mean)",(J7-I7)/J7))),"/") -> -6.5171429e+09 | M7: ='Reference Score Calculation'!U79 -> 70 | N7: =入學要求!Z88 -> 0 | P7: =入學要求!L88 -> 3 | Q7: =入學要求!M88 -> 3 | R7: =入學要求!N88 -> 2 | S7: =入學要求!O88 -> 1 | T7: =入學要求!P88 -> 3 | U7: =入學要求!Q88 -> 3 | V7: =入學要求!S88 -> 0 | W7: =入學要求!T88 -> 0 | X7: =入學要求!U88 -> 0 | Y7: =入學要求!V88 -> 0 | Z7: =入學要求!W88 -> 0 | AA7: =入學要求!X88 -> 0 | AB7: =IFERROR(ROUND(AL7/AE7,2),"/") -> 8.44 | AD7: {=IFERROR(INDEX('Offer Statistics'!$AI$2:$AI$400,MATCH(1,($A7='Offer Statistics'!$T$2:$T$400)*($AC$2='Offer Statistics'!$AC$2:$AC$400),0)),"/")} -> 74 | AE7: {=IFERROR(INDEX('Offer Statistics'!AD$2:AD$400,MATCH(1,($A7='Offer Statistics'!$T$2:$T$400)*($AC$2='Offer Statistics'!$AC$2:$AC$400),0)),"/")} -> 66 | AF7: {=IFERROR(INDEX('Offer Statistics'!AE$2:AE$400,MATCH(1,($A7='Offer Statistics'!$T$2:$T$400)*($AC$2='Offer Statistics'!$AC$2:$AC$400),0)),"/")} -> 4 | AG7: {=IFERROR(INDEX('Offer Statistics'!AF$2:AF$400,MATCH(1,($A7='Offer Statistics'!$T$2:$T$400)*($AC$2='Offer Statistics'!$AC$2:$AC$400),0)),"/")} -> 1 | AH7: {=IFERROR(INDEX('Offer Statistics'!AG$2:AG$400,MATCH(1,($A7='Offer Statistics'!$T$2:$T$400)*($AC$2='Offer Statistics'!$AC$2:$AC$400),0)),"/")} -> 3 | AI7: {=IFERROR(INDEX('Offer Statistics'!AH$2:AH$400,MATCH(1,($A7='Offer Statistics'!$T$2:$T$400)*($AC$2='Offer Statistics'!$AC$2:$AC$400),0)),"/")} -> 0 | AK7: {=IFERROR(INDEX('Offer Statistics'!$AA$2:$AA$400,MATCH(1,($A7='Offer Statistics'!$T$2:$T$400)*($AC$2='Offer Statistics'!$U$2:$U$400),0)),"/")} -> 3891 | AL7: {=IFERROR(INDEX('Offer Statistics'!V$2:V$400,MATCH(1,($A7='Offer Statistics'!$T$2:$T$400)*($AC$2='Offer Statistics'!$U$2:$U$400),0)),"/")} -> 557 | AM7: {=IFERROR(INDEX('Offer Statistics'!W$2:W$400,MATCH(1,($A7='Offer Statistics'!$T$2:$T$400)*($AC$2='Offer Statistics'!$U$2:$U$400),0)),"/")} -> 599 | AN7: {=IFERROR(INDEX('Offer Statistics'!X$2:X$400,MATCH(1,($A7='Offer Statistics'!$T$2:$T$400)*($AC$2='Offer Statistics'!$U$2:$U$400),0)),"/")} -> 871 | AO7: {=IFERROR(INDEX('Offer Statistics'!Y$2:Y$400,MATCH(1,($A7='Offer Statistics'!$T$2:$T$400)*($AC$2='Offer Statistics'!$U$2:$U$400),0)),"/")} -> 1032 | AP7: {=IFERROR(INDEX('Offer Statistics'!Z$2:Z$400,MATCH(1,($A7='Offer Statistics'!$T$2:$T$400)*($AC$2='Offer Statistics'!$U$2:$U$400),0)),"/")} -> 832 | AR7: =A7 -> JS2310
A8: ='Reference Score Calculation'!B80 -> JS2330 | B8: ='Reference Score Calculation'!D80 -> 傳理學院 | C8: ='Reference Score Calculation'!E80 -> 電影電視文學士(榮譽) | D8: ='Reference Score Calculation'!S80 -> BCOMM(FTV) | E8: ='Reference Score Calculation'!AC80 -> Best 5 | F8: ='Reference Score Calculation'!F80 -> Best 5 | G8: ='Reference Score Calculation'!I80 -> 23.5 | H8: ='Reference Score Calculation'!J80 -> 23 | I8: ='Reference Score Calculation'!G80 -> 22.93 | J8: =計分版!J103 -> 3.5e-09 | K8: =IFERROR(IF(K$1="差距(Median)",J8-G8,IF(K$1="差距(LQ)",J8-H8,IF(K$1="差距(Mean)",J8-I8))),"/") -> -22.93 | L8: =IFERROR(IF(K$1="差距(Median)",(J8-G8)/J8,IF(K$1="差距(LQ)",(J8-H8)/J8,IF(K$1="差距(Mean)",(J8-I8)/J8))),"/") -> -6.5514286e+09 | M8: ='Reference Score Calculation'!U80 -> 18 | N8: =入學要求!Z89 -> 0 | P8: =入學要求!L89 -> 3 | Q8: =入學要求!M89 -> 3 | R8: =入學要求!N89 -> 2 | S8: =入學要求!O89 -> 1 | T8: =入學要求!P89 -> 3 | U8: =入學要求!Q89 -> 3 | V8: =入學要求!S89 -> 0 | W8: =入學要求!T89 -> 0 | X8: =入學要求!U89 -> 0 | Y8: =入學要求!V89 -> 0 | Z8: =入學要求!W89 -> 0 | AA8: =入學要求!X89 -> 0 | AB8: =IFERROR(ROUND(AL8/AE8,2),"/") -> 22.76 | AD8: {=IFERROR(INDEX('Offer Statistics'!$AI$2:$AI$400,MATCH(1,($A8='Offer Statistics'!$T$2:$T$400)*($AC$2='Offer Statistics'!$AC$2:$AC$400),0)),"/")} -> 17 | AE8: {=IFERROR(INDEX('Offer Statistics'!AD$2:AD$400,MATCH(1,($A8='Offer Statistics'!$T$2:$T$400)*($AC$2='Offer Statistics'!$AC$2:$AC$400),0)),"/")} -> 17 | AF8: {=IFERROR(INDEX('Offer Statistics'!AE$2:AE$400,MATCH(1,($A8='Offer Statistics'!$T$2:$T$400)*($AC$2='Offer Statistics'!$AC$2:$AC$400),0)),"/")} -> 0 | AG8: {=IFERROR(INDEX('Offer Statistics'!AF$2:AF$400,MATCH(1,($A8='Offer Statistics'!$T$2:$T$400)*($AC$2='Offer Statistics'!$AC$2:$AC$400),0)),"/")} -> 0 | AH8: {=IFERROR(INDEX('Offer Statistics'!AG$2:AG$400,MATCH(1,($A8='Offer Statistics'!$T$2:$T$400)*($AC$2='Offer Statistics'!$AC$2:$AC$400),0)),"/")} -> 0 | AI8: {=IFERROR(INDEX('Offer Statistics'!AH$2:AH$400,MATCH(1,($A8='Offer Statistics'!$T$2:$T$400)*($AC$2='Offer Statistics'!$AC$2:$AC$400),0)),"/")} -> 0 | AK8: {=IFERROR(INDEX('Offer Statistics'!$AA$2:$AA$400,MATCH(1,($A8='Offer Statistics'!$T$2:$T$400)*($AC$2='Offer Statistics'!$U$2:$U$400),0)),"/")} -> 2580 | AL8: {=IFERROR(INDEX('Offer Statistics'!V$2:V$400,MATCH(1,($A8='Offer Statistics'!$T$2:$T$400)*($AC$2='Offer Statistics'!$U$2:$U$400),0)),"/")} -> 387 | AM8: {=IFERROR(INDEX('Offer Statistics'!W$2:W$400,MATCH(1,($A8='Offer Statistics'!$T$2:$T$400)*($AC$2='Offer Statistics'!$U$2:$U$400),0)),"/")} -> 339 | AN8: {=IFERROR(INDEX('Offer Statistics'!X$2:X$400,MATCH(1,($A8='Offer Statistics'!$T$2:$T$400)*($AC$2='Offer Statistics'!$U$2:$U$400),0)),"/")} -> 604 | AO8: {=IFERROR(INDEX('Offer Statistics'!Y$2:Y$400,MATCH(1,($A8='Offer Statistics'!$T$2:$T$400)*($AC$2='Offer Statistics'!$U$2:$U$400),0)),"/")} -> 682 | AP8: {=IFERROR(INDEX('Offer Statistics'!Z$2:Z$400,MATCH(1,($A8='Offer Statistics'!$T$2:$T$400)*($AC$2='Offer Statistics'!$U$2:$U$400),0)),"/")} -> 568 | AR8: =A8 -> JS2330
A9: ='Reference Score Calculation'!B81 -> JS2340 | B9: ='Reference Score Calculation'!D81 -> 傳理學院 | C9: ='Reference Score Calculation'!E81 -> 環球螢幕演技藝術學士(榮譽) | D9: ='Reference Score Calculation'!S81 -> BFA(AGS) | E9: ='Reference Score Calculation'!AC81 -> Best 5 | F9: ='Reference Score Calculation'!F81 -> Best 5 | G9: ='Reference Score Calculation'!I81 -> 17 | H9: ='Reference Score Calculation'!J81 -> 17 | I9: ='Reference Score Calculation'!G81 -> 16.75 | J9: =計分版!J104 -> 3.5e-09 | K9: =IFERROR(IF(K$1="差距(Median)",J9-G9,IF(K$1="差距(LQ)",J9-H9,IF(K$1="差距(Mean)",J9-I9))),"/") -> -16.75 | L9: =IFERROR(IF(K$1="差距(Median)",(J9-G9)/J9,IF(K$1="差距(LQ)",(J9-H9)/J9,IF(K$1="差距(Mean)",(J9-I9)/J9))),"/") -> -4.7857143e+09 | M9: ='Reference Score Calculation'!U81 -> 8 | N9: =入學要求!Z90 -> 0 | P9: =入學要求!L90 -> 3 | Q9: =入學要求!M90 -> 3 | R9: =入學要求!N90 -> 2 | S9: =入學要求!O90 -> 1 | T9: =入學要求!P90 -> 3 | U9: =入學要求!Q90 -> 3 | V9: =入學要求!S90 -> 0 | W9: =入學要求!T90 -> 0 | X9: =入學要求!U90 -> 0 | Y9: =入學要求!V90 -> 0 | Z9: =入學要求!W90 -> 0 | AA9: =入學要求!X90 -> 0 | AB9: =IFERROR(ROUND(AL9/AE9,2),"/") -> 22 | AD9: {=IFERROR(INDEX('Offer Statistics'!$AI$2:$AI$400,MATCH(1,($A9='Offer Statistics'!$T$2:$T$400)*($AC$2='Offer Statistics'!$AC$2:$AC$400),0)),"/")} -> 8 | AE9: {=IFERROR(INDEX('Offer Statistics'!AD$2:AD$400,MATCH(1,($A9='Offer Statistics'!$T$2:$T$400)*($AC$2='Offer Statistics'!$AC$2:$AC$400),0)),"/")} -> 8 | AF9: {=IFERROR(INDEX('Offer Statistics'!AE$2:AE$400,MATCH(1,($A9='Offer Statistics'!$T$2:$T$400)*($AC$2='Offer Statistics'!$AC$2:$AC$400),0)),"/")} -> 0 | AG9: {=IFERROR(INDEX('Offer Statistics'!AF$2:AF$400,MATCH(1,($A9='Offer Statistics'!$T$2:$T$400)*($AC$2='Offer Statistics'!$AC$2:$AC$400),0)),"/")} -> 0 | AH9: {=IFERROR(INDEX('Offer Statistics'!AG$2:AG$400,MATCH(1,($A9='Offer Statistics'!$T$2:$T$400)*($AC$2='Offer Statistics'!$AC$2:$AC$400),0)),"/")} -> 0 | AI9: {=IFERROR(INDEX('Offer Statistics'!AH$2:AH$400,MATCH(1,($A9='Offer Statistics'!$T$2:$T$400)*($AC$2='Offer Statistics'!$AC$2:$AC$400),0)),"/")} -> 0 | AK9: {=IFERROR(INDEX('Offer Statistics'!$AA$2:$AA$400,MATCH(1,($A9='Offer Statistics'!$T$2:$T$400)*($AC$2='Offer Statistics'!$U$2:$U$400),0)),"/")} -> 1063 | AL9: {=IFERROR(INDEX('Offer Statistics'!V$2:V$400,MATCH(1,($A9='Offer Statistics'!$T$2:$T$400)*($AC$2='Offer Statistics'!$U$2:$U$400),0)),"/")} -> 176 | AM9: {=IFERROR(INDEX('Offer Statistics'!W$2:W$400,MATCH(1,($A9='Offer Statistics'!$T$2:$T$400)*($AC$2='Offer Statistics'!$U$2:$U$400),0)),"/")} -> 122 | AN9: {=IFERROR(INDEX('Offer Statistics'!X$2:X$400,MATCH(1,($A9='Offer Statistics'!$T$2:$T$400)*($AC$2='Offer Statistics'!$U$2:$U$400),0)),"/")} -> 240 | AO9: {=IFERROR(INDEX('Offer Statistics'!Y$2:Y$400,MATCH(1,($A9='Offer Statistics'!$T$2:$T$400)*($AC$2='Offer Statistics'!$U$2:$U$400),0)),"/")} -> 282 | AP9: {=IFERROR(INDEX('Offer Statistics'!Z$2:Z$400,MATCH(1,($A9='Offer Statistics'!$T$2:$T$400)*($AC$2='Offer Statistics'!$U$2:$U$400),0)),"/")} -> 243 | AR9: =A9 -> JS2340
A10: ='Reference Score Calculation'!B82 -> JS2370 | B10: ='Reference Score Calculation'!D82 -> 傳理學院 | C10: ='Reference Score Calculation'!E82 -> 傳理學學士(榮譽) - 遊戲設計與動畫主修 | D10: ='Reference Score Calculation'!S82 -> BCOMM(GDA) | E10: ='Reference Score Calculation'!AC82 -> Best 5 | F10: ='Reference Score Calculation'!F82 -> Best 5 | G10: ='Reference Score Calculation'!I82 -> 22.4 | H10: ='Reference Score Calculation'!J82 -> 20.75 | I10: ='Reference Score Calculation'!G82 -> 21.9 | J10: =計分版!J105 -> 3.5e-09 | K10: =IFERROR(IF(K$1="差距(Median)",J10-G10,IF(K$1="差距(LQ)",J10-H10,IF(K$1="差距(Mean)",J10-I10))),"/") -> -21.9 | L10: =IFERROR(IF(K$1="差距(Median)",(J10-G10)/J10,IF(K$1="差距(LQ)",(J10-H10)/J10,IF(K$1="差距(Mean)",(J10-I10)/J10))),"/") -> -6.2571429e+09 | M10: ='Reference Score Calculation'!U82 -> 20 | N10: =入學要求!Z91 -> 0 | P10: =入學要求!L91 -> 3 | Q10: =入學要求!M91 -> 3 | R10: =入學要求!N91 -> 2 | S10: =入學要求!O91 -> 1 | T10: =入學要求!P91 -> 3 | U10: =入學要求!Q91 -> 3 | V10: =入學要求!S91 -> 0 | W10: =入學要求!T91 -> 0 | X10: =入學要求!U91 -> 0 | Y10: =入學要求!V91 -> 0 | Z10: =入學要求!W91 -> 0 | AA10: =入學要求!X91 -> 0 | AB10: =IFERROR(ROUND(AL10/AE10,2),"/") -> 34.38 | AD10: {=IFERROR(INDEX('Offer Statistics'!$AI$2:$AI$400,MATCH(1,($A10='Offer Statistics'!$T$2:$T$400)*($AC$2='Offer Statistics'!$AC$2:$AC$400),0)),"/")} -> 16 | AE10: {=IFERROR(INDEX('Offer Statistics'!AD$2:AD$400,MATCH(1,($A10='Offer Statistics'!$T$2:$T$400)*($AC$2='Offer Statistics'!$AC$2:$AC$400),0)),"/")} -> 16 | AF10: {=IFERROR(INDEX('Offer Statistics'!AE$2:AE$400,MATCH(1,($A10='Offer Statistics'!$T$2:$T$400)*($AC$2='Offer Statistics'!$AC$2:$AC$400),0)),"/")} -> 0 | AG10: {=IFERROR(INDEX('Offer Statistics'!AF$2:AF$400,MATCH(1,($A10='Offer Statistics'!$T$2:$T$400)*($AC$2='Offer Statistics'!$AC$2:$AC$400),0)),"/")} -> 0 | AH10: {=IFERROR(INDEX('Offer Statistics'!AG$2:AG$400,MATCH(1,($A10='Offer Statistics'!$T$2:$T$400)*($AC$2='Offer Statistics'!$AC$2:$AC$400),0)),"/")} -> 0 | AI10: {=IFERROR(INDEX('Offer Statistics'!AH$2:AH$400,MATCH(1,($A10='Offer Statistics'!$T$2:$T$400)*($AC$2='Offer Statistics'!$AC$2:$AC$400),0)),"/")} -> 0 | AK10: {=IFERROR(INDEX('Offer Statistics'!$AA$2:$AA$400,MATCH(1,($A10='Offer Statistics'!$T$2:$T$400)*($AC$2='Offer Statistics'!$U$2:$U$400),0)),"/")} -> 2910 | AL10: {=IFERROR(INDEX('Offer Statistics'!V$2:V$400,MATCH(1,($A10='Offer Statistics'!$T$2:$T$400)*($AC$2='Offer Statistics'!$U$2:$U$400),0)),"/")} -> 550 | AM10: {=IFERROR(INDEX('Offer Statistics'!W$2:W$400,MATCH(1,($A10='Offer Statistics'!$T$2:$T$400)*($AC$2='Offer Statistics'!$U$2:$U$400),0)),"/")} -> 456 | AN10: {=IFERROR(INDEX('Offer Statistics'!X$2:X$400,MATCH(1,($A10='Offer Statistics'!$T$2:$T$400)*($AC$2='Offer Statistics'!$U$2:$U$400),0)),"/")} -> 626 | AO10: {=IFERROR(INDEX('Offer Statistics'!Y$2:Y$400,MATCH(1,($A10='Offer Statistics'!$T$2:$T$400)*($AC$2='Offer Statistics'!$U$2:$U$400),0)),"/")} -> 738 | AP10: {=IFERROR(INDEX('Offer Statistics'!Z$2:Z$400,MATCH(1,($A10='Offer Statistics'!$T$2:$T$400)*($AC$2='Offer Statistics'!$U$2:$U$400),0)),"/")} -> 540 | AR10: =A10 -> JS2370
A11: ='Reference Score Calculation'!B83 -> JS2410 | B11: ='Reference Score Calculation'!D83 -> 中醫藥學院 | C11: ='Reference Score Calculation'!E83 -> 中醫學學士及生物醫學理學士(榮譽) | D11: ='Reference Score Calculation'!S83 -> BCM&BSc(BIOMED) | E11: ='Reference Score Calculation'!AC83 -> Best 5 | F11: ='Reference Score Calculation'!F83 -> Best 5 | G11: ='Reference Score Calculation'!I83 -> 31.5 | H11: ='Reference Score Calculation'!J83 -> 31 | I11: ='Reference Score Calculation'!G83 -> 31.4 | J11: =計分版!J106 -> 3.5e-09 | K11: =IFERROR(IF(K$1="差距(Median)",J11-G11,IF(K$1="差距(LQ)",J11-H11,IF(K$1="差距(Mean)",J11-I11))),"/") -> -31.4 | L11: =IFERROR(IF(K$1="差距(Median)",(J11-G11)/J11,IF(K$1="差距(LQ)",(J11-H11)/J11,IF(K$1="差距(Mean)",(J11-I11)/J11))),"/") -> -8.9714286e+09 | M11: ='Reference Score Calculation'!U83 -> 37 | N11: =入學要求!Z92 -> 0 | P11: =入學要求!L92 -> 3 | Q11: =入學要求!M92 -> 3 | R11: =入學要求!N92 -> 2 | S11: =入學要求!O92 -> 1 | T11: =入學要求!P92 -> 3 | U11: =入學要求!Q92 -> 3 | V11: =入學要求!S92 -> 0 | W11: =入學要求!T92 -> 0 | X11: =入學要求!U92 -> 0 | Y11: =入學要求!V92 -> 0 | Z11: =入學要求!W92 -> 0 | AA11: =入學要求!X92 -> 0 | AB11: =IFERROR(ROUND(AL11/AE11,2),"/") -> 7.59 | AD11: {=IFERROR(INDEX('Offer Statistics'!$AI$2:$AI$400,MATCH(1,($A11='Offer Statistics'!$T$2:$T$400)*($AC$2='Offer Statistics'!$AC$2:$AC$400),0)),"/")} -> 46 | AE11: {=IFERROR(INDEX('Offer Statistics'!AD$2:AD$400,MATCH(1,($A11='Offer Statistics'!$T$2:$T$400)*($AC$2='Offer Statistics'!$AC$2:$AC$400),0)),"/")} -> 46 | AF11: {=IFERROR(INDEX('Offer Statistics'!AE$2:AE$400,MATCH(1,($A11='Offer Statistics'!$T$2:$T$400)*($AC$2='Offer Statistics'!$AC$2:$AC$400),0)),"/")} -> 0 | AG11: {=IFERROR(INDEX('Offer Statistics'!AF$2:AF$400,MATCH(1,($A11='Offer Statistics'!$T$2:$T$400)*($AC$2='Offer Statistics'!$AC$2:$AC$400),0)),"/")} -> 0 | AH11: {=IFERROR(INDEX('Offer Statistics'!AG$2:AG$400,MATCH(1,($A11='Offer Statistics'!$T$2:$T$400)*($AC$2='Offer Statistics'!$AC$2:$AC$400),0)),"/")} -> 0 | AI11: {=IFERROR(INDEX('Offer Statistics'!AH$2:AH$400,MATCH(1,($A11='Offer Statistics'!$T$2:$T$400)*($AC$2='Offer Statistics'!$AC$2:$AC$400),0)),"/")} -> 0 | AK11: {=IFERROR(INDEX('Offer Statistics'!$AA$2:$AA$400,MATCH(1,($A11='Offer Statistics'!$T$2:$T$400)*($AC$2='Offer Statistics'!$U$2:$U$400),0)),"/")} -> 1916 | AL11: {=IFERROR(INDEX('Offer Statistics'!V$2:V$400,MATCH(1,($A11='Offer Statistics'!$T$2:$T$400)*($AC$2='Offer Statistics'!$U$2:$U$400),0)),"/")} -> 349 | AM11: {=IFERROR(INDEX('Offer Statistics'!W$2:W$400,MATCH(1,($A11='Offer Statistics'!$T$2:$T$400)*($AC$2='Offer Statistics'!$U$2:$U$400),0)),"/")} -> 249 | AN11: {=IFERROR(INDEX('Offer Statistics'!X$2:X$400,MATCH(1,($A11='Offer Statistics'!$T$2:$T$400)*($AC$2='Offer Statistics'!$U$2:$U$400),0)),"/")} -> 399 | AO11: {=IFERROR(INDEX('Offer Statistics'!Y$2:Y$400,MATCH(1,($A11='Offer Statistics'!$T$2:$T$400)*($AC$2='Offer Statistics'!$U$2:$U$400),0)),"/")} -> 478 | AP11: {=IFERROR(INDEX('Offer Statistics'!Z$2:Z$400,MATCH(1,($A11='Offer Statistics'!$T$2:$T$400)*($AC$2='Offer Statistics'!$U$2:$U$400),0)),"/")} -> 441 | AR11: =A11 -> JS2410
A12: ='Reference Score Calculation'!B84 -> JS2420 | B12: ='Reference Score Calculation'!D84 -> 中醫藥學院 | C12: ='Reference Score Calculation'!E84 -> 中藥學學士(榮譽) | D12: ='Reference Score Calculation'!S84 -> BPharm | E12: ='Reference Score Calculation'!AC84 -> Best 5 | F12: ='Reference Score Calculation'!F84 -> Best 5 | G12: ='Reference Score Calculation'!I84 -> 24.5 | H12: ='Reference Score Calculation'!J84 -> 23.5 | I12: ='Reference Score Calculation'!G84 -> 25.01 | J12: =計分版!J107 -> 3.5e-09 | K12: =IFERROR(IF(K$1="差距(Median)",J12-G12,IF(K$1="差距(LQ)",J12-H12,IF(K$1="差距(Mean)",J12-I12))),"/") -> -25.01 | L12: =IFERROR(IF(K$1="差距(Median)",(J12-G12)/J12,IF(K$1="差距(LQ)",(J12-H12)/J12,IF(K$1="差距(Mean)",(J12-I12)/J12))),"/") -> -7.1457143e+09 | M12: ='Reference Score Calculation'!U84 -> 23 | N12: =入學要求!Z93 -> 0 | P12: =入學要求!L93 -> 3 | Q12: =入學要求!M93 -> 3 | R12: =入學要求!N93 -> 2 | S12: =入學要求!O93 -> 1 | T12: =入學要求!P93 -> 3 | U12: =入學要求!Q93 -> 3 | V12: =入學要求!S93 -> 0 | W12: =入學要求!T93 -> 0 | X12: =入學要求!U93 -> 0 | Y12: =入學要求!V93 -> 0 | Z12: =入學要求!W93 -> 0 | AA12: =入學要求!X93 -> 0 | AB12: =IFERROR(ROUND(AL12/AE12,2),"/") -> 11.69 | AD12: {=IFERROR(INDEX('Offer Statistics'!$AI$2:$AI$400,MATCH(1,($A12='Offer Statistics'!$T$2:$T$400)*($AC$2='Offer Statistics'!$AC$2:$AC$400),0)),"/")} -> 29 | AE12: {=IFERROR(INDEX('Offer Statistics'!AD$2:AD$400,MATCH(1,($A12='Offer Statistics'!$T$2:$T$400)*($AC$2='Offer Statistics'!$AC$2:$AC$400),0)),"/")} -> 29 | AF12: {=IFERROR(INDEX('Offer Statistics'!AE$2:AE$400,MATCH(1,($A12='Offer Statistics'!$T$2:$T$400)*($AC$2='Offer Statistics'!$AC$2:$AC$400),0)),"/")} -> 0 | AG12: {=IFERROR(INDEX('Offer Statistics'!AF$2:AF$400,MATCH(1,($A12='Offer Statistics'!$T$2:$T$400)*($AC$2='Offer Statistics'!$AC$2:$AC$400),0)),"/")} -> 0 | AH12: {=IFERROR(INDEX('Offer Statistics'!AG$2:AG$400,MATCH(1,($A12='Offer Statistics'!$T$2:$T$400)*($AC$2='Offer Statistics'!$AC$2:$AC$400),0)),"/")} -> 0 | AI12: {=IFERROR(INDEX('Offer Statistics'!AH$2:AH$400,MATCH(1,($A12='Offer Statistics'!$T$2:$T$400)*($AC$2='Offer Statistics'!$AC$2:$AC$400),0)),"/")} -> 0 | AK12: {=IFERROR(INDEX('Offer Statistics'!$AA$2:$AA$400,MATCH(1,($A12='Offer Statistics'!$T$2:$T$400)*($AC$2='Offer Statistics'!$U$2:$U$400),0)),"/")} -> 2406 | AL12: {=IFERROR(INDEX('Offer Statistics'!V$2:V$400,MATCH(1,($A12='Offer Statistics'!$T$2:$T$400)*($AC$2='Offer Statistics'!$U$2:$U$400),0)),"/")} -> 339 | AM12: {=IFERROR(INDEX('Offer Statistics'!W$2:W$400,MATCH(1,($A12='Offer Statistics'!$T$2:$T$400)*($AC$2='Offer Statistics'!$U$2:$U$400),0)),"/")} -> 402 | AN12: {=IFERROR(INDEX('Offer Statistics'!X$2:X$400,MATCH(1,($A12='Offer Statistics'!$T$2:$T$400)*($AC$2='Offer Statistics'!$U$2:$U$400),0)),"/")} -> 545 | AO12: {=IFERROR(INDEX('Offer Statistics'!Y$2:Y$400,MATCH(1,($A12='Offer Statistics'!$T$2:$T$400)*($AC$2='Offer Statistics'!$U$2:$U$400),0)),"/")} -> 604 | AP12: {=IFERROR(INDEX('Offer Statistics'!Z$2:Z$400,MATCH(1,($A12='Offer Statistics'!$T$2:$T$400)*($AC$2='Offer Statistics'!$U$2:$U$400),0)),"/")} -> 516 | AR12: =A12 -> JS2420
A13: ='Reference Score Calculation'!B85 -> JS2510 | B13: ='Reference Score Calculation'!D85 -> 理學院 | C13: ='Reference Score Calculation'!E85 -> 理學士(榮譽) | D13: ='Reference Score Calculation'!S85 -> BSc | E13: ='Reference Score Calculation'!AC85 -> Best 5 | F13: ='Reference Score Calculation'!F85 -> Best 5 | G13: ='Reference Score Calculation'!I85 -> 19 | H13: ='Reference Score Calculation'!J85 -> 18 | I13: ='Reference Score Calculation'!G85 -> 19.1 | J13: =計分版!J108 -> 3.5e-09 | K13: =IFERROR(IF(K$1="差距(Median)",J13-G13,IF(K$1="差距(LQ)",J13-H13,IF(K$1="差距(Mean)",J13-I13))),"/") -> -19.1 | L13: =IFERROR(IF(K$1="差距(Median)",(J13-G13)/J13,IF(K$1="差距(LQ)",(J13-H13)/J13,IF(K$1="差距(Mean)",(J13-I13)/J13))),"/") -> -5.4571429e+09 | M13: ='Reference Score Calculation'!U85 -> 197 | N13: =入學要求!Z94 -> 0 | P13: =入學要求!L94 -> 3 | Q13: =入學要求!M94 -> 3 | R13: =入學要求!N94 -> 2 | S13: =入學要求!O94 -> 1 | T13: =入學要求!P94 -> 3 | U13: =入學要求!Q94 -> 3 | V13: =入學要求!S94 -> 0 | W13: =入學要求!T94 -> 0 | X13: =入學要求!U94 -> 0 | Y13: =入學要求!V94 -> 0 | Z13: =入學要求!W94 -> 0 | AA13: =入學要求!X94 -> 0 | AB13: =IFERROR(ROUND(AL13/AE13,2),"/") -> 10.71 | AD13: {=IFERROR(INDEX('Offer Statistics'!$AI$2:$AI$400,MATCH(1,($A13='Offer Statistics'!$T$2:$T$400)*($AC$2='Offer Statistics'!$AC$2:$AC$400),0)),"/")} -> 198 | AE13: {=IFERROR(INDEX('Offer Statistics'!AD$2:AD$400,MATCH(1,($A13='Offer Statistics'!$T$2:$T$400)*($AC$2='Offer Statistics'!$AC$2:$AC$400),0)),"/")} -> 121 | AF13: {=IFERROR(INDEX('Offer Statistics'!AE$2:AE$400,MATCH(1,($A13='Offer Statistics'!$T$2:$T$400)*($AC$2='Offer Statistics'!$AC$2:$AC$400),0)),"/")} -> 61 | AG13: {=IFERROR(INDEX('Offer Statistics'!AF$2:AF$400,MATCH(1,($A13='Offer Statistics'!$T$2:$T$400)*($AC$2='Offer Statistics'!$AC$2:$AC$400),0)),"/")} -> 12 | AH13: {=IFERROR(INDEX('Offer Statistics'!AG$2:AG$400,MATCH(1,($A13='Offer Statistics'!$T$2:$T$400)*($AC$2='Offer Statistics'!$AC$2:$AC$400),0)),"/")} -> 3 | AI13: {=IFERROR(INDEX('Offer Statistics'!AH$2:AH$400,MATCH(1,($A13='Offer Statistics'!$T$2:$T$400)*($AC$2='Offer Statistics'!$AC$2:$AC$400),0)),"/")} -> 1 | AK13: {=IFERROR(INDEX('Offer Statistics'!$AA$2:$AA$400,MATCH(1,($A13='Offer Statistics'!$T$2:$T$400)*($AC$2='Offer Statistics'!$U$2:$U$400),0)),"/")} -> 5785 | AL13: {=IFERROR(INDEX('Offer Statistics'!V$2:V$400,MATCH(1,($A13='Offer Statistics'!$T$2:$T$400)*($AC$2='Offer Statistics'!$U$2:$U$400),0)),"/")} -> 1296 | AM13: {=IFERROR(INDEX('Offer Statistics'!W$2:W$400,MATCH(1,($A13='Offer Statistics'!$T$2:$T$400)*($AC$2='Offer Statistics'!$U$2:$U$400),0)),"/")} -> 1343 | AN13: {=IFERROR(INDEX('Offer Statistics'!X$2:X$400,MATCH(1,($A13='Offer Statistics'!$T$2:$T$400)*($AC$2='Offer Statistics'!$U$2:$U$400),0)),"/")} -> 1136 | AO13: {=IFERROR(INDEX('Offer Statistics'!Y$2:Y$400,MATCH(1,($A13='Offer Statistics'!$T$2:$T$400)*($AC$2='Offer Statistics'!$U$2:$U$400),0)),"/")} -> 1145 | AP13: {=IFERROR(INDEX('Offer Statistics'!Z$2:Z$400,MATCH(1,($A13='Offer Statistics'!$T$2:$T$400)*($AC$2='Offer Statistics'!$U$2:$U$400),0)),"/")} -> 865 | AR13: =A13 -> JS2510
A14: ='Reference Score Calculation'!B86 -> JS2610 | B14: ='Reference Score Calculation'!D86 -> 社會科學院 | C14: ='Reference Score Calculation'!E86 -> 文學士(榮譽) / 社會科學學士(榮譽) (歐洲研究 [法文/德文] / 地理 / 全球及中國研究 / 政治及國際關係學 / 歷史 / 社會學) | D14: ='Reference Score Calculation'!S86 -> BA/BSocSc | E14: ='Reference Score Calculation'!AC86 -> Best 5 | F14: ='Reference Score Calculation'!F86 -> Best 5 | G14: ='Reference Score Calculation'!I86 -> 24 | H14: ='Reference Score Calculation'!J86 -> 23 | I14: ='Reference Score Calculation'!G86 -> 24.11 | J14: =計分版!J109 -> 3.5e-09 | K14: =IFERROR(IF(K$1="差距(Median)",J14-G14,IF(K$1="差距(LQ)",J14-H14,IF(K$1="差距(Mean)",J14-I14))),"/") -> -24.11 | L14: =IFERROR(IF(K$1="差距(Median)",(J14-G14)/J14,IF(K$1="差距(LQ)",(J14-H14)/J14,IF(K$1="差距(Mean)",(J14-I14)/J14))),"/") -> -6.8885714e+09 | M14: ='Reference Score Calculation'!U86 -> 122 | N14: =入學要求!Z95 -> 0 | P14: =入學要求!L95 -> 3 | Q14: =入學要求!M95 -> 3 | R14: =入學要求!N95 -> 2 | S14: =入學要求!O95 -> 1 | T14: =入學要求!P95 -> 3 | U14: =入學要求!Q95 -> 3 | V14: =入學要求!S95 -> 0 | W14: =入學要求!T95 -> 0 | X14: =入學要求!U95 -> 0 | Y14: =入學要求!V95 -> 0 | Z14: =入學要求!W95 -> 0 | AA14: =入學要求!X95 -> 0 | AB14: =IFERROR(ROUND(AL14/AE14,2),"/") -> 6.81 | AD14: {=IFERROR(INDEX('Offer Statistics'!$AI$2:$AI$400,MATCH(1,($A14='Offer Statistics'!$T$2:$T$400)*($AC$2='Offer Statistics'!$AC$2:$AC$400),0)),"/")} -> 155 | AE14: {=IFERROR(INDEX('Offer Statistics'!AD$2:AD$400,MATCH(1,($A14='Offer Statistics'!$T$2:$T$400)*($AC$2='Offer Statistics'!$AC$2:$AC$400),0)),"/")} -> 146 | AF14: {=IFERROR(INDEX('Offer Statistics'!AE$2:AE$400,MATCH(1,($A14='Offer Statistics'!$T$2:$T$400)*($AC$2='Offer Statistics'!$AC$2:$AC$400),0)),"/")} -> 7 | AG14: {=IFERROR(INDEX('Offer Statistics'!AF$2:AF$400,MATCH(1,($A14='Offer Statistics'!$T$2:$T$400)*($AC$2='Offer Statistics'!$AC$2:$AC$400),0)),"/")} -> 1 | AH14: {=IFERROR(INDEX('Offer Statistics'!AG$2:AG$400,MATCH(1,($A14='Offer Statistics'!$T$2:$T$400)*($AC$2='Offer Statistics'!$AC$2:$AC$400),0)),"/")} -> 0 | AI14: {=IFERROR(INDEX('Offer Statistics'!AH$2:AH$400,MATCH(1,($A14='Offer Statistics'!$T$2:$T$400)*($AC$2='Offer Statistics'!$AC$2:$AC$400),0)),"/")} -> 1 | AK14: {=IFERROR(INDEX('Offer Statistics'!$AA$2:$AA$400,MATCH(1,($A14='Offer Statistics'!$T$2:$T$400)*($AC$2='Offer Statistics'!$U$2:$U$400),0)),"/")} -> 4255 | AL14: {=IFERROR(INDEX('Offer Statistics'!V$2:V$400,MATCH(1,($A14='Offer Statistics'!$T$2:$T$400)*($AC$2='Offer Statistics'!$U$2:$U$400),0)),"/")} -> 994 | AM14: {=IFERROR(INDEX('Offer Statistics'!W$2:W$400,MATCH(1,($A14='Offer Statistics'!$T$2:$T$400)*($AC$2='Offer Statistics'!$U$2:$U$400),0)),"/")} -> 768 | AN14: {=IFERROR(INDEX('Offer Statistics'!X$2:X$400,MATCH(1,($A14='Offer Statistics'!$T$2:$T$400)*($AC$2='Offer Statistics'!$U$2:$U$400),0)),"/")} -> 932 | AO14: {=IFERROR(INDEX('Offer Statistics'!Y$2:Y$400,MATCH(1,($A14='Offer Statistics'!$T$2:$T$400)*($AC$2='Offer Statistics'!$U$2:$U$400),0)),"/")} -> 902 | AP14: {=IFERROR(INDEX('Offer Statistics'!Z$2:Z$400,MATCH(1,($A14='Offer Statistics'!$T$2:$T$400)*($AC$2='Offer Statistics'!$U$2:$U$400),0)),"/")} -> 659 | AR14: =A14 -> JS2610
... A23: ='Reference Score Calculation'!B95 -> JS2960 | B23: ='Reference Score Calculation'!D95 -> 跨學院課程 | C23: ='Reference Score Calculation'!E95 -> 數位未來與人文學科文理學士(榮譽) | D23: ='Reference Score Calculation'!S95 -> BASc(DIFH) | E23: ='Reference Score Calculation'!AC95 -> Best 5 | F23: ='Reference Score Calculation'!F95 -> 25年新科目 | G23: ='Reference Score Calculation'!I95 -> / | H23: ='Reference Score Calculation'!J95 -> / | I23: ='Reference Score Calculation'!G95 -> / | J23: =計分版!J118 -> 3.5e-09 | K23: =IFERROR(IF(K$1="差距(Median)",J23-G23,IF(K$1="差距(LQ)",J23-H23,IF(K$1="差距(Mean)",J23-I23))),"/") -> / | L23: =IFERROR(IF(K$1="差距(Median)",(J23-G23)/J23,IF(K$1="差距(LQ)",(J23-H23)/J23,IF(K$1="差距(Mean)",(J23-I23)/J23))),"/") -> / | M23: ='Reference Score Calculation'!U95 -> 40 | N23: =入學要求!Z104 -> 0 | P23: =入學要求!L104 -> 3 | Q23: =入學要求!M104 -> 3 | R23: =入學要求!N104 -> 2 | S23: =入學要求!O104 -> 1 | T23: =入學要求!P104 -> 3 | U23: =入學要求!Q104 -> 3 | V23: =入學要求!S104 -> 0 | W23: =入學要求!T104 -> 0 | X23: =入學要求!U104 -> 0 | Y23: =入學要求!V104 -> 0 | Z23: =入學要求!W104 -> 0 | AA23: =入學要求!X104 -> 0 | AB23: =IFERROR(ROUND(AL23/AE23,2),"/") -> / | AD23: {=IFERROR(INDEX('Offer Statistics'!$AI$2:$AI$400,MATCH(1,($A23='Offer Statistics'!$T$2:$T$400)*($AC$2='Offer Statistics'!$AC$2:$AC$400),0)),"/")} -> / | AE23: {=IFERROR(INDEX('Offer Statistics'!AD$2:AD$400,MATCH(1,($A23='Offer Statistics'!$T$2:$T$400)*($AC$2='Offer Statistics'!$AC$2:$AC$400),0)),"/")} -> / | AF23: {=IFERROR(INDEX('Offer Statistics'!AE$2:AE$400,MATCH(1,($A23='Offer Statistics'!$T$2:$T$400)*($AC$2='Offer Statistics'!$AC$2:$AC$400),0)),"/")} -> / | AG23: {=IFERROR(INDEX('Offer Statistics'!AF$2:AF$400,MATCH(1,($A23='Offer Statistics'!$T$2:$T$400)*($AC$2='Offer Statistics'!$AC$2:$AC$400),0)),"/")} -> / | AH23: {=IFERROR(INDEX('Offer Statistics'!AG$2:AG$400,MATCH(1,($A23='Offer Statistics'!$T$2:$T$400)*($AC$2='Offer Statistics'!$AC$2:$AC$400),0)),"/")} -> / | AI23: {=IFERROR(INDEX('Offer Statistics'!AH$2:AH$400,MATCH(1,($A23='Offer Statistics'!$T$2:$T$400)*($AC$2='Offer Statistics'!$AC$2:$AC$400),0)),"/")} -> / | AK23: {=IFERROR(INDEX('Offer Statistics'!$AA$2:$AA$400,MATCH(1,($A23='Offer Statistics'!$T$2:$T$400)*($AC$2='Offer Statistics'!$U$2:$U$400),0)),"/")} -> / | AL23: {=IFERROR(INDEX('Offer Statistics'!V$2:V$400,MATCH(1,($A23='Offer Statistics'!$T$2:$T$400)*($AC$2='Offer Statistics'!$U$2:$U$400),0)),"/")} -> / | AM23: {=IFERROR(INDEX('Offer Statistics'!W$2:W$400,MATCH(1,($A23='Offer Statistics'!$T$2:$T$400)*($AC$2='Offer Statistics'!$U$2:$U$400),0)),"/")} -> / | AN23: {=IFERROR(INDEX('Offer Statistics'!X$2:X$400,MATCH(1,($A23='Offer Statistics'!$T$2:$T$400)*($AC$2='Offer Statistics'!$U$2:$U$400),0)),"/")} -> / | AO23: {=IFERROR(INDEX('Offer Statistics'!Y$2:Y$400,MATCH(1,($A23='Offer Statistics'!$T$2:$T$400)*($AC$2='Offer Statistics'!$U$2:$U$400),0)),"/")} -> / | AP23: {=IFERROR(INDEX('Offer Statistics'!Z$2:Z$400,MATCH(1,($A23='Offer Statistics'!$T$2:$T$400)*($AC$2='Offer Statistics'!$U$2:$U$400),0)),"/")} -> / | AR23: =A23 -> JS2960
A25: *浸大公佈的分數為 已計比重的平均分數 ，以及未計比重的原始分數，以上含比重分數一律以最大比重作估算，或會稍高於真實分數，只供參考。
A26: *每年分數計算方式或有更改，以上一律以2024方式計算，以便估計分數差距。
A28: *計分方式：斜體 = 2025年新科目/新安排，粗體 = 有比重
A29: *入學資格：綠色＝合符資格，紅色＝不符資格，黃色＝或有額外要求（通常有關其他入學要求，例如作品集，或是個別科目分數）
A31: 估算方式:
A32: 由於浸大每年除了公佈平均分外，亦會公佈各分布位置(中位數、下四分位數)的同學的詳細分數，故此處即以其細分 加以比重 作估算。
A34: *無比重的學科 (如 JS2020, JS2025)，將直接以Best 5計算 。
A35: *只有主科有比重的學科 (如 JS2310)，則會直接為主科計算比重，然後再加上剩餘科目分數。
A37: *而選修有比重的學科 (如 JS2420)，由於浸大並未有列出參考分數的選修科目，此處保守起見，將會假設參考分數的選修科均有最大比重，故估算分數或會高於真實分數，請注意。
B38: *以2023年 JS2420為例，其比重為 「英文、化學」x1.5、 「生物、數學」x1.25
B39: *其中位數(Median)詳細分數為︰中文 4 、英文 4 、數學 4 、通識 4 、選修一 4 、選修二 3 、選修三 3，此處將假設其兩科選修「食中曬比重」，即為 「化學」(x1.5) 及「生物」(x1.25)。
B40: *計算比重後，分數為︰中文 4 (4)、英文 4x1.5 (6) 、數學 4x1.25 (5) 、通識 4 (4) 、選修一 4x1.5 (6) 、選修二 3x1.25 (3.75) 、選修三 3 (3)
B41: *最後以其計分方式，即 Best 5 作挑選，得出︰6 + 6 + 5 + 4 + 4 = 25
A43: *為了公平比較往年數據，新學年修改了計分方式 或 比重的學科 (如 JS2940) 在此處將繼續以往年方式估算，請注意。
A46: 參考資料:
A47: https://admissions.hkbu.edu.hk/en/hkdse.html
A48: https://admissions.hkbu.edu.hk/en/programmes-offer.html
AD60: =IF($U$2="2018年",'Offer Statistics'!#REF!,IF($U$2="2019年",'Offer Statistics'!#REF!,IF($U$2="2020年",'Offer Statistics'!#REF!))) -> FALSE | AE60: =IF($U$2="2018年",'Offer Statistics'!M50,IF($U$2="2019年",'Offer Statistics'!M100,IF($U$2="2020年",'Offer Statistics'!M151))) -> FALSE | AF60: =IF($U$2="2018年",'Offer Statistics'!N50,IF($U$2="2019年",'Offer Statistics'!N100,IF($U$2="2020年",'Offer Statistics'!N151))) -> FALSE | AG60: =IF($U$2="2018年",'Offer Statistics'!O50,IF($U$2="2019年",'Offer Statistics'!O100,IF($U$2="2020年",'Offer Statistics'!O151))) -> FALSE | AH60: =IF($U$2="2018年",'Offer Statistics'!P50,IF($U$2="2019年",'Offer Statistics'!P100,IF($U$2="2020年",'Offer Statistics'!P151))) -> FALSE | AI60: =IF($U$2="2018年",'Offer Statistics'!Q50,IF($U$2="2019年",'Offer Statistics'!Q100,IF($U$2="2020年",'Offer Statistics'!Q151))) -> FALSE | AK60: =IF(#REF!="2018年",'Offer Statistics'!S50,IF(#REF!="2019年",'Offer Statistics'!S100,IF(#REF!="2020年",'Offer Statistics'!S150))) -> #REF! | AL60: =IF(#REF!="2018年",'Offer Statistics'!E50,IF(#REF!="2019年",'Offer Statistics'!E100,IF(#REF!="2020年",'Offer Statistics'!E151))) -> #REF! | AM60: =IF(#REF!="2018年",'Offer Statistics'!F50,IF(#REF!="2019年",'Offer Statistics'!F100,IF(#REF!="2020年",'Offer Statistics'!F151))) -> #REF! | AN60: =IF(#REF!="2018年",'Offer Statistics'!G50,IF(#REF!="2019年",'Offer Statistics'!G100,IF(#REF!="2020年",'Offer Statistics'!G151))) -> #REF! | AO60: =IF(#REF!="2018年",'Offer Statistics'!H50,IF(#REF!="2019年",'Offer Statistics'!H100,IF(#REF!="2020年",'Offer Statistics'!H151))) -> #REF! | AP60: =IF(#REF!="2018年",'Offer Statistics'!I50,IF(#REF!="2019年",'Offer Statistics'!I100,IF(#REF!="2020年",'Offer Statistics'!I151))) -> #REF! | AR60: JS1807

Sheet PolyU
A1: 編號 | B1: 學院 | C1: 課程/學科 | E1: 24年計分方式 | F1: 23年計分方式 | G1: Median | H1: LQ | I1: Mean | J1: 你的分數 | K1: 差距(Median) | M1: 學額 | N1: 資格 | P1: 中 | Q1: 英 | R1: 數 | S1: 公 | T1: E1 | U1: E2 | AB1: Band A 競爭 | AC1: 取錄人數 | AD1: Total | AE1: Band A | AF1: Band B | AG1: Band C | AH1: Band D | AI1: Band E | AJ1: 申請人數 | AK1: Total | AL1: Band A | AM1: Band B | AN1: Band C | AO1: Band D | AP1: Band E
A2: ='Reference Score Calculation'!B98 -> JS3000 | B2: ='Reference Score Calculation'!D98 -> 跨學院課程 | C2: ='Reference Score Calculation'!E98 -> 跨學科組合學士課程 | D2: ='Reference Score Calculation'!S98 -> INTERDISCIP STUDIES | E2: ='Reference Score Calculation'!AC98 -> Best 5 | F2: ='Reference Score Calculation'!F98 -> 25年新科目 | G2: ='Reference Score Calculation'!I98 -> / | H2: ='Reference Score Calculation'!J98 -> / | I2: ='Reference Score Calculation'!G98 -> / | J2: =計分版!J121 -> 7.7e-09 | K2: =IFERROR(IF(K$1="差距(Median)",J2-G2,IF(K$1="差距(LQ)",J2-H2,IF(K$1="差距(Mean)",J2-I2))),"/") -> / | L2: =IFERROR(IF(K$1="差距(Median)",(J2-G2)/J2,IF(K$1="差距(LQ)",(J2-H2)/J2,IF(K$1="差距(Mean)",(J2-I2)/J2))),"/") -> / | M2: ='Reference Score Calculation'!U98 -> 30 | N2: =入學要求!Z107 -> 0 | O2: 請前往All in One 計分器查看比重、入學要求等詳情。 | P2: =入學要求!L107 -> 3 | Q2: =入學要求!M107 -> 3 | R2: =入學要求!N107 -> 2 | S2: =入學要求!O107 -> 1 | T2: =入學要求!P107 -> 3 | U2: =入學要求!Q107 -> 3 | V2: =入學要求!S107 -> 0 | W2: =入學要求!T107 -> 0 | X2: =入學要求!U107 -> 0 | Y2: =入學要求!V107 -> 0 | Z2: =入學要求!W107 -> 0 | AA2: =入學要求!X107 -> 0 | AB2: =IFERROR(ROUND(AL2/AE2,2),"/") -> / | AC2: 2024年 | AD2: {=IFERROR(INDEX('Offer Statistics'!$AZ$2:$AZ$400,MATCH(1,($A2='Offer Statistics'!$AK$2:$AK$400)*($AC$2='Offer Statistics'!$AL$2:$AL$400),0)),"/")} -> / | AE2: {=IFERROR(INDEX('Offer Statistics'!AU$2:AU$400,MATCH(1,($A2='Offer Statistics'!$AK$2:$AK$400)*($AC$2='Offer Statistics'!$AL$2:$AL$400),0)),"/")} -> / | AF2: {=IFERROR(INDEX('Offer Statistics'!AV$2:AV$400,MATCH(1,($A2='Offer Statistics'!$AK$2:$AK$400)*($AC$2='Offer Statistics'!$AL$2:$AL$400),0)),"/")} -> / | AG2: {=IFERROR(INDEX('Offer Statistics'!AW$2:AW$400,MATCH(1,($A2='Offer Statistics'!$AK$2:$AK$400)*($AC$2='Offer Statistics'!$AL$2:$AL$400),0)),"/")} -> / | AH2: {=IFERROR(INDEX('Offer Statistics'!AX$2:AX$400,MATCH(1,($A2='Offer Statistics'!$AK$2:$AK$400)*($AC$2='Offer Statistics'!$AL$2:$AL$400),0)),"/")} -> / | AI2: {=IFERROR(INDEX('Offer Statistics'!AY$2:AY$400,MATCH(1,($A2='Offer Statistics'!$AK$2:$AK$400)*($AC$2='Offer Statistics'!$AL$2:$AL$400),0)),"/")} -> / | AJ2: =AC2 -> 2024年 | AK2: {=IFERROR(INDEX('Offer Statistics'!$AR$2:$AR$400,MATCH(1,($A2='Offer Statistics'!$AK$2:$AK$400)*($AC$2='Offer Statistics'!$AL$2:$AL$400),0)),"/")} -> / | AL2: {=IFERROR(INDEX('Offer Statistics'!AM$2:AM$400,MATCH(1,($A2='Offer Statistics'!$AK$2:$AK$400)*($AC$2='Offer Statistics'!$AL$2:$AL$400),0)),"/")} -> / | AM2: {=IFERROR(INDEX('Offer Statistics'!AN$2:AN$400,MATCH(1,($A2='Offer Statistics'!$AK$2:$AK$400)*($AC$2='Offer Statistics'!$AL$2:$AL$400),0)),"/")} -> / | AN2: {=IFERROR(INDEX('Offer Statistics'!AO$2:AO$400,MATCH(1,($A2='Offer Statistics'!$AK$2:$AK$400)*($AC$2='Offer Statistics'!$AL$2:$AL$400),0)),"/")} -> / | AO2: {=IFERROR(INDEX('Offer Statistics'!AP$2:AP$400,MATCH(1,($A2='Offer Statistics'!$AK$2:$AK$400)*($AC$2='Offer Statistics'!$AL$2:$AL$400),0)),"/")} -> / | AP2: {=IFERROR(INDEX('Offer Statistics'!AQ$2:AQ$400,MATCH(1,($A2='Offer Statistics'!$AK$2:$AK$400)*($AC$2='Offer Statistics'!$AL$2:$AL$400),0)),"/")} -> / | AR2: =A2 -> JS3000
A3: ='Reference Score Calculation'!B99 -> JS3003 | B3: ='Reference Score Calculation'!D99 -> 工商管理學院 | C3: ='Reference Score Calculation'!E99 -> 工商管理組合學士課程 | D3: ='Reference Score Calculation'!S99 -> BUSINESS ADMIN | E3: ='Reference Score Calculation'!AC99 -> Best 5 | F3: ='Reference Score Calculation'!F99 -> 25年新科目 | G3: ='Reference Score Calculation'!I99 -> / | H3: ='Reference Score Calculation'!J99 -> / | I3: ='Reference Score Calculation'!G99 -> / | J3: =計分版!J122 -> 9.2e-09 | K3: =IFERROR(IF(K$1="差距(Median)",J3-G3,IF(K$1="差距(LQ)",J3-H3,IF(K$1="差距(Mean)",J3-I3))),"/") -> / | L3: =IFERROR(IF(K$1="差距(Median)",(J3-G3)/J3,IF(K$1="差距(LQ)",(J3-H3)/J3,IF(K$1="差距(Mean)",(J3-I3)/J3))),"/") -> / | M3: ='Reference Score Calculation'!U99 -> 19 | N3: =入學要求!Z108 -> 0 | P3: =入學要求!L108 -> 3 | Q3: =入學要求!M108 -> 3 | R3: =入學要求!N108 -> 2 | S3: =入學要求!O108 -> 1 | T3: =入學要求!P108 -> 3 | U3: =入學要求!Q108 -> 3 | V3: =入學要求!S108 -> 0 | W3: =入學要求!T108 -> 0 | X3: =入學要求!U108 -> 0 | Y3: =入學要求!V108 -> 0 | Z3: =入學要求!W108 -> 0 | AA3: =入學要求!X108 -> 0 | AB3: =IFERROR(ROUND(AL3/AE3,2),"/") -> / | AD3: {=IFERROR(INDEX('Offer Statistics'!$AZ$2:$AZ$400,MATCH(1,($A3='Offer Statistics'!$AK$2:$AK$400)*($AC$2='Offer Statistics'!$AL$2:$AL$400),0)),"/")} -> / | AE3: {=IFERROR(INDEX('Offer Statistics'!AU$2:AU$400,MATCH(1,($A3='Offer Statistics'!$AK$2:$AK$400)*($AC$2='Offer Statistics'!$AL$2:$AL$400),0)),"/")} -> / | AF3: {=IFERROR(INDEX('Offer Statistics'!AV$2:AV$400,MATCH(1,($A3='Offer Statistics'!$AK$2:$AK$400)*($AC$2='Offer Statistics'!$AL$2:$AL$400),0)),"/")} -> / | AG3: {=IFERROR(INDEX('Offer Statistics'!AW$2:AW$400,MATCH(1,($A3='Offer Statistics'!$AK$2:$AK$400)*($AC$2='Offer Statistics'!$AL$2:$AL$400),0)),"/")} -> / | AH3: {=IFERROR(INDEX('Offer Statistics'!AX$2:AX$400,MATCH(1,($A3='Offer Statistics'!$AK$2:$AK$400)*($AC$2='Offer Statistics'!$AL$2:$AL$400),0)),"/")} -> / | AI3: {=IFERROR(INDEX('Offer Statistics'!AY$2:AY$400,MATCH(1,($A3='Offer Statistics'!$AK$2:$AK$400)*($AC$2='Offer Statistics'!$AL$2:$AL$400),0)),"/")} -> / | AK3: {=IFERROR(INDEX('Offer Statistics'!$AR$2:$AR$400,MATCH(1,($A3='Offer Statistics'!$AK$2:$AK$400)*($AC$2='Offer Statistics'!$AL$2:$AL$400),0)),"/")} -> / | AL3: {=IFERROR(INDEX('Offer Statistics'!AM$2:AM$400,MATCH(1,($A3='Offer Statistics'!$AK$2:$AK$400)*($AC$2='Offer Statistics'!$AL$2:$AL$400),0)),"/")} -> / | AM3: {=IFERROR(INDEX('Offer Statistics'!AN$2:AN$400,MATCH(1,($A3='Offer Statistics'!$AK$2:$AK$400)*($AC$2='Offer Statistics'!$AL$2:$AL$400),0)),"/")} -> / | AN3: {=IFERROR(INDEX('Offer Statistics'!AO$2:AO$400,MATCH(1,($A3='Offer Statistics'!$AK$2:$AK$400)*($AC$2='Offer Statistics'!$AL$2:$AL$400),0)),"/")} -> / | AO3: {=IFERROR(INDEX('Offer Statistics'!AP$2:AP$400,MATCH(1,($A3='Offer Statistics'!$AK$2:$AK$400)*($AC$2='Offer Statistics'!$AL$2:$AL$400),0)),"/")} -> / | AP3: {=IFERROR(INDEX('Offer Statistics'!AQ$2:AQ$400,MATCH(1,($A3='Offer Statistics'!$AK$2:$AK$400)*($AC$2='Offer Statistics'!$AL$2:$AL$400),0)),"/")} -> / | AR3: =A3 -> JS3003
A4: ='Reference Score Calculation'!B100 -> JS3004 | B4: ='Reference Score Calculation'!D100 -> 建築及環境學院 | C4: ='Reference Score Calculation'!E100 -> 建設及環境組合學士課程 | D4: ='Reference Score Calculation'!S100 -> CONSTRUCT & ENVIR | E4: ='Reference Score Calculation'!AC100 -> Best 5 | F4: ='Reference Score Calculation'!F100 -> 25年新科目 | G4: ='Reference Score Calculation'!I100 -> / | H4: ='Reference Score Calculation'!J100 -> / | I4: ='Reference Score Calculation'!G100 -> / | J4: =計分版!J123 -> 1.07e-08 | K4: =IFERROR(IF(K$1="差距(Median)",J4-G4,IF(K$1="差距(LQ)",J4-H4,IF(K$1="差距(Mean)",J4-I4))),"/") -> / | L4: =IFERROR(IF(K$1="差距(Median)",(J4-G4)/J4,IF(K$1="差距(LQ)",(J4-H4)/J4,IF(K$1="差距(Mean)",(J4-I4)/J4))),"/") -> / | M4: ='Reference Score Calculation'!U100 -> 33 | N4: =入學要求!Z109 -> 0 | P4: =入學要求!L109 -> 3 | Q4: =入學要求!M109 -> 3 | R4: =入學要求!N109 -> 2 | S4: =入學要求!O109 -> 1 | T4: =入學要求!P109 -> 3 | U4: =入學要求!Q109 -> 3 | V4: =入學要求!S109 -> 0 | W4: =入學要求!T109 -> 0 | X4: =入學要求!U109 -> 0 | Y4: =入學要求!V109 -> 0 | Z4: =入學要求!W109 -> 0 | AA4: =入學要求!X109 -> 0 | AB4: =IFERROR(ROUND(AL4/AE4,2),"/") -> / | AD4: {=IFERROR(INDEX('Offer Statistics'!$AZ$2:$AZ$400,MATCH(1,($A4='Offer Statistics'!$AK$2:$AK$400)*($AC$2='Offer Statistics'!$AL$2:$AL$400),0)),"/")} -> / | AE4: {=IFERROR(INDEX('Offer Statistics'!AU$2:AU$400,MATCH(1,($A4='Offer Statistics'!$AK$2:$AK$400)*($AC$2='Offer Statistics'!$AL$2:$AL$400),0)),"/")} -> / | AF4: {=IFERROR(INDEX('Offer Statistics'!AV$2:AV$400,MATCH(1,($A4='Offer Statistics'!$AK$2:$AK$400)*($AC$2='Offer Statistics'!$AL$2:$AL$400),0)),"/")} -> / | AG4: {=IFERROR(INDEX('Offer Statistics'!AW$2:AW$400,MATCH(1,($A4='Offer Statistics'!$AK$2:$AK$400)*($AC$2='Offer Statistics'!$AL$2:$AL$400),0)),"/")} -> / | AH4: {=IFERROR(INDEX('Offer Statistics'!AX$2:AX$400,MATCH(1,($A4='Offer Statistics'!$AK$2:$AK$400)*($AC$2='Offer Statistics'!$AL$2:$AL$400),0)),"/")} -> / | AI4: {=IFERROR(INDEX('Offer Statistics'!AY$2:AY$400,MATCH(1,($A4='Offer Statistics'!$AK$2:$AK$400)*($AC$2='Offer Statistics'!$AL$2:$AL$400),0)),"/")} -> / | AK4: {=IFERROR(INDEX('Offer Statistics'!$AR$2:$AR$400,MATCH(1,($A4='Offer Statistics'!$AK$2:$AK$400)*($AC$2='Offer Statistics'!$AL$2:$AL$400),0)),"/")} -> / | AL4: {=IFERROR(INDEX('Offer Statistics'!AM$2:AM$400,MATCH(1,($A4='Offer Statistics'!$AK$2:$AK$400)*($AC$2='Offer Statistics'!$AL$2:$AL$400),0)),"/")} -> / | AM4: {=IFERROR(INDEX('Offer Statistics'!AN$2:AN$400,MATCH(1,($A4='Offer Statistics'!$AK$2:$AK$400)*($AC$2='Offer Statistics'!$AL$2:$AL$400),0)),"/")} -> / | AN4: {=IFERROR(INDEX('Offer Statistics'!AO$2:AO$400,MATCH(1,($A4='Offer Statistics'!$AK$2:$AK$400)*($AC$2='Offer Statistics'!$AL$2:$AL$400),0)),"/")} -> / | AO4: {=IFERROR(INDEX('Offer Statistics'!AP$2:AP$400,MATCH(1,($A4='Offer Statistics'!$AK$2:$AK$400)*($AC$2='Offer Statistics'!$AL$2:$AL$400),0)),"/")} -> / | AP4: {=IFERROR(INDEX('Offer Statistics'!AQ$2:AQ$400,MATCH(1,($A4='Offer Statistics'!$AK$2:$AK$400)*($AC$2='Offer Statistics'!$AL$2:$AL$400),0)),"/")} -> / | AR4: =A4 -> JS3004
A5: ='Reference Score Calculation'!B101 -> JS3005 | B5: ='Reference Score Calculation'!D101 -> 工程學院 | C5: ='Reference Score Calculation'!E101 -> 工程學科組合學士課程 | D5: ='Reference Score Calculation'!S101 -> ENGINEERING | E5: ='Reference Score Calculation'!AC101 -> Best 5 | F5: ='Reference Score Calculation'!F101 -> 25年新科目 | G5: ='Reference Score Calculation'!I101 -> / | H5: ='Reference Score Calculation'!J101 -> / | I5: ='Reference Score Calculation'!G101 -> / | J5: =計分版!J124 -> 1.07e-08 | K5: =IFERROR(IF(K$1="差距(Median)",J5-G5,IF(K$1="差距(LQ)",J5-H5,IF(K$1="差距(Mean)",J5-I5))),"/") -> / | L5: =IFERROR(IF(K$1="差距(Median)",(J5-G5)/J5,IF(K$1="差距(LQ)",(J5-H5)/J5,IF(K$1="差距(Mean)",(J5-I5)/J5))),"/") -> / | M5: ='Reference Score Calculation'!U101 -> 35 | N5: =入學要求!Z110 -> 0 | P5: =入學要求!L110 -> 3 | Q5: =入學要求!M110 -> 3 | R5: =入學要求!N110 -> 2 | S5: =入學要求!O110 -> 1 | T5: =入學要求!P110 -> 3 | U5: =入學要求!Q110 -> 3 | V5: =入學要求!S110 -> 0 | W5: =入學要求!T110 -> 0 | X5: =入學要求!U110 -> 0 | Y5: =入學要求!V110 -> 0 | Z5: =入學要求!W110 -> 0 | AA5: =入學要求!X110 -> 0 | AB5: =IFERROR(ROUND(AL5/AE5,2),"/") -> / | AD5: {=IFERROR(INDEX('Offer Statistics'!$AZ$2:$AZ$400,MATCH(1,($A5='Offer Statistics'!$AK$2:$AK$400)*($AC$2='Offer Statistics'!$AL$2:$AL$400),0)),"/")} -> / | AE5: {=IFERROR(INDEX('Offer Statistics'!AU$2:AU$400,MATCH(1,($A5='Offer Statistics'!$AK$2:$AK$400)*($AC$2='Offer Statistics'!$AL$2:$AL$400),0)),"/")} -> / | AF5: {=IFERROR(INDEX('Offer Statistics'!AV$2:AV$400,MATCH(1,($A5='Offer Statistics'!$AK$2:$AK$400)*($AC$2='Offer Statistics'!$AL$2:$AL$400),0)),"/")} -> / | AG5: {=IFERROR(INDEX('Offer Statistics'!AW$2:AW$400,MATCH(1,($A5='Offer Statistics'!$AK$2:$AK$400)*($AC$2='Offer Statistics'!$AL$2:$AL$400),0)),"/")} -> / | AH5: {=IFERROR(INDEX('Offer Statistics'!AX$2:AX$400,MATCH(1,($A5='Offer Statistics'!$AK$2:$AK$400)*($AC$2='Offer Statistics'!$AL$2:$AL$400),0)),"/")} -> / | AI5: {=IFERROR(INDEX('Offer Statistics'!AY$2:AY$400,MATCH(1,($A5='Offer Statistics'!$AK$2:$AK$400)*($AC$2='Offer Statistics'!$AL$2:$AL$400),0)),"/")} -> / | AK5: {=IFERROR(INDEX('Offer Statistics'!$AR$2:$AR$400,MATCH(1,($A5='Offer Statistics'!$AK$2:$AK$400)*($AC$2='Offer Statistics'!$AL$2:$AL$400),0)),"/")} -> / | AL5: {=IFERROR(INDEX('Offer Statistics'!AM$2:AM$400,MATCH(1,($A5='Offer Statistics'!$AK$2:$AK$400)*($AC$2='Offer Statistics'!$AL$2:$AL$400),0)),"/")} -> / | AM5: {=IFERROR(INDEX('Offer Statistics'!AN$2:AN$400,MATCH(1,($A5='Offer Statistics'!$AK$2:$AK$400)*($AC$2='Offer Statistics'!$AL$2:$AL$400),0)),"/")} -> / | AN5: {=IFERROR(INDEX('Offer Statistics'!AO$2:AO$400,MATCH(1,($A5='Offer Statistics'!$AK$2:$AK$400)*($AC$2='Offer Statistics'!$AL$2:$AL$400),0)),"/")} -> / | AO5: {=IFERROR(INDEX('Offer Statistics'!AP$2:AP$400,MATCH(1,($A5='Offer Statistics'!$AK$2:$AK$400)*($AC$2='Offer Statistics'!$AL$2:$AL$400),0)),"/")} -> / | AP5: {=IFERROR(INDEX('Offer Statistics'!AQ$2:AQ$400,MATCH(1,($A5='Offer Statistics'!$AK$2:$AK$400)*($AC$2='Offer Statistics'!$AL$2:$AL$400),0)),"/")} -> / | AR5: =A5 -> JS3005
A6: ='Reference Score Calculation'!B102 -> JS3006 | B6: ='Reference Score Calculation'!D102 -> 工程學院 | C6: ='Reference Score Calculation'!E102 -> 計算機及數學科學組合學士課程 | D6: ='Reference Score Calculation'!S102 -> COMP & MATH SCI | E6: ='Reference Score Calculation'!AC102 -> Best 5 | F6: ='Reference Score Calculation'!F102 -> 25年新科目 | G6: ='Reference Score Calculation'!I102 -> / | H6: ='Reference Score Calculation'!J102 -> / | I6: ='Reference Score Calculation'!G102 -> / | J6: =計分版!J125 -> 1.07e-08 | K6: =IFERROR(IF(K$1="差距(Median)",J6-G6,IF(K$1="差距(LQ)",J6-H6,IF(K$1="差距(Mean)",J6-I6))),"/") -> / | L6: =IFERROR(IF(K$1="差距(Median)",(J6-G6)/J6,IF(K$1="差距(LQ)",(J6-H6)/J6,IF(K$1="差距(Mean)",(J6-I6)/J6))),"/") -> / | M6: ='Reference Score Calculation'!U102 -> 14 | N6: =入學要求!Z111 -> 0 | P6: =入學要求!L111 -> 3 | Q6: =入學要求!M111 -> 3 | R6: =入學要求!N111 -> 2 | S6: =入學要求!O111 -> 1 | T6: =入學要求!P111 -> 3 | U6: =入學要求!Q111 -> 3 | V6: =入學要求!S111 -> 0 | W6: =入學要求!T111 -> 0 | X6: =入學要求!U111 -> 0 | Y6: =入學要求!V111 -> 0 | Z6: =入學要求!W111 -> 0 | AA6: =入學要求!X111 -> 0 | AB6: =IFERROR(ROUND(AL6/AE6,2),"/") -> / | AD6: {=IFERROR(INDEX('Offer Statistics'!$AZ$2:$AZ$400,MATCH(1,($A6='Offer Statistics'!$AK$2:$AK$400)*($AC$2='Offer Statistics'!$AL$2:$AL$400),0)),"/")} -> / | AE6: {=IFERROR(INDEX('Offer Statistics'!AU$2:AU$400,MATCH(1,($A6='Offer Statistics'!$AK$2:$AK$400)*($AC$2='Offer Statistics'!$AL$2:$AL$400),0)),"/")} -> / | AF6: {=IFERROR(INDEX('Offer Statistics'!AV$2:AV$400,MATCH(1,($A6='Offer Statistics'!$AK$2:$AK$400)*($AC$2='Offer Statistics'!$AL$2:$AL$400),0)),"/")} -> / | AG6: {=IFERROR(INDEX('Offer Statistics'!AW$2:AW$400,MATCH(1,($A6='Offer Statistics'!$AK$2:$AK$400)*($AC$2='Offer Statistics'!$AL$2:$AL$400),0)),"/")} -> / | AH6: {=IFERROR(INDEX('Offer Statistics'!AX$2:AX$400,MATCH(1,($A6='Offer Statistics'!$AK$2:$AK$400)*($AC$2='Offer Statistics'!$AL$2:$AL$400),0)),"/")} -> / | AI6: {=IFERROR(INDEX('Offer Statistics'!AY$2:AY$400,MATCH(1,($A6='Offer Statistics'!$AK$2:$AK$400)*($AC$2='Offer Statistics'!$AL$2:$AL$400),0)),"/")} -> / | AK6: {=IFERROR(INDEX('Offer Statistics'!$AR$2:$AR$400,MATCH(1,($A6='Offer Statistics'!$AK$2:$AK$400)*($AC$2='Offer Statistics'!$AL$2:$AL$400),0)),"/")} -> / | AL6: {=IFERROR(INDEX('Offer Statistics'!AM$2:AM$400,MATCH(1,($A6='Offer Statistics'!$AK$2:$AK$400)*($AC$2='Offer Statistics'!$AL$2:$AL$400),0)),"/")} -> / | AM6: {=IFERROR(INDEX('Offer Statistics'!AN$2:AN$400,MATCH(1,($A6='Offer Statistics'!$AK$2:$AK$400)*($AC$2='Offer Statistics'!$AL$2:$AL$400),0)),"/")} -> / | AN6: {=IFERROR(INDEX('Offer Statistics'!AO$2:AO$400,MATCH(1,($A6='Offer Statistics'!$AK$2:$AK$400)*($AC$2='Offer Statistics'!$AL$2:$AL$400),0)),"/")} -> / | AO6: {=IFERROR(INDEX('Offer Statistics'!AP$2:AP$400,MATCH(1,($A6='Offer Statistics'!$AK$2:$AK$400)*($AC$2='Offer Statistics'!$AL$2:$AL$400),0)),"/")} -> / | AP6: {=IFERROR(INDEX('Offer Statistics'!AQ$2:AQ$400,MATCH(1,($A6='Offer Statistics'!$AK$2:$AK$400)*($AC$2='Offer Statistics'!$AL$2:$AL$400),0)),"/")} -> / | AR6: =A6 -> JS3006
A7: ='Reference Score Calculation'!B103 -> JS3007 | B7: ='Reference Score Calculation'!D103 -> 人文學院 | C7: ='Reference Score Calculation'!E103 -> 人文學科組合學士課程 | D7: ='Reference Score Calculation'!S103 -> HUMANITIES | E7: ='Reference Score Calculation'!AC103 -> Best 5 | F7: ='Reference Score Calculation'!F103 -> 25年新科目 | G7: ='Reference Score Calculation'!I103 -> / | H7: ='Reference Score Calculation'!J103 -> / | I7: ='Reference Score Calculation'!G103 -> / | J7: =計分版!J126 -> 8.6e-09 | K7: =IFERROR(IF(K$1="差距(Median)",J7-G7,IF(K$1="差距(LQ)",J7-H7,IF(K$1="差距(Mean)",J7-I7))),"/") -> / | L7: =IFERROR(IF(K$1="差距(Median)",(J7-G7)/J7,IF(K$1="差距(LQ)",(J7-H7)/J7,IF(K$1="差距(Mean)",(J7-I7)/J7))),"/") -> / | M7: ='Reference Score Calculation'!U103 -> 13 | N7: =入學要求!Z112 -> 0 | P7: =入學要求!L112 -> 3 | Q7: =入學要求!M112 -> 3 | R7: =入學要求!N112 -> 2 | S7: =入學要求!O112 -> 1 | T7: =入學要求!P112 -> 3 | U7: =入學要求!Q112 -> 3 | V7: =入學要求!S112 -> 0 | W7: =入學要求!T112 -> 0 | X7: =入學要求!U112 -> 0 | Y7: =入學要求!V112 -> 0 | Z7: =入學要求!W112 -> 0 | AA7: =入學要求!X112 -> 0 | AB7: =IFERROR(ROUND(AL7/AE7,2),"/") -> / | AD7: {=IFERROR(INDEX('Offer Statistics'!$AZ$2:$AZ$400,MATCH(1,($A7='Offer Statistics'!$AK$2:$AK$400)*($AC$2='Offer Statistics'!$AL$2:$AL$400),0)),"/")} -> / | AE7: {=IFERROR(INDEX('Offer Statistics'!AU$2:AU$400,MATCH(1,($A7='Offer Statistics'!$AK$2:$AK$400)*($AC$2='Offer Statistics'!$AL$2:$AL$400),0)),"/")} -> / | AF7: {=IFERROR(INDEX('Offer Statistics'!AV$2:AV$400,MATCH(1,($A7='Offer Statistics'!$AK$2:$AK$400)*($AC$2='Offer Statistics'!$AL$2:$AL$400),0)),"/")} -> / | AG7: {=IFERROR(INDEX('Offer Statistics'!AW$2:AW$400,MATCH(1,($A7='Offer Statistics'!$AK$2:$AK$400)*($AC$2='Offer Statistics'!$AL$2:$AL$400),0)),"/")} -> / | AH7: {=IFERROR(INDEX('Offer Statistics'!AX$2:AX$400,MATCH(1,($A7='Offer Statistics'!$AK$2:$AK$400)*($AC$2='Offer Statistics'!$AL$2:$AL$400),0)),"/")} -> / | AI7: {=IFERROR(INDEX('Offer Statistics'!AY$2:AY$400,MATCH(1,($A7='Offer Statistics'!$AK$2:$AK$400)*($AC$2='Offer Statistics'!$AL$2:$AL$400),0)),"/")} -> / | AK7: {=IFERROR(INDEX('Offer Statistics'!$AR$2:$AR$400,MATCH(1,($A7='Offer Statistics'!$AK$2:$AK$400)*($AC$2='Offer Statistics'!$AL$2:$AL$400),0)),"/")} -> / | AL7: {=IFERROR(INDEX('Offer Statistics'!AM$2:AM$400,MATCH(1,($A7='Offer Statistics'!$AK$2:$AK$400)*($AC$2='Offer Statistics'!$AL$2:$AL$400),0)),"/")} -> / | AM7: {=IFERROR(INDEX('Offer Statistics'!AN$2:AN$400,MATCH(1,($A7='Offer Statistics'!$AK$2:$AK$400)*($AC$2='Offer Statistics'!$AL$2:$AL$400),0)),"/")} -> / | AN7: {=IFERROR(INDEX('Offer Statistics'!AO$2:AO$400,MATCH(1,($A7='Offer Statistics'!$AK$2:$AK$400)*($AC$2='Offer Statistics'!$AL$2:$AL$400),0)),"/")} -> / | AO7: {=IFERROR(INDEX('Offer Statistics'!AP$2:AP$400,MATCH(1,($A7='Offer Statistics'!$AK$2:$AK$400)*($AC$2='Offer Statistics'!$AL$2:$AL$400),0)),"/")} -> / | AP7: {=IFERROR(INDEX('Offer Statistics'!AQ$2:AQ$400,MATCH(1,($A7='Offer Statistics'!$AK$2:$AK$400)*($AC$2='Offer Statistics'!$AL$2:$AL$400),0)),"/")} -> / | AR7: =A7 -> JS3007
A8: ='Reference Score Calculation'!B104 -> JS3008 | B8: ='Reference Score Calculation'!D104 -> 理學院 | C8: ='Reference Score Calculation'!E104 -> 理學組合學士課程 | D8: ='Reference Score Calculation'!S104 -> SCIENCE | E8: ='Reference Score Calculation'!AC104 -> Best 5 | F8: ='Reference Score Calculation'!F104 -> 25年新科目 | G8: ='Reference Score Calculation'!I104 -> / | H8: ='Reference Score Calculation'!J104 -> / | I8: ='Reference Score Calculation'!G104 -> / | J8: =計分版!J127 -> 1.07e-08 | K8: =IFERROR(IF(K$1="差距(Median)",J8-G8,IF(K$1="差距(LQ)",J8-H8,IF(K$1="差距(Mean)",J8-I8))),"/") -> / | L8: =IFERROR(IF(K$1="差距(Median)",(J8-G8)/J8,IF(K$1="差距(LQ)",(J8-H8)/J8,IF(K$1="差距(Mean)",(J8-I8)/J8))),"/") -> / | M8: ='Reference Score Calculation'!U104 -> 15 | N8: =入學要求!Z113 -> 0 | P8: =入學要求!L113 -> 3 | Q8: =入學要求!M113 -> 3 | R8: =入學要求!N113 -> 2 | S8: =入學要求!O113 -> 1 | T8: =入學要求!P113 -> 3 | U8: =入學要求!Q113 -> 3 | V8: =入學要求!S113 -> 0 | W8: =入學要求!T113 -> 0 | X8: =入學要求!U113 -> 0 | Y8: =入學要求!V113 -> 0 | Z8: =入學要求!W113 -> 0 | AA8: =入學要求!X113 -> 0 | AB8: =IFERROR(ROUND(AL8/AE8,2),"/") -> / | AD8: {=IFERROR(INDEX('Offer Statistics'!$AZ$2:$AZ$400,MATCH(1,($A8='Offer Statistics'!$AK$2:$AK$400)*($AC$2='Offer Statistics'!$AL$2:$AL$400),0)),"/")} -> / | AE8: {=IFERROR(INDEX('Offer Statistics'!AU$2:AU$400,MATCH(1,($A8='Offer Statistics'!$AK$2:$AK$400)*($AC$2='Offer Statistics'!$AL$2:$AL$400),0)),"/")} -> / | AF8: {=IFERROR(INDEX('Offer Statistics'!AV$2:AV$400,MATCH(1,($A8='Offer Statistics'!$AK$2:$AK$400)*($AC$2='Offer Statistics'!$AL$2:$AL$400),0)),"/")} -> / | AG8: {=IFERROR(INDEX('Offer Statistics'!AW$2:AW$400,MATCH(1,($A8='Offer Statistics'!$AK$2:$AK$400)*($AC$2='Offer Statistics'!$AL$2:$AL$400),0)),"/")} -> / | AH8: {=IFERROR(INDEX('Offer Statistics'!AX$2:AX$400,MATCH(1,($A8='Offer Statistics'!$AK$2:$AK$400)*($AC$2='Offer Statistics'!$AL$2:$AL$400),0)),"/")} -> / | AI8: {=IFERROR(INDEX('Offer Statistics'!AY$2:AY$400,MATCH(1,($A8='Offer Statistics'!$AK$2:$AK$400)*($AC$2='Offer Statistics'!$AL$2:$AL$400),0)),"/")} -> / | AK8: {=IFERROR(INDEX('Offer Statistics'!$AR$2:$AR$400,MATCH(1,($A8='Offer Statistics'!$AK$2:$AK$400)*($AC$2='Offer Statistics'!$AL$2:$AL$400),0)),"/")} -> / | AL8: {=IFERROR(INDEX('Offer Statistics'!AM$2:AM$400,MATCH(1,($A8='Offer Statistics'!$AK$2:$AK$400)*($AC$2='Offer Statistics'!$AL$2:$AL$400),0)),"/")} -> / | AM8: {=IFERROR(INDEX('Offer Statistics'!AN$2:AN$400,MATCH(1,($A8='Offer Statistics'!$AK$2:$AK$400)*($AC$2='Offer Statistics'!$AL$2:$AL$400),0)),"/")} -> / | AN8: {=IFERROR(INDEX('Offer Statistics'!AO$2:AO$400,MATCH(1,($A8='Offer Statistics'!$AK$2:$AK$400)*($AC$2='Offer Statistics'!$AL$2:$AL$400),0)),"/")} -> / | AO8: {=IFERROR(INDEX('Offer Statistics'!AP$2:AP$400,MATCH(1,($A8='Offer Statistics'!$AK$2:$AK$400)*($AC$2='Offer Statistics'!$AL$2:$AL$400),0)),"/")} -> / | AP8: {=IFERROR(INDEX('Offer Statistics'!AQ$2:AQ$400,MATCH(1,($A8='Offer Statistics'!$AK$2:$AK$400)*($AC$2='Offer Statistics'!$AL$2:$AL$400),0)),"/")} -> / | AR8: =A8 -> JS3008
A9: ='Reference Score Calculation'!B105 -> JS3011 | B9: ='Reference Score Calculation'!D105 -> 理學院 | C9: ='Reference Score Calculation'!E105 -> 生物科技及化學科技(榮譽)理學士組合課程 | D9: ='Reference Score Calculation'!S105 -> BIOTECH & CHEM TECH | E9: ='Reference Score Calculation'!AC105 -> Best 5 | F9: ='Reference Score Calculation'!F105 -> Best 5 | G9: ='Reference Score Calculation'!I105 -> 196 | H9: ='Reference Score Calculation'!J105 -> 190 | I9: ='Reference Score Calculation'!G105 -> 200.6 | J9: =計分版!J128 -> 9.2e-09 | K9: =IFERROR(IF(K$1="差距(Median)",J9-G9,IF(K$1="差距(LQ)",J9-H9,IF(K$1="差距(Mean)",J9-I9))),"/") -> -196 | L9: =IFERROR(IF(K$1="差距(Median)",(J9-G9)/J9,IF(K$1="差距(LQ)",(J9-H9)/J9,IF(K$1="差距(Mean)",(J9-I9)/J9))),"/") -> -2.1304348e+10 | M9: ='Reference Score Calculation'!U105 -> 55 | N9: =入學要求!Z114 -> 0 | P9: =入學要求!L114 -> 3 | Q9: =入學要求!M114 -> 3 | R9: =入學要求!N114 -> 2 | S9: =入學要求!O114 -> 1 | T9: =入學要求!P114 -> 3 | U9: =入學要求!Q114 -> 3 | V9: =入學要求!S114 -> 0 | W9: =入學要求!T114 -> 0 | X9: =入學要求!U114 -> 0 | Y9: =入學要求!V114 -> 0 | Z9: =入學要求!W114 -> 0 | AA9: =入學要求!X114 -> 0 | AB9: =IFERROR(ROUND(AL9/AE9,2),"/") -> 5.86 | AD9: {=IFERROR(INDEX('Offer Statistics'!$AZ$2:$AZ$400,MATCH(1,($A9='Offer Statistics'!$AK$2:$AK$400)*($AC$2='Offer Statistics'!$AL$2:$AL$400),0)),"/")} -> 53 | AE9: {=IFERROR(INDEX('Offer Statistics'!AU$2:AU$400,MATCH(1,($A9='Offer Statistics'!$AK$2:$AK$400)*($AC$2='Offer Statistics'!$AL$2:$AL$400),0)),"/")} -> 43 | AF9: {=IFERROR(INDEX('Offer Statistics'!AV$2:AV$400,MATCH(1,($A9='Offer Statistics'!$AK$2:$AK$400)*($AC$2='Offer Statistics'!$AL$2:$AL$400),0)),"/")} -> 6 | AG9: {=IFERROR(INDEX('Offer Statistics'!AW$2:AW$400,MATCH(1,($A9='Offer Statistics'!$AK$2:$AK$400)*($AC$2='Offer Statistics'!$AL$2:$AL$400),0)),"/")} -> 3 | AH9: {=IFERROR(INDEX('Offer Statistics'!AX$2:AX$400,MATCH(1,($A9='Offer Statistics'!$AK$2:$AK$400)*($AC$2='Offer Statistics'!$AL$2:$AL$400),0)),"/")} -> 1 | AI9: {=IFERROR(INDEX('Offer Statistics'!AY$2:AY$400,MATCH(1,($A9='Offer Statistics'!$AK$2:$AK$400)*($AC$2='Offer Statistics'!$AL$2:$AL$400),0)),"/")} -> 0 | AK9: {=IFERROR(INDEX('Offer Statistics'!$AR$2:$AR$400,MATCH(1,($A9='Offer Statistics'!$AK$2:$AK$400)*($AC$2='Offer Statistics'!$AL$2:$AL$400),0)),"/")} -> 2334 | AL9: {=IFERROR(INDEX('Offer Statistics'!AM$2:AM$400,MATCH(1,($A9='Offer Statistics'!$AK$2:$AK$400)*($AC$2='Offer Statistics'!$AL$2:$AL$400),0)),"/")} -> 252 | AM9: {=IFERROR(INDEX('Offer Statistics'!AN$2:AN$400,MATCH(1,($A9='Offer Statistics'!$AK$2:$AK$400)*($AC$2='Offer Statistics'!$AL$2:$AL$400),0)),"/")} -> 394 | AN9: {=IFERROR(INDEX('Offer Statistics'!AO$2:AO$400,MATCH(1,($A9='Offer Statistics'!$AK$2:$AK$400)*($AC$2='Offer Statistics'!$AL$2:$AL$400),0)),"/")} -> 574 | AO9: {=IFERROR(INDEX('Offer Statistics'!AP$2:AP$400,MATCH(1,($A9='Offer Statistics'!$AK$2:$AK$400)*($AC$2='Offer Statistics'!$AL$2:$AL$400),0)),"/")} -> 649 | AP9: {=IFERROR(INDEX('Offer Statistics'!AQ$2:AQ$400,MATCH(1,($A9='Offer Statistics'!$AK$2:$AK$400)*($AC$2='Offer Statistics'!$AL$2:$AL$400),0)),"/")} -> 465 | AR9: =A9 -> JS3011
A10: ='Reference Score Calculation'!B106 -> JS3030 | B10: ='Reference Score Calculation'!D106 -> 理學院 | C10: ='Reference Score Calculation'!E106 -> 物理學(榮譽)理學士副主修人工智能及數據分析 / 創新及創業 | D10: ='Reference Score Calculation'!S106 -> PHYSICS | E10: ='Reference Score Calculation'!AC106 -> Best 5 | F10: ='Reference Score Calculation'!F106 -> Best 5 | G10: ='Reference Score Calculation'!I106 -> 208 | H10: ='Reference Score Calculation'!J106 -> 190 | I10: ='Reference Score Calculation'!G106 -> 205.3 | J10: =計分版!J129 -> 1.07e-08 | K10: =IFERROR(IF(K$1="差距(Median)",J10-G10,IF(K$1="差距(LQ)",J10-H10,IF(K$1="差距(Mean)",J10-I10))),"/") -> -208 | L10: =IFERROR(IF(K$1="差距(Median)",(J10-G10)/J10,IF(K$1="差距(LQ)",(J10-H10)/J10,IF(K$1="差距(Mean)",(J10-I10)/J10))),"/") -> -1.9439252e+10 | M10: ='Reference Score Calculation'!U106 -> 23 | N10: =入學要求!Z115 -> 0 | P10: =入學要求!L115 -> 3 | Q10: =入學要求!M115 -> 3 | R10: =入學要求!N115 -> 2 | S10: =入學要求!O115 -> 1 | T10: =入學要求!P115 -> 3 | U10: =入學要求!Q115 -> 3 | V10: =入學要求!S115 -> 0 | W10: =入學要求!T115 -> 0 | X10: =入學要求!U115 -> 0 | Y10: =入學要求!V115 -> 0 | Z10: =入學要求!W115 -> 0 | AA10: =入學要求!X115 -> 0 | AB10: =IFERROR(ROUND(AL10/AE10,2),"/") -> 10.47 | AD10: {=IFERROR(INDEX('Offer Statistics'!$AZ$2:$AZ$400,MATCH(1,($A10='Offer Statistics'!$AK$2:$AK$400)*($AC$2='Offer Statistics'!$AL$2:$AL$400),0)),"/")} -> 22 | AE10: {=IFERROR(INDEX('Offer Statistics'!AU$2:AU$400,MATCH(1,($A10='Offer Statistics'!$AK$2:$AK$400)*($AC$2='Offer Statistics'!$AL$2:$AL$400),0)),"/")} -> 17 | AF10: {=IFERROR(INDEX('Offer Statistics'!AV$2:AV$400,MATCH(1,($A10='Offer Statistics'!$AK$2:$AK$400)*($AC$2='Offer Statistics'!$AL$2:$AL$400),0)),"/")} -> 5 | AG10: {=IFERROR(INDEX('Offer Statistics'!AW$2:AW$400,MATCH(1,($A10='Offer Statistics'!$AK$2:$AK$400)*($AC$2='Offer Statistics'!$AL$2:$AL$400),0)),"/")} -> 0 | AH10: {=IFERROR(INDEX('Offer Statistics'!AX$2:AX$400,MATCH(1,($A10='Offer Statistics'!$AK$2:$AK$400)*($AC$2='Offer Statistics'!$AL$2:$AL$400),0)),"/")} -> 0 | AI10: {=IFERROR(INDEX('Offer Statistics'!AY$2:AY$400,MATCH(1,($A10='Offer Statistics'!$AK$2:$AK$400)*($AC$2='Offer Statistics'!$AL$2:$AL$400),0)),"/")} -> 0 | AK10: {=IFERROR(INDEX('Offer Statistics'!$AR$2:$AR$400,MATCH(1,($A10='Offer Statistics'!$AK$2:$AK$400)*($AC$2='Offer Statistics'!$AL$2:$AL$400),0)),"/")} -> 1802 | AL10: {=IFERROR(INDEX('Offer Statistics'!AM$2:AM$400,MATCH(1,($A10='Offer Statistics'!$AK$2:$AK$400)*($AC$2='Offer Statistics'!$AL$2:$AL$400),0)),"/")} -> 178 | AM10: {=IFERROR(INDEX('Offer Statistics'!AN$2:AN$400,MATCH(1,($A10='Offer Statistics'!$AK$2:$AK$400)*($AC$2='Offer Statistics'!$AL$2:$AL$400),0)),"/")} -> 280 | AN10: {=IFERROR(INDEX('Offer Statistics'!AO$2:AO$400,MATCH(1,($A10='Offer Statistics'!$AK$2:$AK$400)*($AC$2='Offer Statistics'!$AL$2:$AL$400),0)),"/")} -> 436 | AO10: {=IFERROR(INDEX('Offer Statistics'!AP$2:AP$400,MATCH(1,($A10='Offer Statistics'!$AK$2:$AK$400)*($AC$2='Offer Statistics'!$AL$2:$AL$400),0)),"/")} -> 533 | AP10: {=IFERROR(INDEX('Offer Statistics'!AQ$2:AQ$400,MATCH(1,($A10='Offer Statistics'!$AK$2:$AK$400)*($AC$2='Offer Statistics'!$AL$2:$AL$400),0)),"/")} -> 375 | AR10: =A10 -> JS3030
A11: ='Reference Score Calculation'!B107 -> JS3050 | B11: ='Reference Score Calculation'!D107 -> 時裝及紡織學院 | C11: ='Reference Score Calculation'!E107 -> 時裝(榮譽)文學士組合課程 (時裝設計 / 針織時裝設計 / 內衣及運動服裝 / 時裝商務 / 時裝創新及科技) | D11: ='Reference Score Calculation'!S107 -> FASHION | E11: ='Reference Score Calculation'!AC107 -> Best 5 | F11: ='Reference Score Calculation'!F107 -> Best 5 | G11: ='Reference Score Calculation'!I107 -> 160.5 | H11: ='Reference Score Calculation'!J107 -> 146 | I11: ='Reference Score Calculation'!G107 -> 164.6 | J11: =計分版!J130 -> 7.7e-09 | K11: =IFERROR(IF(K$1="差距(Median)",J11-G11,IF(K$1="差距(LQ)",J11-H11,IF(K$1="差距(Mean)",J11-I11))),"/") -> -160.5 | L11: =IFERROR(IF(K$1="差距(Median)",(J11-G11)/J11,IF(K$1="差距(LQ)",(J11-H11)/J11,IF(K$1="差距(Mean)",(J11-I11)/J11))),"/") -> -2.0844156e+10 | M11: ='Reference Score Calculation'!U107 -> 101 | N11: =入學要求!Z116 -> 0 | P11: =入學要求!L116 -> 3 | Q11: =入學要求!M116 -> 3 | R11: =入學要求!N116 -> 2 | S11: =入學要求!O116 -> 1 | T11: =入學要求!P116 -> 3 | U11: =入學要求!Q116 -> 3 | V11: =入學要求!S116 -> 0 | W11: =入學要求!T116 -> 0 | X11: =入學要求!U116 -> 0 | Y11: =入學要求!V116 -> 0 | Z11: =入學要求!W116 -> 0 | AA11: =入學要求!X116 -> 0 | AB11: =IFERROR(ROUND(AL11/AE11,2),"/") -> 10.87 | AD11: {=IFERROR(INDEX('Offer Statistics'!$AZ$2:$AZ$400,MATCH(1,($A11='Offer Statistics'!$AK$2:$AK$400)*($AC$2='Offer Statistics'!$AL$2:$AL$400),0)),"/")} -> 82 | AE11: {=IFERROR(INDEX('Offer Statistics'!AU$2:AU$400,MATCH(1,($A11='Offer Statistics'!$AK$2:$AK$400)*($AC$2='Offer Statistics'!$AL$2:$AL$400),0)),"/")} -> 77 | AF11: {=IFERROR(INDEX('Offer Statistics'!AV$2:AV$400,MATCH(1,($A11='Offer Statistics'!$AK$2:$AK$400)*($AC$2='Offer Statistics'!$AL$2:$AL$400),0)),"/")} -> 4 | AG11: {=IFERROR(INDEX('Offer Statistics'!AW$2:AW$400,MATCH(1,($A11='Offer Statistics'!$AK$2:$AK$400)*($AC$2='Offer Statistics'!$AL$2:$AL$400),0)),"/")} -> 0 | AH11: {=IFERROR(INDEX('Offer Statistics'!AX$2:AX$400,MATCH(1,($A11='Offer Statistics'!$AK$2:$AK$400)*($AC$2='Offer Statistics'!$AL$2:$AL$400),0)),"/")} -> 1 | AI11: {=IFERROR(INDEX('Offer Statistics'!AY$2:AY$400,MATCH(1,($A11='Offer Statistics'!$AK$2:$AK$400)*($AC$2='Offer Statistics'!$AL$2:$AL$400),0)),"/")} -> 0 | AK11: {=IFERROR(INDEX('Offer Statistics'!$AR$2:$AR$400,MATCH(1,($A11='Offer Statistics'!$AK$2:$AK$400)*($AC$2='Offer Statistics'!$AL$2:$AL$400),0)),"/")} -> 2841 | AL11: {=IFERROR(INDEX('Offer Statistics'!AM$2:AM$400,MATCH(1,($A11='Offer Statistics'!$AK$2:$AK$400)*($AC$2='Offer Statistics'!$AL$2:$AL$400),0)),"/")} -> 837 | AM11: {=IFERROR(INDEX('Offer Statistics'!AN$2:AN$400,MATCH(1,($A11='Offer Statistics'!$AK$2:$AK$400)*($AC$2='Offer Statistics'!$AL$2:$AL$400),0)),"/")} -> 445 | AN11: {=IFERROR(INDEX('Offer Statistics'!AO$2:AO$400,MATCH(1,($A11='Offer Statistics'!$AK$2:$AK$400)*($AC$2='Offer Statistics'!$AL$2:$AL$400),0)),"/")} -> 519 | AO11: {=IFERROR(INDEX('Offer Statistics'!AP$2:AP$400,MATCH(1,($A11='Offer Statistics'!$AK$2:$AK$400)*($AC$2='Offer Statistics'!$AL$2:$AL$400),0)),"/")} -> 552 | AP11: {=IFERROR(INDEX('Offer Statistics'!AQ$2:AQ$400,MATCH(1,($A11='Offer Statistics'!$AK$2:$AK$400)*($AC$2='Offer Statistics'!$AL$2:$AL$400),0)),"/")} -> 488 | AR11: =A11 -> JS3050
A12: ='Reference Score Calculation'!B108 -> JS3060 | B12: ='Reference Score Calculation'!D108 -> 工商管理學院 | C12: ='Reference Score Calculation'!E108 -> 會計及金融(榮譽)工商管理學士組合課程 (會計學 / 會計及金融 / 數碼金融及投資學) | D12: ='Reference Score Calculation'!S108 -> ACCT & FINANCE | E12: ='Reference Score Calculation'!AC108 -> Best 5 | F12: ='Reference Score Calculation'!F108 -> Best 5 | G12: ='Reference Score Calculation'!I108 -> 178 | H12: ='Reference Score Calculation'!J108 -> 172 | I12: ='Reference Score Calculation'!G108 -> 178.3 | J12: =計分版!J131 -> 9.2e-09 | K12: =IFERROR(IF(K$1="差距(Median)",J12-G12,IF(K$1="差距(LQ)",J12-H12,IF(K$1="差距(Mean)",J12-I12))),"/") -> -178 | L12: =IFERROR(IF(K$1="差距(Median)",(J12-G12)/J12,IF(K$1="差距(LQ)",(J12-H12)/J12,IF(K$1="差距(Mean)",(J12-I12)/J12))),"/") -> -1.9347826e+10 | M12: ='Reference Score Calculation'!U108 -> 78 | N12: =入學要求!Z117 -> 0 | P12: =入學要求!L117 -> 3 | Q12: =入學要求!M117 -> 3 | R12: =入學要求!N117 -> 2 | S12: =入學要求!O117 -> 1 | T12: =入學要求!P117 -> 3 | U12: =入學要求!Q117 -> 3 | V12: =入學要求!S117 -> 0 | W12: =入學要求!T117 -> 0 | X12: =入學要求!U117 -> 0 | Y12: =入學要求!V117 -> 0 | Z12: =入學要求!W117 -> 0 | AA12: =入學要求!X117 -> 0 | AB12: =IFERROR(ROUND(AL12/AE12,2),"/") -> 6.26 | AD12: {=IFERROR(INDEX('Offer Statistics'!$AZ$2:$AZ$400,MATCH(1,($A12='Offer Statistics'!$AK$2:$AK$400)*($AC$2='Offer Statistics'!$AL$2:$AL$400),0)),"/")} -> 108 | AE12: {=IFERROR(INDEX('Offer Statistics'!AU$2:AU$400,MATCH(1,($A12='Offer Statistics'!$AK$2:$AK$400)*($AC$2='Offer Statistics'!$AL$2:$AL$400),0)),"/")} -> 99 | AF12: {=IFERROR(INDEX('Offer Statistics'!AV$2:AV$400,MATCH(1,($A12='Offer Statistics'!$AK$2:$AK$400)*($AC$2='Offer Statistics'!$AL$2:$AL$400),0)),"/")} -> 3 | AG12: {=IFERROR(INDEX('Offer Statistics'!AW$2:AW$400,MATCH(1,($A12='Offer Statistics'!$AK$2:$AK$400)*($AC$2='Offer Statistics'!$AL$2:$AL$400),0)),"/")} -> 2 | AH12: {=IFERROR(INDEX('Offer Statistics'!AX$2:AX$400,MATCH(1,($A12='Offer Statistics'!$AK$2:$AK$400)*($AC$2='Offer Statistics'!$AL$2:$AL$400),0)),"/")} -> 3 | AI12: {=IFERROR(INDEX('Offer Statistics'!AY$2:AY$400,MATCH(1,($A12='Offer Statistics'!$AK$2:$AK$400)*($AC$2='Offer Statistics'!$AL$2:$AL$400),0)),"/")} -> 1 | AK12: {=IFERROR(INDEX('Offer Statistics'!$AR$2:$AR$400,MATCH(1,($A12='Offer Statistics'!$AK$2:$AK$400)*($AC$2='Offer Statistics'!$AL$2:$AL$400),0)),"/")} -> 3990 | AL12: {=IFERROR(INDEX('Offer Statistics'!AM$2:AM$400,MATCH(1,($A12='Offer Statistics'!$AK$2:$AK$400)*($AC$2='Offer Statistics'!$AL$2:$AL$400),0)),"/")} -> 620 | AM12: {=IFERROR(INDEX('Offer Statistics'!AN$2:AN$400,MATCH(1,($A12='Offer Statistics'!$AK$2:$AK$400)*($AC$2='Offer Statistics'!$AL$2:$AL$400),0)),"/")} -> 711 | AN12: {=IFERROR(INDEX('Offer Statistics'!AO$2:AO$400,MATCH(1,($A12='Offer Statistics'!$AK$2:$AK$400)*($AC$2='Offer Statistics'!$AL$2:$AL$400),0)),"/")} -> 913 | AO12: {=IFERROR(INDEX('Offer Statistics'!AP$2:AP$400,MATCH(1,($A12='Offer Statistics'!$AK$2:$AK$400)*($AC$2='Offer Statistics'!$AL$2:$AL$400),0)),"/")} -> 1021 | AP12: {=IFERROR(INDEX('Offer Statistics'!AQ$2:AQ$400,MATCH(1,($A12='Offer Statistics'!$AK$2:$AK$400)*($AC$2='Offer Statistics'!$AL$2:$AL$400),0)),"/")} -> 725 | AR12: =A12 -> JS3060
A13: ='Reference Score Calculation'!B109 -> JS3070 | B13: ='Reference Score Calculation'!D109 -> 工商管理學院 | C13: ='Reference Score Calculation'!E109 -> 環球商業及物流、航空、航運及供應鏈管理(榮譽)工商管理學士組合課程 | D13: ='Reference Score Calculation'!S109 -> GBL,AVIAT,MARI & SC MGT | E13: ='Reference Score Calculation'!AC109 -> Best 5 | F13: ='Reference Score Calculation'!F109 -> Best 5 | G13: ='Reference Score Calculation'!I109 -> 168 | H13: ='Reference Score Calculation'!J109 -> 164.5 | I13: ='Reference Score Calculation'!G109 -> 169.3 | J13: =計分版!J132 -> 9.2e-09 | K13: =IFERROR(IF(K$1="差距(Median)",J13-G13,IF(K$1="差距(LQ)",J13-H13,IF(K$1="差距(Mean)",J13-I13))),"/") -> -168 | L13: =IFERROR(IF(K$1="差距(Median)",(J13-G13)/J13,IF(K$1="差距(LQ)",(J13-H13)/J13,IF(K$1="差距(Mean)",(J13-I13)/J13))),"/") -> -1.826087e+10 | M13: ='Reference Score Calculation'!U109 -> 43 | N13: =入學要求!Z118 -> 0 | P13: =入學要求!L118 -> 3 | Q13: =入學要求!M118 -> 3 | R13: =入學要求!N118 -> 2 | S13: =入學要求!O118 -> 1 | T13: =入學要求!P118 -> 3 | U13: =入學要求!Q118 -> 3 | V13: =入學要求!S118 -> 0 | W13: =入學要求!T118 -> 0 | X13: =入學要求!U118 -> 0 | Y13: =入學要求!V118 -> 0 | Z13: =入學要求!W118 -> 0 | AA13: =入學要求!X118 -> 0 | AB13: =IFERROR(ROUND(AL13/AE13,2),"/") -> 12.26 | AD13: {=IFERROR(INDEX('Offer Statistics'!$AZ$2:$AZ$400,MATCH(1,($A13='Offer Statistics'!$AK$2:$AK$400)*($AC$2='Offer Statistics'!$AL$2:$AL$400),0)),"/")} -> 46 | AE13: {=IFERROR(INDEX('Offer Statistics'!AU$2:AU$400,MATCH(1,($A13='Offer Statistics'!$AK$2:$AK$400)*($AC$2='Offer Statistics'!$AL$2:$AL$400),0)),"/")} -> 42 | AF13: {=IFERROR(INDEX('Offer Statistics'!AV$2:AV$400,MATCH(1,($A13='Offer Statistics'!$AK$2:$AK$400)*($AC$2='Offer Statistics'!$AL$2:$AL$400),0)),"/")} -> 3 | AG13: {=IFERROR(INDEX('Offer Statistics'!AW$2:AW$400,MATCH(1,($A13='Offer Statistics'!$AK$2:$AK$400)*($AC$2='Offer Statistics'!$AL$2:$AL$400),0)),"/")} -> 1 | AH13: {=IFERROR(INDEX('Offer Statistics'!AX$2:AX$400,MATCH(1,($A13='Offer Statistics'!$AK$2:$AK$400)*($AC$2='Offer Statistics'!$AL$2:$AL$400),0)),"/")} -> 0 | AI13: {=IFERROR(INDEX('Offer Statistics'!AY$2:AY$400,MATCH(1,($A13='Offer Statistics'!$AK$2:$AK$400)*($AC$2='Offer Statistics'!$AL$2:$AL$400),0)),"/")} -> 0 | AK13: {=IFERROR(INDEX('Offer Statistics'!$AR$2:$AR$400,MATCH(1,($A13='Offer Statistics'!$AK$2:$AK$400)*($AC$2='Offer Statistics'!$AL$2:$AL$400),0)),"/")} -> 3189 | AL13: {=IFERROR(INDEX('Offer Statistics'!AM$2:AM$400,MATCH(1,($A13='Offer Statistics'!$AK$2:$AK$400)*($AC$2='Offer Statistics'!$AL$2:$AL$400),0)),"/")} -> 515 | AM13: {=IFERROR(INDEX('Offer Statistics'!AN$2:AN$400,MATCH(1,($A13='Offer Statistics'!$AK$2:$AK$400)*($AC$2='Offer Statistics'!$AL$2:$AL$400),0)),"/")} -> 544 | AN13: {=IFERROR(INDEX('Offer Statistics'!AO$2:AO$400,MATCH(1,($A13='Offer Statistics'!$AK$2:$AK$400)*($AC$2='Offer Statistics'!$AL$2:$AL$400),0)),"/")} -> 699 | AO13: {=IFERROR(INDEX('Offer Statistics'!AP$2:AP$400,MATCH(1,($A13='Offer Statistics'!$AK$2:$AK$400)*($AC$2='Offer Statistics'!$AL$2:$AL$400),0)),"/")} -> 783 | AP13: {=IFERROR(INDEX('Offer Statistics'!AQ$2:AQ$400,MATCH(1,($A13='Offer Statistics'!$AK$2:$AK$400)*($AC$2='Offer Statistics'!$AL$2:$AL$400),0)),"/")} -> 648 | AR13: =A13 -> JS3070
A14: ='Reference Score Calculation'!B110 -> JS3080 | B14: ='Reference Score Calculation'!D110 -> 工商管理學院 | C14: ='Reference Score Calculation'!E110 -> 管理及市場學(榮譽)工商管理學士組合課程 (管理學 / 市場學) | D14: ='Reference Score Calculation'!S110 -> MGT & MARKETING | E14: ='Reference Score Calculation'!AC110 -> Best 5 | F14: ='Reference Score Calculation'!F110 -> Best 5 | G14: ='Reference Score Calculation'!I110 -> 174.5 | H14: ='Reference Score Calculation'!J110 -> 169 | I14: ='Reference Score Calculation'!G110 -> 175.2 | J14: =計分版!J133 -> 9.2e-09 | K14: =IFERROR(IF(K$1="差距(Median)",J14-G14,IF(K$1="差距(LQ)",J14-H14,IF(K$1="差距(Mean)",J14-I14))),"/") -> -174.5 | L14: =IFERROR(IF(K$1="差距(Median)",(J14-G14)/J14,IF(K$1="差距(LQ)",(J14-H14)/J14,IF(K$1="差距(Mean)",(J14-I14)/J14))),"/") -> -1.8967391e+10 | M14: ='Reference Score Calculation'!U110 -> 48 | N14: =入學要求!Z119 -> 0 | P14: =入學要求!L119 -> 3 | Q14: =入學要求!M119 -> 3 | R14: =入學要求!N119 -> 2 | S14: =入學要求!O119 -> 1 | T14: =入學要求!P119 -> 3 | U14: =入學要求!Q119 -> 3 | V14: =入學要求!S119 -> 0 | W14: =入學要求!T119 -> 0 | X14: =入學要求!U119 -> 0 | Y14: =入學要求!V119 -> 0 | Z14: =入學要求!W119 -> 0 | AA14: =入學要求!X119 -> 0 | AB14: =IFERROR(ROUND(AL14/AE14,2),"/") -> 11.25 | AD14: {=IFERROR(INDEX('Offer Statistics'!$AZ$2:$AZ$400,MATCH(1,($A14='Offer Statistics'!$AK$2:$AK$400)*($AC$2='Offer Statistics'!$AL$2:$AL$400),0)),"/")} -> 65 | AE14: {=IFERROR(INDEX('Offer Statistics'!AU$2:AU$400,MATCH(1,($A14='Offer Statistics'!$AK$2:$AK$400)*($AC$2='Offer Statistics'!$AL$2:$AL$400),0)),"/")} -> 59 | AF14: {=IFERROR(INDEX('Offer Statistics'!AV$2:AV$400,MATCH(1,($A14='Offer Statistics'!$AK$2:$AK$400)*($AC$2='Offer Statistics'!$AL$2:$AL$400),0)),"/")} -> 4 | AG14: {=IFERROR(INDEX('Offer Statistics'!AW$2:AW$400,MATCH(1,($A14='Offer Statistics'!$AK$2:$AK$400)*($AC$2='Offer Statistics'!$AL$2:$AL$400),0)),"/")} -> 1 | AH14: {=IFERROR(INDEX('Offer Statistics'!AX$2:AX$400,MATCH(1,($A14='Offer Statistics'!$AK$2:$AK$400)*($AC$2='Offer Statistics'!$AL$2:$AL$400),0)),"/")} -> 1 | AI14: {=IFERROR(INDEX('Offer Statistics'!AY$2:AY$400,MATCH(1,($A14='Offer Statistics'!$AK$2:$AK$400)*($AC$2='Offer Statistics'!$AL$2:$AL$400),0)),"/")} -> 0 | AK14: {=IFERROR(INDEX('Offer Statistics'!$AR$2:$AR$400,MATCH(1,($A14='Offer Statistics'!$AK$2:$AK$400)*($AC$2='Offer Statistics'!$AL$2:$AL$400),0)),"/")} -> 5027 | AL14: {=IFERROR(INDEX('Offer Statistics'!AM$2:AM$400,MATCH(1,($A14='Offer Statistics'!$AK$2:$AK$400)*($AC$2='Offer Statistics'!$AL$2:$AL$400),0)),"/")} -> 664 | AM14: {=IFERROR(INDEX('Offer Statistics'!AN$2:AN$400,MATCH(1,($A14='Offer Statistics'!$AK$2:$AK$400)*($AC$2='Offer Statistics'!$AL$2:$AL$400),0)),"/")} -> 873 | AN14: {=IFERROR(INDEX('Offer Statistics'!AO$2:AO$400,MATCH(1,($A14='Offer Statistics'!$AK$2:$AK$400)*($AC$2='Offer Statistics'!$AL$2:$AL$400),0)),"/")} -> 1187 | AO14: {=IFERROR(INDEX('Offer Statistics'!AP$2:AP$400,MATCH(1,($A14='Offer Statistics'!$AK$2:$AK$400)*($AC$2='Offer Statistics'!$AL$2:$AL$400),0)),"/")} -> 1322 | AP14: {=IFERROR(INDEX('Offer Statistics'!AQ$2:AQ$400,MATCH(1,($A14='Offer Statistics'!$AK$2:$AK$400)*($AC$2='Offer Statistics'!$AL$2:$AL$400),0)),"/")} -> 981 | AR14: =A14 -> JS3080
... A46: ='Reference Score Calculation'!B142 -> JS3868 | B46: ='Reference Score Calculation'!D142 -> 工程學院 | C46: ='Reference Score Calculation'!E142 -> 電子計算及人工智能(榮譽)理學士組合課程 (計算機科學 / 企業信息管理) | D46: ='Reference Score Calculation'!S142 -> COMPUTING & AI | E46: ='Reference Score Calculation'!AC142 -> Best 5 | F46: ='Reference Score Calculation'!F142 -> Best 5 | G46: ='Reference Score Calculation'!I142 -> 193 | H46: ='Reference Score Calculation'!J142 -> 191 | I46: ='Reference Score Calculation'!G142 -> 203.5 | J46: =計分版!J165 -> 1.07e-08 | K46: =IFERROR(IF(K$1="差距(Median)",J46-G46,IF(K$1="差距(LQ)",J46-H46,IF(K$1="差距(Mean)",J46-I46))),"/") -> -193 | L46: =IFERROR(IF(K$1="差距(Median)",(J46-G46)/J46,IF(K$1="差距(LQ)",(J46-H46)/J46,IF(K$1="差距(Mean)",(J46-I46)/J46))),"/") -> -1.8037383e+10 | M46: ='Reference Score Calculation'!U142 -> 74 | N46: =入學要求!Z151 -> 0 | P46: =入學要求!L151 -> 3 | Q46: =入學要求!M151 -> 3 | R46: =入學要求!N151 -> 2 | S46: =入學要求!O151 -> 1 | T46: =入學要求!P151 -> 3 | U46: =入學要求!Q151 -> 3 | V46: =入學要求!S151 -> 0 | W46: =入學要求!T151 -> 0 | X46: =入學要求!U151 -> 0 | Y46: =入學要求!V151 -> 0 | Z46: =入學要求!W151 -> 0 | AA46: =入學要求!X151 -> 0 | AB46: =IFERROR(ROUND(AL46/AE46,2),"/") -> 7.84 | AD46: {=IFERROR(INDEX('Offer Statistics'!$AZ$2:$AZ$400,MATCH(1,($A46='Offer Statistics'!$AK$2:$AK$400)*($AC$2='Offer Statistics'!$AL$2:$AL$400),0)),"/")} -> 90 | AE46: {=IFERROR(INDEX('Offer Statistics'!AU$2:AU$400,MATCH(1,($A46='Offer Statistics'!$AK$2:$AK$400)*($AC$2='Offer Statistics'!$AL$2:$AL$400),0)),"/")} -> 80 | AF46: {=IFERROR(INDEX('Offer Statistics'!AV$2:AV$400,MATCH(1,($A46='Offer Statistics'!$AK$2:$AK$400)*($AC$2='Offer Statistics'!$AL$2:$AL$400),0)),"/")} -> 6 | AG46: {=IFERROR(INDEX('Offer Statistics'!AW$2:AW$400,MATCH(1,($A46='Offer Statistics'!$AK$2:$AK$400)*($AC$2='Offer Statistics'!$AL$2:$AL$400),0)),"/")} -> 4 | AH46: {=IFERROR(INDEX('Offer Statistics'!AX$2:AX$400,MATCH(1,($A46='Offer Statistics'!$AK$2:$AK$400)*($AC$2='Offer Statistics'!$AL$2:$AL$400),0)),"/")} -> 0 | AI46: {=IFERROR(INDEX('Offer Statistics'!AY$2:AY$400,MATCH(1,($A46='Offer Statistics'!$AK$2:$AK$400)*($AC$2='Offer Statistics'!$AL$2:$AL$400),0)),"/")} -> 0 | AK46: {=IFERROR(INDEX('Offer Statistics'!$AR$2:$AR$400,MATCH(1,($A46='Offer Statistics'!$AK$2:$AK$400)*($AC$2='Offer Statistics'!$AL$2:$AL$400),0)),"/")} -> 3516 | AL46: {=IFERROR(INDEX('Offer Statistics'!AM$2:AM$400,MATCH(1,($A46='Offer Statistics'!$AK$2:$AK$400)*($AC$2='Offer Statistics'!$AL$2:$AL$400),0)),"/")} -> 627 | AM46: {=IFERROR(INDEX('Offer Statistics'!AN$2:AN$400,MATCH(1,($A46='Offer Statistics'!$AK$2:$AK$400)*($AC$2='Offer Statistics'!$AL$2:$AL$400),0)),"/")} -> 677 | AN46: {=IFERROR(INDEX('Offer Statistics'!AO$2:AO$400,MATCH(1,($A46='Offer Statistics'!$AK$2:$AK$400)*($AC$2='Offer Statistics'!$AL$2:$AL$400),0)),"/")} -> 813 | AO46: {=IFERROR(INDEX('Offer Statistics'!AP$2:AP$400,MATCH(1,($A46='Offer Statistics'!$AK$2:$AK$400)*($AC$2='Offer Statistics'!$AL$2:$AL$400),0)),"/")} -> 831 | AP46: {=IFERROR(INDEX('Offer Statistics'!AQ$2:AQ$400,MATCH(1,($A46='Offer Statistics'!$AK$2:$AK$400)*($AC$2='Offer Statistics'!$AL$2:$AL$400),0)),"/")} -> 568 | AR46: =A46 -> JS3868
A48: *理大本年公佈的分數為已計比重的分數，只供參考。
A49: *理大自2020/21年度起推出「加分制」，考獲5級或以上學科將獲額外加分。( Lv.5 -> 5.5 | Lv.5* -> 7 | Lv. 5** ->8.5)
A51: *每年分數計算方式或有更改，以上一律以2024方式計算，以便估計分數差距。
A53: *計分方式：斜體 = 2025年新科目/新安排，粗體 = 有比重
A54: *入學資格：綠色＝合符資格，紅色＝不符資格，黃色＝或有額外要求（通常有關其他入學要求，例如作品集，或是個別科目分數）
A56: 估算方式:
A57: 由於理大今年直接公佈了加權後分數 (即已計算比重)，故此處直接引用理大數字，未有作任何估算。
A58: *為了公平比較往年數據，新學年修改了比重的學科在此處將繼續以往年比重估算，請注意。
A60: 參考資料:
A61: https://www51.polyu.edu.hk/eprospectus/ug/jupas/programme-requirements
A62: https://www51.polyu.edu.hk/eprospectus/ug/jupas/admission-selection
A63: https://www51.polyu.edu.hk/eprospectus/ug/jupas/interview-arrangement
A64: https://www.polyu.edu.hk/aradm/jupas/admission_figures.pdf

Sheet CUHK
B1: 學院 | C1: 課程/學科 | E1: 24年計分方式 | F1: 23年計分方式 | G1: UQ | H1: Median | I1: LQ | J1: 你的分數 | K1: 差距(Median) | M1: 學額 | N1: 資格 | P1: 中 | Q1: 英 | R1: 數 | S1: 公 | T1: E1 | U1: E2 | AB1: Band A 競爭 | AC1: 取錄人數 | AD1: Total | AE1: Band A | AF1: Band B | AG1: Band C | AH1: Band D | AI1: Band E | AJ1: 申請人數 | AK1: Total | AL1: Band A | AM1: Band B | AN1: Band C | AO1: Band D | AP1: Band E
A2: ='Reference Score Calculation'!B145 -> JS4006 | B2: ='Reference Score Calculation'!D145 -> 文學院 | C2: ='Reference Score Calculation'!E145 -> 人類學 | D2: ='Reference Score Calculation'!S145 -> ANTHROPOLOGY | E2: ='Reference Score Calculation'!AC145 -> Best 5 | F2: ='Reference Score Calculation'!F145 -> Best 5 | G2: ='Reference Score Calculation'!H145 -> 24.5 | H2: ='Reference Score Calculation'!I145 -> 23 | I2: ='Reference Score Calculation'!J145 -> 23 | J2: =計分版!J168 -> 3.5e-09 | K2: =IFERROR(IF(K$1="差距(Median)",J2-H2,IF(K$1="差距(UQ)",J2-G2,IF(K$1="差距(LQ)",J2-I2))),"/") -> -23 | L2: =IFERROR(IF(K$1="差距(Median)",(J2-H2)/J2,IF(K$1="差距(UQ)",(J2-G2)/J2,IF(K$1="差距(LQ)",(J2-I2)/J2))),"/") -> -6.5714286e+09 | M2: ='Reference Score Calculation'!U145 -> 18 | N2: =入學要求!Z154 -> 0 | O2: 請前往All in One 計分器查看比重、入學要求等詳情。 | P2: =入學要求!L154 -> 3 | Q2: =入學要求!M154 -> 3 | R2: =入學要求!N154 -> 2 | S2: =入學要求!O154 -> 1 | T2: =入學要求!P154 -> 3 | U2: =入學要求!Q154 -> 3 | V2: =入學要求!S154 -> 0 | W2: =入學要求!T154 -> 0 | X2: =入學要求!U154 -> 0 | Y2: =入學要求!V154 -> 0 | Z2: =入學要求!W154 -> 0 | AA2: =入學要求!X154 -> 0 | AB2: =IFERROR(ROUND(AL2/AE2,2),"/") -> 5.91 | AC2: 2024年 | AD2: {=IFERROR(INDEX('Offer Statistics'!$BQ$2:$BQ$600,MATCH(1,($A2='Offer Statistics'!$BB$2:$BB$600)*($AC$2='Offer Statistics'!$BC$2:$BC$600),0)),"/")} -> 22 | AE2: {=IFERROR(INDEX('Offer Statistics'!BL$2:BL$600,MATCH(1,($A2='Offer Statistics'!$BB$2:$BB$600)*($AC$2='Offer Statistics'!$BC$2:$BC$600),0)),"/")} -> 22 | AF2: {=IFERROR(INDEX('Offer Statistics'!BM$2:BM$600,MATCH(1,($A2='Offer Statistics'!$BB$2:$BB$600)*($AC$2='Offer Statistics'!$BC$2:$BC$600),0)),"/")} -> 0 | AG2: {=IFERROR(INDEX('Offer Statistics'!BN$2:BN$600,MATCH(1,($A2='Offer Statistics'!$BB$2:$BB$600)*($AC$2='Offer Statistics'!$BC$2:$BC$600),0)),"/")} -> 0 | AH2: {=IFERROR(INDEX('Offer Statistics'!BO$2:BO$600,MATCH(1,($A2='Offer Statistics'!$BB$2:$BB$600)*($AC$2='Offer Statistics'!$BC$2:$BC$600),0)),"/")} -> 0 | AI2: {=IFERROR(INDEX('Offer Statistics'!BP$2:BP$600,MATCH(1,($A2='Offer Statistics'!$BB$2:$BB$600)*($AC$2='Offer Statistics'!$BC$2:$BC$600),0)),"/")} -> 0 | AJ2: =AC2 -> 2024年 | AK2: {=IFERROR(INDEX('Offer Statistics'!$BI$2:$BI$600,MATCH(1,($A2='Offer Statistics'!$BB$2:$BB$600)*($AC$2='Offer Statistics'!$BC$2:$BC$600),0)),"/")} -> 1637 | AL2: {=IFERROR(INDEX('Offer Statistics'!BD$2:BD$600,MATCH(1,($A2='Offer Statistics'!$BB$2:$BB$600)*($AC$2='Offer Statistics'!$BC$2:$BC$600),0)),"/")} -> 130 | AM2: {=IFERROR(INDEX('Offer Statistics'!BE$2:BE$600,MATCH(1,($A2='Offer Statistics'!$BB$2:$BB$600)*($AC$2='Offer Statistics'!$BC$2:$BC$600),0)),"/")} -> 181 | AN2: {=IFERROR(INDEX('Offer Statistics'!BF$2:BF$600,MATCH(1,($A2='Offer Statistics'!$BB$2:$BB$600)*($AC$2='Offer Statistics'!$BC$2:$BC$600),0)),"/")} -> 318 | AO2: {=IFERROR(INDEX('Offer Statistics'!BG$2:BG$600,MATCH(1,($A2='Offer Statistics'!$BB$2:$BB$600)*($AC$2='Offer Statistics'!$BC$2:$BC$600),0)),"/")} -> 516 | AP2: {=IFERROR(INDEX('Offer Statistics'!BH$2:BH$600,MATCH(1,($A2='Offer Statistics'!$BB$2:$BB$600)*($AC$2='Offer Statistics'!$BC$2:$BC$600),0)),"/")} -> 492 | AR2: =A2 -> JS4006
A3: ='Reference Score Calculation'!B146 -> JS4018 | B3: ='Reference Score Calculation'!D146 -> 文學院 | C3: ='Reference Score Calculation'!E146 -> 中國語言及文學 | D3: ='Reference Score Calculation'!S146 -> CHI LANG & LIT | E3: ='Reference Score Calculation'!AC146 -> Best 5 | F3: ='Reference Score Calculation'!F146 -> Best 5 | G3: ='Reference Score Calculation'!H146 -> 30.7 | H3: ='Reference Score Calculation'!I146 -> 29.2 | I3: ='Reference Score Calculation'!J146 -> 28.2 | J3: =計分版!J169 -> 3.5e-09 | K3: =IFERROR(IF(K$1="差距(Median)",J3-H3,IF(K$1="差距(UQ)",J3-G3,IF(K$1="差距(LQ)",J3-I3))),"/") -> -29.2 | L3: =IFERROR(IF(K$1="差距(Median)",(J3-H3)/J3,IF(K$1="差距(UQ)",(J3-G3)/J3,IF(K$1="差距(LQ)",(J3-I3)/J3))),"/") -> -8.3428571e+09 | M3: ='Reference Score Calculation'!U146 -> 79 | N3: =入學要求!Z155 -> 0 | P3: =入學要求!L155 -> 3 | Q3: =入學要求!M155 -> 3 | R3: =入學要求!N155 -> 2 | S3: =入學要求!O155 -> 1 | T3: =入學要求!P155 -> 3 | U3: =入學要求!Q155 -> 3 | V3: =入學要求!S155 -> 0 | W3: =入學要求!T155 -> 0 | X3: =入學要求!U155 -> 0 | Y3: =入學要求!V155 -> 0 | Z3: =入學要求!W155 -> 0 | AA3: =入學要求!X155 -> 0 | AB3: =IFERROR(ROUND(AL3/AE3,2),"/") -> 4.41 | AD3: {=IFERROR(INDEX('Offer Statistics'!$BQ$2:$BQ$600,MATCH(1,($A3='Offer Statistics'!$BB$2:$BB$600)*($AC$2='Offer Statistics'!$BC$2:$BC$600),0)),"/")} -> 80 | AE3: {=IFERROR(INDEX('Offer Statistics'!BL$2:BL$600,MATCH(1,($A3='Offer Statistics'!$BB$2:$BB$600)*($AC$2='Offer Statistics'!$BC$2:$BC$600),0)),"/")} -> 80 | AF3: {=IFERROR(INDEX('Offer Statistics'!BM$2:BM$600,MATCH(1,($A3='Offer Statistics'!$BB$2:$BB$600)*($AC$2='Offer Statistics'!$BC$2:$BC$600),0)),"/")} -> 0 | AG3: {=IFERROR(INDEX('Offer Statistics'!BN$2:BN$600,MATCH(1,($A3='Offer Statistics'!$BB$2:$BB$600)*($AC$2='Offer Statistics'!$BC$2:$BC$600),0)),"/")} -> 0 | AH3: {=IFERROR(INDEX('Offer Statistics'!BO$2:BO$600,MATCH(1,($A3='Offer Statistics'!$BB$2:$BB$600)*($AC$2='Offer Statistics'!$BC$2:$BC$600),0)),"/")} -> 0 | AI3: {=IFERROR(INDEX('Offer Statistics'!BP$2:BP$600,MATCH(1,($A3='Offer Statistics'!$BB$2:$BB$600)*($AC$2='Offer Statistics'!$BC$2:$BC$600),0)),"/")} -> 0 | AK3: {=IFERROR(INDEX('Offer Statistics'!$BI$2:$BI$600,MATCH(1,($A3='Offer Statistics'!$BB$2:$BB$600)*($AC$2='Offer Statistics'!$BC$2:$BC$600),0)),"/")} -> 1661 | AL3: {=IFERROR(INDEX('Offer Statistics'!BD$2:BD$600,MATCH(1,($A3='Offer Statistics'!$BB$2:$BB$600)*($AC$2='Offer Statistics'!$BC$2:$BC$600),0)),"/")} -> 353 | AM3: {=IFERROR(INDEX('Offer Statistics'!BE$2:BE$600,MATCH(1,($A3='Offer Statistics'!$BB$2:$BB$600)*($AC$2='Offer Statistics'!$BC$2:$BC$600),0)),"/")} -> 196 | AN3: {=IFERROR(INDEX('Offer Statistics'!BF$2:BF$600,MATCH(1,($A3='Offer Statistics'!$BB$2:$BB$600)*($AC$2='Offer Statistics'!$BC$2:$BC$600),0)),"/")} -> 323 | AO3: {=IFERROR(INDEX('Offer Statistics'!BG$2:BG$600,MATCH(1,($A3='Offer Statistics'!$BB$2:$BB$600)*($AC$2='Offer Statistics'!$BC$2:$BC$600),0)),"/")} -> 427 | AP3: {=IFERROR(INDEX('Offer Statistics'!BH$2:BH$600,MATCH(1,($A3='Offer Statistics'!$BB$2:$BB$600)*($AC$2='Offer Statistics'!$BC$2:$BC$600),0)),"/")} -> 362 | AR3: =A3 -> JS4018
A4: ='Reference Score Calculation'!B147 -> JS4032 | B4: ='Reference Score Calculation'!D147 -> 文學院 | C4: ='Reference Score Calculation'!E147 -> 英文 | D4: ='Reference Score Calculation'!S147 -> ENGLISH | E4: ='Reference Score Calculation'!AC147 -> Best 5 | F4: ='Reference Score Calculation'!F147 -> Best 5 | G4: ='Reference Score Calculation'!H147 -> 28 | H4: ='Reference Score Calculation'!I147 -> 27 | I4: ='Reference Score Calculation'!J147 -> 26 | J4: =計分版!J170 -> 3.5e-09 | K4: =IFERROR(IF(K$1="差距(Median)",J4-H4,IF(K$1="差距(UQ)",J4-G4,IF(K$1="差距(LQ)",J4-I4))),"/") -> -27 | L4: =IFERROR(IF(K$1="差距(Median)",(J4-H4)/J4,IF(K$1="差距(UQ)",(J4-G4)/J4,IF(K$1="差距(LQ)",(J4-I4)/J4))),"/") -> -7.7142857e+09 | M4: ='Reference Score Calculation'!U147 -> 55 | N4: =入學要求!Z156 -> 0 | P4: =入學要求!L156 -> 3 | Q4: =入學要求!M156 -> 3 | R4: =入學要求!N156 -> 2 | S4: =入學要求!O156 -> 1 | T4: =入學要求!P156 -> 3 | U4: =入學要求!Q156 -> 3 | V4: =入學要求!S156 -> 0 | W4: =入學要求!T156 -> 0 | X4: =入學要求!U156 -> 0 | Y4: =入學要求!V156 -> 0 | Z4: =入學要求!W156 -> 0 | AA4: =入學要求!X156 -> 0 | AB4: =IFERROR(ROUND(AL4/AE4,2),"/") -> 5.27 | AD4: {=IFERROR(INDEX('Offer Statistics'!$BQ$2:$BQ$600,MATCH(1,($A4='Offer Statistics'!$BB$2:$BB$600)*($AC$2='Offer Statistics'!$BC$2:$BC$600),0)),"/")} -> 49 | AE4: {=IFERROR(INDEX('Offer Statistics'!BL$2:BL$600,MATCH(1,($A4='Offer Statistics'!$BB$2:$BB$600)*($AC$2='Offer Statistics'!$BC$2:$BC$600),0)),"/")} -> 49 | AF4: {=IFERROR(INDEX('Offer Statistics'!BM$2:BM$600,MATCH(1,($A4='Offer Statistics'!$BB$2:$BB$600)*($AC$2='Offer Statistics'!$BC$2:$BC$600),0)),"/")} -> 0 | AG4: {=IFERROR(INDEX('Offer Statistics'!BN$2:BN$600,MATCH(1,($A4='Offer Statistics'!$BB$2:$BB$600)*($AC$2='Offer Statistics'!$BC$2:$BC$600),0)),"/")} -> 0 | AH4: {=IFERROR(INDEX('Offer Statistics'!BO$2:BO$600,MATCH(1,($A4='Offer Statistics'!$BB$2:$BB$600)*($AC$2='Offer Statistics'!$BC$2:$BC$600),0)),"/")} -> 0 | AI4: {=IFERROR(INDEX('Offer Statistics'!BP$2:BP$600,MATCH(1,($A4='Offer Statistics'!$BB$2:$BB$600)*($AC$2='Offer Statistics'!$BC$2:$BC$600),0)),"/")} -> 0 | AK4: {=IFERROR(INDEX('Offer Statistics'!$BI$2:$BI$600,MATCH(1,($A4='Offer Statistics'!$BB$2:$BB$600)*($AC$2='Offer Statistics'!$BC$2:$BC$600),0)),"/")} -> 1239 | AL4: {=IFERROR(INDEX('Offer Statistics'!BD$2:BD$600,MATCH(1,($A4='Offer Statistics'!$BB$2:$BB$600)*($AC$2='Offer Statistics'!$BC$2:$BC$600),0)),"/")} -> 258 | AM4: {=IFERROR(INDEX('Offer Statistics'!BE$2:BE$600,MATCH(1,($A4='Offer Statistics'!$BB$2:$BB$600)*($AC$2='Offer Statistics'!$BC$2:$BC$600),0)),"/")} -> 161 | AN4: {=IFERROR(INDEX('Offer Statistics'!BF$2:BF$600,MATCH(1,($A4='Offer Statistics'!$BB$2:$BB$600)*($AC$2='Offer Statistics'!$BC$2:$BC$600),0)),"/")} -> 266 | AO4: {=IFERROR(INDEX('Offer Statistics'!BG$2:BG$600,MATCH(1,($A4='Offer Statistics'!$BB$2:$BB$600)*($AC$2='Offer Statistics'!$BC$2:$BC$600),0)),"/")} -> 294 | AP4: {=IFERROR(INDEX('Offer Statistics'!BH$2:BH$600,MATCH(1,($A4='Offer Statistics'!$BB$2:$BB$600)*($AC$2='Offer Statistics'!$BC$2:$BC$600),0)),"/")} -> 260 | AR4: =A4 -> JS4032
A5: ='Reference Score Calculation'!B148 -> JS4044 | B5: ='Reference Score Calculation'!D148 -> 文學院 | C5: ='Reference Score Calculation'!E148 -> 藝術 | D5: ='Reference Score Calculation'!S148 -> FINE ARTS | E5: ='Reference Score Calculation'!AC148 -> Best 5 | F5: ='Reference Score Calculation'!F148 -> Best 5 | G5: ='Reference Score Calculation'!H148 -> 26.5 | H5: ='Reference Score Calculation'!I148 -> 25 | I5: ='Reference Score Calculation'!J148 -> 24 | J5: =計分版!J171 -> 3.5e-09 | K5: =IFERROR(IF(K$1="差距(Median)",J5-H5,IF(K$1="差距(UQ)",J5-G5,IF(K$1="差距(LQ)",J5-I5))),"/") -> -25 | L5: =IFERROR(IF(K$1="差距(Median)",(J5-H5)/J5,IF(K$1="差距(UQ)",(J5-G5)/J5,IF(K$1="差距(LQ)",(J5-I5)/J5))),"/") -> -7.1428571e+09 | M5: ='Reference Score Calculation'!U148 -> 19 | N5: =入學要求!Z157 -> 0 | P5: =入學要求!L157 -> 3 | Q5: =入學要求!M157 -> 3 | R5: =入學要求!N157 -> 2 | S5: =入學要求!O157 -> 1 | T5: =入學要求!P157 -> 3 | U5: =入學要求!Q157 -> 3 | V5: =入學要求!S157 -> 0 | W5: =入學要求!T157 -> 0 | X5: =入學要求!U157 -> 0 | Y5: =入學要求!V157 -> 0 | Z5: =入學要求!W157 -> 0 | AA5: =入學要求!X157 -> 0 | AB5: =IFERROR(ROUND(AL5/AE5,2),"/") -> 15.47 | AD5: {=IFERROR(INDEX('Offer Statistics'!$BQ$2:$BQ$600,MATCH(1,($A5='Offer Statistics'!$BB$2:$BB$600)*($AC$2='Offer Statistics'!$BC$2:$BC$600),0)),"/")} -> 19 | AE5: {=IFERROR(INDEX('Offer Statistics'!BL$2:BL$600,MATCH(1,($A5='Offer Statistics'!$BB$2:$BB$600)*($AC$2='Offer Statistics'!$BC$2:$BC$600),0)),"/")} -> 19 | AF5: {=IFERROR(INDEX('Offer Statistics'!BM$2:BM$600,MATCH(1,($A5='Offer Statistics'!$BB$2:$BB$600)*($AC$2='Offer Statistics'!$BC$2:$BC$600),0)),"/")} -> 0 | AG5: {=IFERROR(INDEX('Offer Statistics'!BN$2:BN$600,MATCH(1,($A5='Offer Statistics'!$BB$2:$BB$600)*($AC$2='Offer Statistics'!$BC$2:$BC$600),0)),"/")} -> 0 | AH5: {=IFERROR(INDEX('Offer Statistics'!BO$2:BO$600,MATCH(1,($A5='Offer Statistics'!$BB$2:$BB$600)*($AC$2='Offer Statistics'!$BC$2:$BC$600),0)),"/")} -> 0 | AI5: {=IFERROR(INDEX('Offer Statistics'!BP$2:BP$600,MATCH(1,($A5='Offer Statistics'!$BB$2:$BB$600)*($AC$2='Offer Statistics'!$BC$2:$BC$600),0)),"/")} -> 0 | AK5: {=IFERROR(INDEX('Offer Statistics'!$BI$2:$BI$600,MATCH(1,($A5='Offer Statistics'!$BB$2:$BB$600)*($AC$2='Offer Statistics'!$BC$2:$BC$600),0)),"/")} -> 1395 | AL5: {=IFERROR(INDEX('Offer Statistics'!BD$2:BD$600,MATCH(1,($A5='Offer Statistics'!$BB$2:$BB$600)*($AC$2='Offer Statistics'!$BC$2:$BC$600),0)),"/")} -> 294 | AM5: {=IFERROR(INDEX('Offer Statistics'!BE$2:BE$600,MATCH(1,($A5='Offer Statistics'!$BB$2:$BB$600)*($AC$2='Offer Statistics'!$BC$2:$BC$600),0)),"/")} -> 210 | AN5: {=IFERROR(INDEX('Offer Statistics'!BF$2:BF$600,MATCH(1,($A5='Offer Statistics'!$BB$2:$BB$600)*($AC$2='Offer Statistics'!$BC$2:$BC$600),0)),"/")} -> 265 | AO5: {=IFERROR(INDEX('Offer Statistics'!BG$2:BG$600,MATCH(1,($A5='Offer Statistics'!$BB$2:$BB$600)*($AC$2='Offer Statistics'!$BC$2:$BC$600),0)),"/")} -> 359 | AP5: {=IFERROR(INDEX('Offer Statistics'!BH$2:BH$600,MATCH(1,($A5='Offer Statistics'!$BB$2:$BB$600)*($AC$2='Offer Statistics'!$BC$2:$BC$600),0)),"/")} -> 267 | AR5: =A5 -> JS4044
A6: ='Reference Score Calculation'!B149 -> JS4056 | B6: ='Reference Score Calculation'!D149 -> 文學院 | C6: ='Reference Score Calculation'!E149 -> 歷史 | D6: ='Reference Score Calculation'!S149 -> HISTORY | E6: ='Reference Score Calculation'!AC149 -> Best 5 | F6: ='Reference Score Calculation'!F149 -> Best 5 | G6: ='Reference Score Calculation'!H149 -> 29 | H6: ='Reference Score Calculation'!I149 -> 26 | I6: ='Reference Score Calculation'!J149 -> 25 | J6: =計分版!J172 -> 3.5e-09 | K6: =IFERROR(IF(K$1="差距(Median)",J6-H6,IF(K$1="差距(UQ)",J6-G6,IF(K$1="差距(LQ)",J6-I6))),"/") -> -26 | L6: =IFERROR(IF(K$1="差距(Median)",(J6-H6)/J6,IF(K$1="差距(UQ)",(J6-G6)/J6,IF(K$1="差距(LQ)",(J6-I6)/J6))),"/") -> -7.4285714e+09 | M6: ='Reference Score Calculation'!U149 -> 48 | N6: =入學要求!Z158 -> 0 | P6: =入學要求!L158 -> 3 | Q6: =入學要求!M158 -> 3 | R6: =入學要求!N158 -> 2 | S6: =入學要求!O158 -> 1 | T6: =入學要求!P158 -> 3 | U6: =入學要求!Q158 -> 3 | V6: =入學要求!S158 -> 0 | W6: =入學要求!T158 -> 0 | X6: =入學要求!U158 -> 0 | Y6: =入學要求!V158 -> 0 | Z6: =入學要求!W158 -> 0 | AA6: =入學要求!X158 -> 0 | AB6: =IFERROR(ROUND(AL6/AE6,2),"/") -> 7.02 | AD6: {=IFERROR(INDEX('Offer Statistics'!$BQ$2:$BQ$600,MATCH(1,($A6='Offer Statistics'!$BB$2:$BB$600)*($AC$2='Offer Statistics'!$BC$2:$BC$600),0)),"/")} -> 46 | AE6: {=IFERROR(INDEX('Offer Statistics'!BL$2:BL$600,MATCH(1,($A6='Offer Statistics'!$BB$2:$BB$600)*($AC$2='Offer Statistics'!$BC$2:$BC$600),0)),"/")} -> 46 | AF6: {=IFERROR(INDEX('Offer Statistics'!BM$2:BM$600,MATCH(1,($A6='Offer Statistics'!$BB$2:$BB$600)*($AC$2='Offer Statistics'!$BC$2:$BC$600),0)),"/")} -> 0 | AG6: {=IFERROR(INDEX('Offer Statistics'!BN$2:BN$600,MATCH(1,($A6='Offer Statistics'!$BB$2:$BB$600)*($AC$2='Offer Statistics'!$BC$2:$BC$600),0)),"/")} -> 0 | AH6: {=IFERROR(INDEX('Offer Statistics'!BO$2:BO$600,MATCH(1,($A6='Offer Statistics'!$BB$2:$BB$600)*($AC$2='Offer Statistics'!$BC$2:$BC$600),0)),"/")} -> 0 | AI6: {=IFERROR(INDEX('Offer Statistics'!BP$2:BP$600,MATCH(1,($A6='Offer Statistics'!$BB$2:$BB$600)*($AC$2='Offer Statistics'!$BC$2:$BC$600),0)),"/")} -> 0 | AK6: {=IFERROR(INDEX('Offer Statistics'!$BI$2:$BI$600,MATCH(1,($A6='Offer Statistics'!$BB$2:$BB$600)*($AC$2='Offer Statistics'!$BC$2:$BC$600),0)),"/")} -> 1858 | AL6: {=IFERROR(INDEX('Offer Statistics'!BD$2:BD$600,MATCH(1,($A6='Offer Statistics'!$BB$2:$BB$600)*($AC$2='Offer Statistics'!$BC$2:$BC$600),0)),"/")} -> 323 | AM6: {=IFERROR(INDEX('Offer Statistics'!BE$2:BE$600,MATCH(1,($A6='Offer Statistics'!$BB$2:$BB$600)*($AC$2='Offer Statistics'!$BC$2:$BC$600),0)),"/")} -> 268 | AN6: {=IFERROR(INDEX('Offer Statistics'!BF$2:BF$600,MATCH(1,($A6='Offer Statistics'!$BB$2:$BB$600)*($AC$2='Offer Statistics'!$BC$2:$BC$600),0)),"/")} -> 380 | AO6: {=IFERROR(INDEX('Offer Statistics'!BG$2:BG$600,MATCH(1,($A6='Offer Statistics'!$BB$2:$BB$600)*($AC$2='Offer Statistics'!$BC$2:$BC$600),0)),"/")} -> 463 | AP6: {=IFERROR(INDEX('Offer Statistics'!BH$2:BH$600,MATCH(1,($A6='Offer Statistics'!$BB$2:$BB$600)*($AC$2='Offer Statistics'!$BC$2:$BC$600),0)),"/")} -> 424 | AR6: =A6 -> JS4056
A7: ='Reference Score Calculation'!B150 -> JS4068 | B7: ='Reference Score Calculation'!D150 -> 文學院 | C7: ='Reference Score Calculation'!E150 -> 日本研究 | D7: ='Reference Score Calculation'!S150 -> JAPANESE STUDIES | E7: ='Reference Score Calculation'!AC150 -> Best 5 | F7: ='Reference Score Calculation'!F150 -> Best 5 | G7: ='Reference Score Calculation'!H150 -> 27.5 | H7: ='Reference Score Calculation'!I150 -> 25 | I7: ='Reference Score Calculation'!J150 -> 23 | J7: =計分版!J173 -> 3.5e-09 | K7: =IFERROR(IF(K$1="差距(Median)",J7-H7,IF(K$1="差距(UQ)",J7-G7,IF(K$1="差距(LQ)",J7-I7))),"/") -> -25 | L7: =IFERROR(IF(K$1="差距(Median)",(J7-H7)/J7,IF(K$1="差距(UQ)",(J7-G7)/J7,IF(K$1="差距(LQ)",(J7-I7)/J7))),"/") -> -7.1428571e+09 | M7: ='Reference Score Calculation'!U150 -> 22 | N7: =入學要求!Z159 -> 0 | P7: =入學要求!L159 -> 3 | Q7: =入學要求!M159 -> 3 | R7: =入學要求!N159 -> 2 | S7: =入學要求!O159 -> 1 | T7: =入學要求!P159 -> 3 | U7: =入學要求!Q159 -> 3 | V7: =入學要求!S159 -> 0 | W7: =入學要求!T159 -> 0 | X7: =入學要求!U159 -> 0 | Y7: =入學要求!V159 -> 0 | Z7: =入學要求!W159 -> 0 | AA7: =入學要求!X159 -> 0 | AB7: =IFERROR(ROUND(AL7/AE7,2),"/") -> 15.05 | AD7: {=IFERROR(INDEX('Offer Statistics'!$BQ$2:$BQ$600,MATCH(1,($A7='Offer Statistics'!$BB$2:$BB$600)*($AC$2='Offer Statistics'!$BC$2:$BC$600),0)),"/")} -> 22 | AE7: {=IFERROR(INDEX('Offer Statistics'!BL$2:BL$600,MATCH(1,($A7='Offer Statistics'!$BB$2:$BB$600)*($AC$2='Offer Statistics'!$BC$2:$BC$600),0)),"/")} -> 22 | AF7: {=IFERROR(INDEX('Offer Statistics'!BM$2:BM$600,MATCH(1,($A7='Offer Statistics'!$BB$2:$BB$600)*($AC$2='Offer Statistics'!$BC$2:$BC$600),0)),"/")} -> 0 | AG7: {=IFERROR(INDEX('Offer Statistics'!BN$2:BN$600,MATCH(1,($A7='Offer Statistics'!$BB$2:$BB$600)*($AC$2='Offer Statistics'!$BC$2:$BC$600),0)),"/")} -> 0 | AH7: {=IFERROR(INDEX('Offer Statistics'!BO$2:BO$600,MATCH(1,($A7='Offer Statistics'!$BB$2:$BB$600)*($AC$2='Offer Statistics'!$BC$2:$BC$600),0)),"/")} -> 0 | AI7: {=IFERROR(INDEX('Offer Statistics'!BP$2:BP$600,MATCH(1,($A7='Offer Statistics'!$BB$2:$BB$600)*($AC$2='Offer Statistics'!$BC$2:$BC$600),0)),"/")} -> 0 | AK7: {=IFERROR(INDEX('Offer Statistics'!$BI$2:$BI$600,MATCH(1,($A7='Offer Statistics'!$BB$2:$BB$600)*($AC$2='Offer Statistics'!$BC$2:$BC$600),0)),"/")} -> 1857 | AL7: {=IFERROR(INDEX('Offer Statistics'!BD$2:BD$600,MATCH(1,($A7='Offer Statistics'!$BB$2:$BB$600)*($AC$2='Offer Statistics'!$BC$2:$BC$600),0)),"/")} -> 331 | AM7: {=IFERROR(INDEX('Offer Statistics'!BE$2:BE$600,MATCH(1,($A7='Offer Statistics'!$BB$2:$BB$600)*($AC$2='Offer Statistics'!$BC$2:$BC$600),0)),"/")} -> 250 | AN7: {=IFERROR(INDEX('Offer Statistics'!BF$2:BF$600,MATCH(1,($A7='Offer Statistics'!$BB$2:$BB$600)*($AC$2='Offer Statistics'!$BC$2:$BC$600),0)),"/")} -> 332 | AO7: {=IFERROR(INDEX('Offer Statistics'!BG$2:BG$600,MATCH(1,($A7='Offer Statistics'!$BB$2:$BB$600)*($AC$2='Offer Statistics'!$BC$2:$BC$600),0)),"/")} -> 486 | AP7: {=IFERROR(INDEX('Offer Statistics'!BH$2:BH$600,MATCH(1,($A7='Offer Statistics'!$BB$2:$BB$600)*($AC$2='Offer Statistics'!$BC$2:$BC$600),0)),"/")} -> 458 | AR7: =A7 -> JS4068
A8: ='Reference Score Calculation'!B151 -> JS4070 | B8: ='Reference Score Calculation'!D151 -> 文學院 | C8: ='Reference Score Calculation'!E151 -> 語言學 | D8: ='Reference Score Calculation'!S151 -> LINGUISTICS | E8: ='Reference Score Calculation'!AC151 -> Best 5 | F8: ='Reference Score Calculation'!F151 -> Best 5 | G8: ='Reference Score Calculation'!H151 -> 24.5 | H8: ='Reference Score Calculation'!I151 -> 23.5 | I8: ='Reference Score Calculation'!J151 -> 23 | J8: =計分版!J174 -> 3.5e-09 | K8: =IFERROR(IF(K$1="差距(Median)",J8-H8,IF(K$1="差距(UQ)",J8-G8,IF(K$1="差距(LQ)",J8-I8))),"/") -> -23.5 | L8: =IFERROR(IF(K$1="差距(Median)",(J8-H8)/J8,IF(K$1="差距(UQ)",(J8-G8)/J8,IF(K$1="差距(LQ)",(J8-I8)/J8))),"/") -> -6.7142857e+09 | M8: ='Reference Score Calculation'!U151 -> 22 | N8: =入學要求!Z160 -> 0 | P8: =入學要求!L160 -> 3 | Q8: =入學要求!M160 -> 3 | R8: =入學要求!N160 -> 2 | S8: =入學要求!O160 -> 1 | T8: =入學要求!P160 -> 3 | U8: =入學要求!Q160 -> 3 | V8: =入學要求!S160 -> 0 | W8: =入學要求!T160 -> 0 | X8: =入學要求!U160 -> 0 | Y8: =入學要求!V160 -> 0 | Z8: =入學要求!W160 -> 0 | AA8: =入學要求!X160 -> 0 | AB8: =IFERROR(ROUND(AL8/AE8,2),"/") -> 6.8 | AD8: {=IFERROR(INDEX('Offer Statistics'!$BQ$2:$BQ$600,MATCH(1,($A8='Offer Statistics'!$BB$2:$BB$600)*($AC$2='Offer Statistics'!$BC$2:$BC$600),0)),"/")} -> 23 | AE8: {=IFERROR(INDEX('Offer Statistics'!BL$2:BL$600,MATCH(1,($A8='Offer Statistics'!$BB$2:$BB$600)*($AC$2='Offer Statistics'!$BC$2:$BC$600),0)),"/")} -> 20 | AF8: {=IFERROR(INDEX('Offer Statistics'!BM$2:BM$600,MATCH(1,($A8='Offer Statistics'!$BB$2:$BB$600)*($AC$2='Offer Statistics'!$BC$2:$BC$600),0)),"/")} -> 3 | AG8: {=IFERROR(INDEX('Offer Statistics'!BN$2:BN$600,MATCH(1,($A8='Offer Statistics'!$BB$2:$BB$600)*($AC$2='Offer Statistics'!$BC$2:$BC$600),0)),"/")} -> 0 | AH8: {=IFERROR(INDEX('Offer Statistics'!BO$2:BO$600,MATCH(1,($A8='Offer Statistics'!$BB$2:$BB$600)*($AC$2='Offer Statistics'!$BC$2:$BC$600),0)),"/")} -> 0 | AI8: {=IFERROR(INDEX('Offer Statistics'!BP$2:BP$600,MATCH(1,($A8='Offer Statistics'!$BB$2:$BB$600)*($AC$2='Offer Statistics'!$BC$2:$BC$600),0)),"/")} -> 0 | AK8: {=IFERROR(INDEX('Offer Statistics'!$BI$2:$BI$600,MATCH(1,($A8='Offer Statistics'!$BB$2:$BB$600)*($AC$2='Offer Statistics'!$BC$2:$BC$600),0)),"/")} -> 1456 | AL8: {=IFERROR(INDEX('Offer Statistics'!BD$2:BD$600,MATCH(1,($A8='Offer Statistics'!$BB$2:$BB$600)*($AC$2='Offer Statistics'!$BC$2:$BC$600),0)),"/")} -> 136 | AM8: {=IFERROR(INDEX('Offer Statistics'!BE$2:BE$600,MATCH(1,($A8='Offer Statistics'!$BB$2:$BB$600)*($AC$2='Offer Statistics'!$BC$2:$BC$600),0)),"/")} -> 145 | AN8: {=IFERROR(INDEX('Offer Statistics'!BF$2:BF$600,MATCH(1,($A8='Offer Statistics'!$BB$2:$BB$600)*($AC$2='Offer Statistics'!$BC$2:$BC$600),0)),"/")} -> 321 | AO8: {=IFERROR(INDEX('Offer Statistics'!BG$2:BG$600,MATCH(1,($A8='Offer Statistics'!$BB$2:$BB$600)*($AC$2='Offer Statistics'!$BC$2:$BC$600),0)),"/")} -> 455 | AP8: {=IFERROR(INDEX('Offer Statistics'!BH$2:BH$600,MATCH(1,($A8='Offer Statistics'!$BB$2:$BB$600)*($AC$2='Offer Statistics'!$BC$2:$BC$600),0)),"/")} -> 399 | AR8: =A8 -> JS4070
A9: ='Reference Score Calculation'!B152 -> JS4082 | B9: ='Reference Score Calculation'!D152 -> 文學院 | C9: ='Reference Score Calculation'!E152 -> 音樂 | D9: ='Reference Score Calculation'!S152 -> MUSIC | E9: ='Reference Score Calculation'!AC152 -> Best 5 | F9: ='Reference Score Calculation'!F152 -> Best 5 | G9: ='Reference Score Calculation'!H152 -> 24.5 | H9: ='Reference Score Calculation'!I152 -> 21.5 | I9: ='Reference Score Calculation'!J152 -> 20.5 | J9: =計分版!J175 -> 3.5e-09 | K9: =IFERROR(IF(K$1="差距(Median)",J9-H9,IF(K$1="差距(UQ)",J9-G9,IF(K$1="差距(LQ)",J9-I9))),"/") -> -21.5 | L9: =IFERROR(IF(K$1="差距(Median)",(J9-H9)/J9,IF(K$1="差距(UQ)",(J9-G9)/J9,IF(K$1="差距(LQ)",(J9-I9)/J9))),"/") -> -6.1428571e+09 | M9: ='Reference Score Calculation'!U152 -> 27 | N9: =入學要求!Z161 -> 0 | P9: =入學要求!L161 -> 3 | Q9: =入學要求!M161 -> 3 | R9: =入學要求!N161 -> 2 | S9: =入學要求!O161 -> 1 | T9: =入學要求!P161 -> 3 | U9: =入學要求!Q161 -> 3 | V9: =入學要求!S161 -> 0 | W9: =入學要求!T161 -> 0 | X9: =入學要求!U161 -> 0 | Y9: =入學要求!V161 -> 0 | Z9: =入學要求!W161 -> 0 | AA9: =入學要求!X161 -> 0 | AB9: =IFERROR(ROUND(AL9/AE9,2),"/") -> 6.81 | AD9: {=IFERROR(INDEX('Offer Statistics'!$BQ$2:$BQ$600,MATCH(1,($A9='Offer Statistics'!$BB$2:$BB$600)*($AC$2='Offer Statistics'!$BC$2:$BC$600),0)),"/")} -> 26 | AE9: {=IFERROR(INDEX('Offer Statistics'!BL$2:BL$600,MATCH(1,($A9='Offer Statistics'!$BB$2:$BB$600)*($AC$2='Offer Statistics'!$BC$2:$BC$600),0)),"/")} -> 26 | AF9: {=IFERROR(INDEX('Offer Statistics'!BM$2:BM$600,MATCH(1,($A9='Offer Statistics'!$BB$2:$BB$600)*($AC$2='Offer Statistics'!$BC$2:$BC$600),0)),"/")} -> 0 | AG9: {=IFERROR(INDEX('Offer Statistics'!BN$2:BN$600,MATCH(1,($A9='Offer Statistics'!$BB$2:$BB$600)*($AC$2='Offer Statistics'!$BC$2:$BC$600),0)),"/")} -> 0 | AH9: {=IFERROR(INDEX('Offer Statistics'!BO$2:BO$600,MATCH(1,($A9='Offer Statistics'!$BB$2:$BB$600)*($AC$2='Offer Statistics'!$BC$2:$BC$600),0)),"/")} -> 0 | AI9: {=IFERROR(INDEX('Offer Statistics'!BP$2:BP$600,MATCH(1,($A9='Offer Statistics'!$BB$2:$BB$600)*($AC$2='Offer Statistics'!$BC$2:$BC$600),0)),"/")} -> 0 | AK9: {=IFERROR(INDEX('Offer Statistics'!$BI$2:$BI$600,MATCH(1,($A9='Offer Statistics'!$BB$2:$BB$600)*($AC$2='Offer Statistics'!$BC$2:$BC$600),0)),"/")} -> 822 | AL9: {=IFERROR(INDEX('Offer Statistics'!BD$2:BD$600,MATCH(1,($A9='Offer Statistics'!$BB$2:$BB$600)*($AC$2='Offer Statistics'!$BC$2:$BC$600),0)),"/")} -> 177 | AM9: {=IFERROR(INDEX('Offer Statistics'!BE$2:BE$600,MATCH(1,($A9='Offer Statistics'!$BB$2:$BB$600)*($AC$2='Offer Statistics'!$BC$2:$BC$600),0)),"/")} -> 103 | AN9: {=IFERROR(INDEX('Offer Statistics'!BF$2:BF$600,MATCH(1,($A9='Offer Statistics'!$BB$2:$BB$600)*($AC$2='Offer Statistics'!$BC$2:$BC$600),0)),"/")} -> 131 | AO9: {=IFERROR(INDEX('Offer Statistics'!BG$2:BG$600,MATCH(1,($A9='Offer Statistics'!$BB$2:$BB$600)*($AC$2='Offer Statistics'!$BC$2:$BC$600),0)),"/")} -> 206 | AP9: {=IFERROR(INDEX('Offer Statistics'!BH$2:BH$600,MATCH(1,($A9='Offer Statistics'!$BB$2:$BB$600)*($AC$2='Offer Statistics'!$BC$2:$BC$600),0)),"/")} -> 205 | AR9: =A9 -> JS4082
A10: ='Reference Score Calculation'!B153 -> JS4094 | B10: ='Reference Score Calculation'!D153 -> 文學院 | C10: ='Reference Score Calculation'!E153 -> 哲學 | D10: ='Reference Score Calculation'!S153 -> PHILOSOPHY | E10: ='Reference Score Calculation'!AC153 -> Best 5 | F10: ='Reference Score Calculation'!F153 -> Best 5 | G10: ='Reference Score Calculation'!H153 -> 26 | H10: ='Reference Score Calculation'!I153 -> 23.5 | I10: ='Reference Score Calculation'!J153 -> 22 | J10: =計分版!J176 -> 2.7e-09 | K10: =IFERROR(IF(K$1="差距(Median)",J10-H10,IF(K$1="差距(UQ)",J10-G10,IF(K$1="差距(LQ)",J10-I10))),"/") -> -23.5 | L10: =IFERROR(IF(K$1="差距(Median)",(J10-H10)/J10,IF(K$1="差距(UQ)",(J10-G10)/J10,IF(K$1="差距(LQ)",(J10-I10)/J10))),"/") -> -8.7037037e+09 | M10: ='Reference Score Calculation'!U153 -> 19 | N10: =入學要求!Z162 -> 0 | P10: =入學要求!L162 -> 3 | Q10: =入學要求!M162 -> 3 | R10: =入學要求!N162 -> 2 | S10: =入學要求!O162 -> 1 | T10: =入學要求!P162 -> 3 | U10: =入學要求!Q162 -> 3 | V10: =入學要求!S162 -> 0 | W10: =入學要求!T162 -> 0 | X10: =入學要求!U162 -> 0 | Y10: =入學要求!V162 -> 0 | Z10: =入學要求!W162 -> 0 | AA10: =入學要求!X162 -> 0 | AB10: =IFERROR(ROUND(AL10/AE10,2),"/") -> 8.62 | AD10: {=IFERROR(INDEX('Offer Statistics'!$BQ$2:$BQ$600,MATCH(1,($A10='Offer Statistics'!$BB$2:$BB$600)*($AC$2='Offer Statistics'!$BC$2:$BC$600),0)),"/")} -> 21 | AE10: {=IFERROR(INDEX('Offer Statistics'!BL$2:BL$600,MATCH(1,($A10='Offer Statistics'!$BB$2:$BB$600)*($AC$2='Offer Statistics'!$BC$2:$BC$600),0)),"/")} -> 21 | AF10: {=IFERROR(INDEX('Offer Statistics'!BM$2:BM$600,MATCH(1,($A10='Offer Statistics'!$BB$2:$BB$600)*($AC$2='Offer Statistics'!$BC$2:$BC$600),0)),"/")} -> 0 | AG10: {=IFERROR(INDEX('Offer Statistics'!BN$2:BN$600,MATCH(1,($A10='Offer Statistics'!$BB$2:$BB$600)*($AC$2='Offer Statistics'!$BC$2:$BC$600),0)),"/")} -> 0 | AH10: {=IFERROR(INDEX('Offer Statistics'!BO$2:BO$600,MATCH(1,($A10='Offer Statistics'!$BB$2:$BB$600)*($AC$2='Offer Statistics'!$BC$2:$BC$600),0)),"/")} -> 0 | AI10: {=IFERROR(INDEX('Offer Statistics'!BP$2:BP$600,MATCH(1,($A10='Offer Statistics'!$BB$2:$BB$600)*($AC$2='Offer Statistics'!$BC$2:$BC$600),0)),"/")} -> 0 | AK10: {=IFERROR(INDEX('Offer Statistics'!$BI$2:$BI$600,MATCH(1,($A10='Offer Statistics'!$BB$2:$BB$600)*($AC$2='Offer Statistics'!$BC$2:$BC$600),0)),"/")} -> 1745 | AL10: {=IFERROR(INDEX('Offer Statistics'!BD$2:BD$600,MATCH(1,($A10='Offer Statistics'!$BB$2:$BB$600)*($AC$2='Offer Statistics'!$BC$2:$BC$600),0)),"/")} -> 181 | AM10: {=IFERROR(INDEX('Offer Statistics'!BE$2:BE$600,MATCH(1,($A10='Offer Statistics'!$BB$2:$BB$600)*($AC$2='Offer Statistics'!$BC$2:$BC$600),0)),"/")} -> 201 | AN10: {=IFERROR(INDEX('Offer Statistics'!BF$2:BF$600,MATCH(1,($A10='Offer Statistics'!$BB$2:$BB$600)*($AC$2='Offer Statistics'!$BC$2:$BC$600),0)),"/")} -> 329 | AO10: {=IFERROR(INDEX('Offer Statistics'!BG$2:BG$600,MATCH(1,($A10='Offer Statistics'!$BB$2:$BB$600)*($AC$2='Offer Statistics'!$BC$2:$BC$600),0)),"/")} -> 513 | AP10: {=IFERROR(INDEX('Offer Statistics'!BH$2:BH$600,MATCH(1,($A10='Offer Statistics'!$BB$2:$BB$600)*($AC$2='Offer Statistics'!$BC$2:$BC$600),0)),"/")} -> 521 | AR10: =A10 -> JS4094
A11: ='Reference Score Calculation'!B154 -> JS4100 | B11: ='Reference Score Calculation'!D154 -> 文學院 | C11: ='Reference Score Calculation'!E154 -> 公共人文學 | D11: ='Reference Score Calculation'!S154 -> PUBLIC HUMANITIES | E11: ='Reference Score Calculation'!AC154 -> Best 5 | F11: ='Reference Score Calculation'!F154 -> Best 5 | G11: ='Reference Score Calculation'!H154 -> 24 | H11: ='Reference Score Calculation'!I154 -> 23.5 | I11: ='Reference Score Calculation'!J154 -> 22 | J11: =計分版!J177 -> 3.5e-09 | K11: =IFERROR(IF(K$1="差距(Median)",J11-H11,IF(K$1="差距(UQ)",J11-G11,IF(K$1="差距(LQ)",J11-I11))),"/") -> -23.5 | L11: =IFERROR(IF(K$1="差距(Median)",(J11-H11)/J11,IF(K$1="差距(UQ)",(J11-G11)/J11,IF(K$1="差距(LQ)",(J11-I11)/J11))),"/") -> -6.7142857e+09 | M11: ='Reference Score Calculation'!U154 -> 37 | N11: =入學要求!Z163 -> 0 | P11: =入學要求!L163 -> 3 | Q11: =入學要求!M163 -> 3 | R11: =入學要求!N163 -> 2 | S11: =入學要求!O163 -> 1 | T11: =入學要求!P163 -> 3 | U11: =入學要求!Q163 -> 3 | V11: =入學要求!S163 -> 0 | W11: =入學要求!T163 -> 0 | X11: =入學要求!U163 -> 0 | Y11: =入學要求!V163 -> 0 | Z11: =入學要求!W163 -> 0 | AA11: =入學要求!X163 -> 0 | AB11: =IFERROR(ROUND(AL11/AE11,2),"/") -> / | AD11: {=IFERROR(INDEX('Offer Statistics'!$BQ$2:$BQ$600,MATCH(1,($A11='Offer Statistics'!$BB$2:$BB$600)*($AC$2='Offer Statistics'!$BC$2:$BC$600),0)),"/")} -> / | AE11: {=IFERROR(INDEX('Offer Statistics'!BL$2:BL$600,MATCH(1,($A11='Offer Statistics'!$BB$2:$BB$600)*($AC$2='Offer Statistics'!$BC$2:$BC$600),0)),"/")} -> / | AF11: {=IFERROR(INDEX('Offer Statistics'!BM$2:BM$600,MATCH(1,($A11='Offer Statistics'!$BB$2:$BB$600)*($AC$2='Offer Statistics'!$BC$2:$BC$600),0)),"/")} -> / | AG11: {=IFERROR(INDEX('Offer Statistics'!BN$2:BN$600,MATCH(1,($A11='Offer Statistics'!$BB$2:$BB$600)*($AC$2='Offer Statistics'!$BC$2:$BC$600),0)),"/")} -> / | AH11: {=IFERROR(INDEX('Offer Statistics'!BO$2:BO$600,MATCH(1,($A11='Offer Statistics'!$BB$2:$BB$600)*($AC$2='Offer Statistics'!$BC$2:$BC$600),0)),"/")} -> / | AI11: {=IFERROR(INDEX('Offer Statistics'!BP$2:BP$600,MATCH(1,($A11='Offer Statistics'!$BB$2:$BB$600)*($AC$2='Offer Statistics'!$BC$2:$BC$600),0)),"/")} -> / | AK11: {=IFERROR(INDEX('Offer Statistics'!$BI$2:$BI$600,MATCH(1,($A11='Offer Statistics'!$BB$2:$BB$600)*($AC$2='Offer Statistics'!$BC$2:$BC$600),0)),"/")} -> / | AL11: {=IFERROR(INDEX('Offer Statistics'!BD$2:BD$600,MATCH(1,($A11='Offer Statistics'!$BB$2:$BB$600)*($AC$2='Offer Statistics'!$BC$2:$BC$600),0)),"/")} -> / | AM11: {=IFERROR(INDEX('Offer Statistics'!BE$2:BE$600,MATCH(1,($A11='Offer Statistics'!$BB$2:$BB$600)*($AC$2='Offer Statistics'!$BC$2:$BC$600),0)),"/")} -> / | AN11: {=IFERROR(INDEX('Offer Statistics'!BF$2:BF$600,MATCH(1,($A11='Offer Statistics'!$BB$2:$BB$600)*($AC$2='Offer Statistics'!$BC$2:$BC$600),0)),"/")} -> / | AO11: {=IFERROR(INDEX('Offer Statistics'!BG$2:BG$600,MATCH(1,($A11='Offer Statistics'!$BB$2:$BB$600)*($AC$2='Offer Statistics'!$BC$2:$BC$600),0)),"/")} -> / | AP11: {=IFERROR(INDEX('Offer Statistics'!BH$2:BH$600,MATCH(1,($A11='Offer Statistics'!$BB$2:$BB$600)*($AC$2='Offer Statistics'!$BC$2:$BC$600),0)),"/")} -> / | AR11: =A11 -> JS4100
A12: ='Reference Score Calculation'!B155 -> JS4109 | B12: ='Reference Score Calculation'!D155 -> 文學院 | C12: ='Reference Score Calculation'!E155 -> 宗教研究 | D12: ='Reference Score Calculation'!S155 -> RELIGION | E12: ='Reference Score Calculation'!AC155 -> Best 5 | F12: ='Reference Score Calculation'!F155 -> Best 5 | G12: ='Reference Score Calculation'!H155 -> 21.5 | H12: ='Reference Score Calculation'!I155 -> 21 | I12: ='Reference Score Calculation'!J155 -> 20.5 | J12: =計分版!J178 -> 3.5e-09 | K12: =IFERROR(IF(K$1="差距(Median)",J12-H12,IF(K$1="差距(UQ)",J12-G12,IF(K$1="差距(LQ)",J12-I12))),"/") -> -21 | L12: =IFERROR(IF(K$1="差距(Median)",(J12-H12)/J12,IF(K$1="差距(UQ)",(J12-G12)/J12,IF(K$1="差距(LQ)",(J12-I12)/J12))),"/") -> -6e+09 | M12: ='Reference Score Calculation'!U155 -> 18* | N12: =入學要求!Z164 -> 0 | P12: =入學要求!L164 -> 3 | Q12: =入學要求!M164 -> 3 | R12: =入學要求!N164 -> 2 | S12: =入學要求!O164 -> 1 | T12: =入學要求!P164 -> 3 | U12: =入學要求!Q164 -> 3 | V12: =入學要求!S164 -> 0 | W12: =入學要求!T164 -> 0 | X12: =入學要求!U164 -> 0 | Y12: =入學要求!V164 -> 0 | Z12: =入學要求!W164 -> 0 | AA12: =入學要求!X164 -> 0 | AB12: =IFERROR(ROUND(AL12/AE12,2),"/") -> 10 | AD12: {=IFERROR(INDEX('Offer Statistics'!$BQ$2:$BQ$600,MATCH(1,($A12='Offer Statistics'!$BB$2:$BB$600)*($AC$2='Offer Statistics'!$BC$2:$BC$600),0)),"/")} -> 16 | AE12: {=IFERROR(INDEX('Offer Statistics'!BL$2:BL$600,MATCH(1,($A12='Offer Statistics'!$BB$2:$BB$600)*($AC$2='Offer Statistics'!$BC$2:$BC$600),0)),"/")} -> 16 | AF12: {=IFERROR(INDEX('Offer Statistics'!BM$2:BM$600,MATCH(1,($A12='Offer Statistics'!$BB$2:$BB$600)*($AC$2='Offer Statistics'!$BC$2:$BC$600),0)),"/")} -> 0 | AG12: {=IFERROR(INDEX('Offer Statistics'!BN$2:BN$600,MATCH(1,($A12='Offer Statistics'!$BB$2:$BB$600)*($AC$2='Offer Statistics'!$BC$2:$BC$600),0)),"/")} -> 0 | AH12: {=IFERROR(INDEX('Offer Statistics'!BO$2:BO$600,MATCH(1,($A12='Offer Statistics'!$BB$2:$BB$600)*($AC$2='Offer Statistics'!$BC$2:$BC$600),0)),"/")} -> 0 | AI12: {=IFERROR(INDEX('Offer Statistics'!BP$2:BP$600,MATCH(1,($A12='Offer Statistics'!$BB$2:$BB$600)*($AC$2='Offer Statistics'!$BC$2:$BC$600),0)),"/")} -> 0 | AK12: {=IFERROR(INDEX('Offer Statistics'!$BI$2:$BI$600,MATCH(1,($A12='Offer Statistics'!$BB$2:$BB$600)*($AC$2='Offer Statistics'!$BC$2:$BC$600),0)),"/")} -> 880 | AL12: {=IFERROR(INDEX('Offer Statistics'!BD$2:BD$600,MATCH(1,($A12='Offer Statistics'!$BB$2:$BB$600)*($AC$2='Offer Statistics'!$BC$2:$BC$600),0)),"/")} -> 160 | AM12: {=IFERROR(INDEX('Offer Statistics'!BE$2:BE$600,MATCH(1,($A12='Offer Statistics'!$BB$2:$BB$600)*($AC$2='Offer Statistics'!$BC$2:$BC$600),0)),"/")} -> 106 | AN12: {=IFERROR(INDEX('Offer Statistics'!BF$2:BF$600,MATCH(1,($A12='Offer Statistics'!$BB$2:$BB$600)*($AC$2='Offer Statistics'!$BC$2:$BC$600),0)),"/")} -> 159 | AO12: {=IFERROR(INDEX('Offer Statistics'!BG$2:BG$600,MATCH(1,($A12='Offer Statistics'!$BB$2:$BB$600)*($AC$2='Offer Statistics'!$BC$2:$BC$600),0)),"/")} -> 224 | AP12: {=IFERROR(INDEX('Offer Statistics'!BH$2:BH$600,MATCH(1,($A12='Offer Statistics'!$BB$2:$BB$600)*($AC$2='Offer Statistics'!$BC$2:$BC$600),0)),"/")} -> 231 | AR12: =A12 -> JS4109
A13: ='Reference Score Calculation'!B156 -> JS4111 | B13: ='Reference Score Calculation'!D156 -> 文學院 | C13: ='Reference Score Calculation'!E156 -> 神學 | D13: ='Reference Score Calculation'!S156 -> THEOLOGY | E13: ='Reference Score Calculation'!AC156 -> Best 5 | F13: ='Reference Score Calculation'!F156 -> Best 5 | G13: ='Reference Score Calculation'!H156 -> / | H13: ='Reference Score Calculation'!I156 -> / | I13: ='Reference Score Calculation'!J156 -> / | J13: =計分版!J179 -> / | K13: =IFERROR(IF(K$1="差距(Median)",J13-H13,IF(K$1="差距(UQ)",J13-G13,IF(K$1="差距(LQ)",J13-I13))),"/") -> / | L13: =IFERROR(IF(K$1="差距(Median)",(J13-H13)/J13,IF(K$1="差距(UQ)",(J13-G13)/J13,IF(K$1="差距(LQ)",(J13-I13)/J13))),"/") -> / | M13: ='Reference Score Calculation'!U156 -> 18* | N13: =入學要求!Z165 -> 0 | P13: =入學要求!L165 -> 3 | Q13: =入學要求!M165 -> 3 | R13: =入學要求!N165 -> 2 | S13: =入學要求!O165 -> 1 | T13: =入學要求!P165 -> 3 | U13: =入學要求!Q165 -> 3 | V13: =入學要求!S165 -> 0 | W13: =入學要求!T165 -> 0 | X13: =入學要求!U165 -> 0 | Y13: =入學要求!V165 -> 0 | Z13: =入學要求!W165 -> 0 | AA13: =入學要求!X165 -> 0 | AB13: =IFERROR(ROUND(AL13/AE13,2),"/") -> / | AD13: {=IFERROR(INDEX('Offer Statistics'!$BQ$2:$BQ$600,MATCH(1,($A13='Offer Statistics'!$BB$2:$BB$600)*($AC$2='Offer Statistics'!$BC$2:$BC$600),0)),"/")} -> 0 | AE13: {=IFERROR(INDEX('Offer Statistics'!BL$2:BL$600,MATCH(1,($A13='Offer Statistics'!$BB$2:$BB$600)*($AC$2='Offer Statistics'!$BC$2:$BC$600),0)),"/")} -> 0 | AF13: {=IFERROR(INDEX('Offer Statistics'!BM$2:BM$600,MATCH(1,($A13='Offer Statistics'!$BB$2:$BB$600)*($AC$2='Offer Statistics'!$BC$2:$BC$600),0)),"/")} -> 0 | AG13: {=IFERROR(INDEX('Offer Statistics'!BN$2:BN$600,MATCH(1,($A13='Offer Statistics'!$BB$2:$BB$600)*($AC$2='Offer Statistics'!$BC$2:$BC$600),0)),"/")} -> 0 | AH13: {=IFERROR(INDEX('Offer Statistics'!BO$2:BO$600,MATCH(1,($A13='Offer Statistics'!$BB$2:$BB$600)*($AC$2='Offer Statistics'!$BC$2:$BC$600),0)),"/")} -> 0 | AI13: {=IFERROR(INDEX('Offer Statistics'!BP$2:BP$600,MATCH(1,($A13='Offer Statistics'!$BB$2:$BB$600)*($AC$2='Offer Statistics'!$BC$2:$BC$600),0)),"/")} -> 0 | AK13: {=IFERROR(INDEX('Offer Statistics'!$BI$2:$BI$600,MATCH(1,($A13='Offer Statistics'!$BB$2:$BB$600)*($AC$2='Offer Statistics'!$BC$2:$BC$600),0)),"/")} -> 437 | AL13: {=IFERROR(INDEX('Offer Statistics'!BD$2:BD$600,MATCH(1,($A13='Offer Statistics'!$BB$2:$BB$600)*($AC$2='Offer Statistics'!$BC$2:$BC$600),0)),"/")} -> 25 | AM13: {=IFERROR(INDEX('Offer Statistics'!BE$2:BE$600,MATCH(1,($A13='Offer Statistics'!$BB$2:$BB$600)*($AC$2='Offer Statistics'!$BC$2:$BC$600),0)),"/")} -> 42 | AN13: {=IFERROR(INDEX('Offer Statistics'!BF$2:BF$600,MATCH(1,($A13='Offer Statistics'!$BB$2:$BB$600)*($AC$2='Offer Statistics'!$BC$2:$BC$600),0)),"/")} -> 72 | AO13: {=IFERROR(INDEX('Offer Statistics'!BG$2:BG$600,MATCH(1,($A13='Offer Statistics'!$BB$2:$BB$600)*($AC$2='Offer Statistics'!$BC$2:$BC$600),0)),"/")} -> 130 | AP13: {=IFERROR(INDEX('Offer Statistics'!BH$2:BH$600,MATCH(1,($A13='Offer Statistics'!$BB$2:$BB$600)*($AC$2='Offer Statistics'!$BC$2:$BC$600),0)),"/")} -> 168 | AR13: =A13 -> JS4111
A14: ='Reference Score Calculation'!B157 -> JS4123 | B14: ='Reference Score Calculation'!D157 -> 文學院 | C14: ='Reference Score Calculation'!E157 -> 翻譯 | D14: ='Reference Score Calculation'!S157 -> TRANSLATION | E14: ='Reference Score Calculation'!AC157 -> Best 5 | F14: ='Reference Score Calculation'!F157 -> Best 5 | G14: ='Reference Score Calculation'!H157 -> 24.5 | H14: ='Reference Score Calculation'!I157 -> 23 | I14: ='Reference Score Calculation'!J157 -> 23 | J14: =計分版!J180 -> 3.5e-09 | K14: =IFERROR(IF(K$1="差距(Median)",J14-H14,IF(K$1="差距(UQ)",J14-G14,IF(K$1="差距(LQ)",J14-I14))),"/") -> -23 | L14: =IFERROR(IF(K$1="差距(Median)",(J14-H14)/J14,IF(K$1="差距(UQ)",(J14-G14)/J14,IF(K$1="差距(LQ)",(J14-I14)/J14))),"/") -> -6.5714286e+09 | M14: ='Reference Score Calculation'!U157 -> 32 | N14: =入學要求!Z166 -> 0 | P14: =入學要求!L166 -> 3 | Q14: =入學要求!M166 -> 3 | R14: =入學要求!N166 -> 2 | S14: =入學要求!O166 -> 1 | T14: =入學要求!P166 -> 3 | U14: =入學要求!Q166 -> 3 | V14: =入學要求!S166 -> 0 | W14: =入學要求!T166 -> 0 | X14: =入學要求!U166 -> 0 | Y14: =入學要求!V166 -> 0 | Z14: =入學要求!W166 -> 0 | AA14: =入學要求!X166 -> 0 | AB14: =IFERROR(ROUND(AL14/AE14,2),"/") -> 7.38 | AD14: {=IFERROR(INDEX('Offer Statistics'!$BQ$2:$BQ$600,MATCH(1,($A14='Offer Statistics'!$BB$2:$BB$600)*($AC$2='Offer Statistics'!$BC$2:$BC$600),0)),"/")} -> 30 | AE14: {=IFERROR(INDEX('Offer Statistics'!BL$2:BL$600,MATCH(1,($A14='Offer Statistics'!$BB$2:$BB$600)*($AC$2='Offer Statistics'!$BC$2:$BC$600),0)),"/")} -> 29 | AF14: {=IFERROR(INDEX('Offer Statistics'!BM$2:BM$600,MATCH(1,($A14='Offer Statistics'!$BB$2:$BB$600)*($AC$2='Offer Statistics'!$BC$2:$BC$600),0)),"/")} -> 1 | AG14: {=IFERROR(INDEX('Offer Statistics'!BN$2:BN$600,MATCH(1,($A14='Offer Statistics'!$BB$2:$BB$600)*($AC$2='Offer Statistics'!$BC$2:$BC$600),0)),"/")} -> 0 | AH14: {=IFERROR(INDEX('Offer Statistics'!BO$2:BO$600,MATCH(1,($A14='Offer Statistics'!$BB$2:$BB$600)*($AC$2='Offer Statistics'!$BC$2:$BC$600),0)),"/")} -> 0 | AI14: {=IFERROR(INDEX('Offer Statistics'!BP$2:BP$600,MATCH(1,($A14='Offer Statistics'!$BB$2:$BB$600)*($AC$2='Offer Statistics'!$BC$2:$BC$600),0)),"/")} -> 0 | AK14: {=IFERROR(INDEX('Offer Statistics'!$BI$2:$BI$600,MATCH(1,($A14='Offer Statistics'!$BB$2:$BB$600)*($AC$2='Offer Statistics'!$BC$2:$BC$600),0)),"/")} -> 1785 | AL14: {=IFERROR(INDEX('Offer Statistics'!BD$2:BD$600,MATCH(1,($A14='Offer Statistics'!$BB$2:$BB$600)*($AC$2='Offer Statistics'!$BC$2:$BC$600),0)),"/")} -> 214 | AM14: {=IFERROR(INDEX('Offer Statistics'!BE$2:BE$600,MATCH(1,($A14='Offer Statistics'!$BB$2:$BB$600)*($AC$2='Offer Statistics'!$BC$2:$BC$600),0)),"/")} -> 233 | AN14: {=IFERROR(INDEX('Offer Statistics'!BF$2:BF$600,MATCH(1,($A14='Offer Statistics'!$BB$2:$BB$600)*($AC$2='Offer Statistics'!$BC$2:$BC$600),0)),"/")} -> 397 | AO14: {=IFERROR(INDEX('Offer Statistics'!BG$2:BG$600,MATCH(1,($A14='Offer Statistics'!$BB$2:$BB$600)*($AC$2='Offer Statistics'!$BC$2:$BC$600),0)),"/")} -> 473 | AP14: {=IFERROR(INDEX('Offer Statistics'!BH$2:BH$600,MATCH(1,($A14='Offer Statistics'!$BB$2:$BB$600)*($AC$2='Offer Statistics'!$BC$2:$BC$600),0)),"/")} -> 468 | AR14: =A14 -> JS4123
