Workbook

Sheet Table 1
A1: JUPAS Code: JS3010 | AB1: {=_xlfn._xlws.FILTER(A1:Z1,A1:Z1<>"","")} -> JUPAS Code: JS3010 | AD1: {=IF(LEFT(AB1:AB1640,10)="JUPAS Code",RIGHT(AB1:AB1640,6),"")} -> JS3010 | AE1: {=IF(LEFT(AB1:AB1640,15)="Programme Title",SUBSTITUTE(AB1:AB1640,"Programme Title: ",""),"")} | AF1: {=IF(AD1="","",SUMPRODUCT(IF(LEFT($AD$1:AD1,2)="JS",1,0)))} -> 1 | AG1: =IF(ISNUMBER(MATCH(AB1,$AV$3:$AV$18,0)),TRUE,"") | AH1: =IF(AND(AC1=10,AG1=TRUE),AB1,"") | AI1: =IF(AH1="","",MAX($AF$1:$AF1)) | AJ1: =IF(AND(AC1=7,AG1=TRUE),AB1,"") | AK1: =IF(AJ1="","",MAX($AF$1:$AF1)) | AL1: =IF(AND(AC1=5,AG1=TRUE),AB1,"") | AM1: =IF(AL1="","",MAX($AF$1:$AF1)) | AQ1: 10 | AR1: 7 | AS1: 5
A2: Programme Title: BSc (Hons) Scheme in Biotechnology, Food Safety and Chemical Technology | AB2: {=_xlfn._xlws.FILTER(A2:Z2,A2:Z2<>"","")} -> Programme Title: BSc (Hons) Scheme in Biotechnology, Food Safety and Chemical Technology | AE2: BSc (Hons) Scheme in Biotechnology, Food Safety and Chemical Technology | AF2: {=IF(AD2="","",SUMPRODUCT(IF(LEFT($AD$1:AD2,2)="JS",1,0)))} | AG2: =IF(ISNUMBER(MATCH(AB2,$AV$3:$AV$18,0)),TRUE,"") | AH2: =IF(AND(AC2=10,AG2=TRUE),AB2,"") | AI2: =IF(AH2="","",MAX($AF$1:$AF2)) | AJ2: =IF(AND(AC2=7,AG2=TRUE),AB2,"") | AK2: =IF(AJ2="","",MAX($AF$1:$AF2)) | AL2: =IF(AND(AC2=5,AG2=TRUE),AB2,"") | AM2: =IF(AL2="","",MAX($AF$1:$AF2)) | AO2: {=_xlfn._xlws.FILTER(AD1:AD1640,AD1:AD1640<>"","")} -> JS3010 | AP2: {=_xlfn._xlws.FILTER(AE1:AE1640,AE1:AE1640<>"","")} -> BSc (Hons) Scheme in Biotechnology, Food Safety and Chemical Technology | AQ2: {=_xlfn.TEXTJOIN(", ",TRUE,_xlfn._xlws.FILTER($AH$1:$AH$1640,$AI$1:$AI$1640=ROW()-1,""))} -> BIO, CHEM, ENG, MATH | AR2: {=_xlfn.TEXTJOIN(", ",TRUE,_xlfn._xlws.FILTER($AJ$1:$AJ$1640,$AK$1:$AK$1640=ROW()-1,""))} -> 中文, 通, M2, PHY | AS2: {=_xlfn.TEXTJOIN(", ",TRUE,_xlfn._xlws.FILTER($AL$1:$AL$1640,$AM$1:$AM$1640=ROW()-1,""))} -> BAFS, 中史, ECON, GEOG, HMSC, HIST, ICT, VA
A3: Category A: Core and Elective Subjects | AB3: {=_xlfn._xlws.FILTER(A3:Z3,A3:Z3<>"","")} -> Category A: Core and Elective Subjects | AF3: {=IF(AD3="","",SUMPRODUCT(IF(LEFT($AD$1:AD3,2)="JS",1,0)))} | AG3: =IF(ISNUMBER(MATCH(AB3,$AV$3:$AV$18,0)),TRUE,"") | AH3: =IF(AND(AC3=10,AG3=TRUE),AB3,"") | AI3: =IF(AH3="","",MAX($AF$1:$AF3)) | AJ3: =IF(AND(AC3=7,AG3=TRUE),AB3,"") | AK3: =IF(AJ3="","",MAX($AF$1:$AF3)) | AL3: =IF(AND(AC3=5,AG3=TRUE),AB3,"") | AM3: =IF(AL3="","",MAX($AF$1:$AF3)) | AO3: JS3020 | AP3: BSc (Hons) Scheme in Data Science | AQ3: {=_xlfn.TEXTJOIN(", ",TRUE,_xlfn._xlws.FILTER($AH$1:$AH$1640,$AI$1:$AI$1640=ROW()-1,""))} -> ENG, MATH | AR3: {=_xlfn.TEXTJOIN(", ",TRUE,_xlfn._xlws.FILTER($AJ$1:$AJ$1640,$AK$1:$AK$1640=ROW()-1,""))} -> BIO, BAFS, CHEM, 中文, ECON, ICT, 通, M2, PHY | AS3: {=_xlfn.TEXTJOIN(", ",TRUE,_xlfn._xlws.FILTER($AL$1:$AL$1640,$AM$1:$AM$1640=ROW()-1,""))} -> 中史, GEOG, HMSC, HIST, VA | AV3: BIO
A4: Subject Name | C4: Subject Weighting for 2023/24 Admission Exercise * | AB4: {=_xlfn._xlws.FILTER(A4:Z4,A4:Z4<>"","")} -> Subject Name | AC4: Subject Weighting for 2023/24 Admission Exercise * | AF4: {=IF(AD4="","",SUMPRODUCT(IF(LEFT($AD$1:AD4,2)="JS",1,0)))} | AG4: =IF(ISNUMBER(MATCH(AB4,$AV$3:$AV$18,0)),TRUE,"") | AH4: =IF(AND(AC4=10,AG4=TRUE),AB4,"") | AI4: =IF(AH4="","",MAX($AF$1:$AF4)) | AJ4: =IF(AND(AC4=7,AG4=TRUE),AB4,"") | AK4: =IF(AJ4="","",MAX($AF$1:$AF4)) | AL4: =IF(AND(AC4=5,AG4=TRUE),AB4,"") | AM4: =IF(AL4="","",MAX($AF$1:$AF4)) | AO4: JS3050 | AP4: BA (Hons) Scheme in Fashion | AQ4: {=_xlfn.TEXTJOIN(", ",TRUE,_xlfn._xlws.FILTER($AH$1:$AH$1640,$AI$1:$AI$1640=ROW()-1,""))} -> ECON, VA | AR4: {=_xlfn.TEXTJOIN(", ",TRUE,_xlfn._xlws.FILTER($AJ$1:$AJ$1640,$AK$1:$AK$1640=ROW()-1,""))} -> 中文, ENG, 通, MATH, M2 | AS4: {=_xlfn.TEXTJOIN(", ",TRUE,_xlfn._xlws.FILTER($AL$1:$AL$1640,$AM$1:$AM$1640=ROW()-1,""))} -> BIO, BAFS, CHEM, 中史, GEOG, HMSC, HIST, ICT, PHY | AV4: BAFS
A5: BIO | C5: 10 | AB5: {=_xlfn._xlws.FILTER(A5:Z5,A5:Z5<>"","")} -> BIO | AC5: 10 | AF5: {=IF(AD5="","",SUMPRODUCT(IF(LEFT($AD$1:AD5,2)="JS",1,0)))} | AG5: =IF(ISNUMBER(MATCH(AB5,$AV$3:$AV$18,0)),TRUE,"") -> TRUE | AH5: =IF(AND(AC5=10,AG5=TRUE),AB5,"") -> BIO | AI5: =IF(AH5="","",MAX($AF$1:$AF5)) -> 1 | AJ5: =IF(AND(AC5=7,AG5=TRUE),AB5,"") | AK5: =IF(AJ5="","",MAX($AF$1:$AF5)) | AL5: =IF(AND(AC5=5,AG5=TRUE),AB5,"") | AM5: =IF(AL5="","",MAX($AF$1:$AF5)) | AO5: JS3060 | AP5: BBA (Hons) Scheme in Accounting and Finance | AQ5: {=_xlfn.TEXTJOIN(", ",TRUE,_xlfn._xlws.FILTER($AH$1:$AH$1640,$AI$1:$AI$1640=ROW()-1,""))} -> ENG, MATH | AR5: {=_xlfn.TEXTJOIN(", ",TRUE,_xlfn._xlws.FILTER($AJ$1:$AJ$1640,$AK$1:$AK$1640=ROW()-1,""))} -> BIO, BAFS, CHEM, 中史, 中文, ECON, GEOG, HIST, 通, M2, PHY | AS5: {=_xlfn.TEXTJOIN(", ",TRUE,_xlfn._xlws.FILTER($AL$1:$AL$1640,$AM$1:$AM$1640=ROW()-1,""))} -> HMSC, ICT, VA | AV5: CHEM
A6: BAFS | C6: 5 | AB6: {=_xlfn._xlws.FILTER(A6:Z6,A6:Z6<>"","")} -> BAFS | AC6: 5 | AF6: {=IF(AD6="","",SUMPRODUCT(IF(LEFT($AD$1:AD6,2)="JS",1,0)))} | AG6: =IF(ISNUMBER(MATCH(AB6,$AV$3:$AV$18,0)),TRUE,"") -> TRUE | AH6: =IF(AND(AC6=10,AG6=TRUE),AB6,"") | AI6: =IF(AH6="","",MAX($AF$1:$AF6)) | AJ6: =IF(AND(AC6=7,AG6=TRUE),AB6,"") | AK6: =IF(AJ6="","",MAX($AF$1:$AF6)) | AL6: =IF(AND(AC6=5,AG6=TRUE),AB6,"") -> BAFS | AM6: =IF(AL6="","",MAX($AF$1:$AF6)) -> 1 | AO6: JS3070 | AP6: BBA (Hons) Scheme in Aviation, Maritime and Supply Chain Management | AQ6: {=_xlfn.TEXTJOIN(", ",TRUE,_xlfn._xlws.FILTER($AH$1:$AH$1640,$AI$1:$AI$1640=ROW()-1,""))} -> ENG, MATH | AR6: {=_xlfn.TEXTJOIN(", ",TRUE,_xlfn._xlws.FILTER($AJ$1:$AJ$1640,$AK$1:$AK$1640=ROW()-1,""))} -> BIO, BAFS, CHEM, 中史, 中文, ECON, GEOG, HIST, 通, M2, PHY | AS6: {=_xlfn.TEXTJOIN(", ",TRUE,_xlfn._xlws.FILTER($AL$1:$AL$1640,$AM$1:$AM$1640=ROW()-1,""))} -> HMSC, ICT, VA | AV6: 中史
A7: Business, Accounting and Financial Studies (Accounting) | C7: 5 | AB7: {=_xlfn._xlws.FILTER(A7:Z7,A7:Z7<>"","")} -> Business, Accounting and Financial Studies (Accounting) | AC7: 5 | AF7: {=IF(AD7="","",SUMPRODUCT(IF(LEFT($AD$1:AD7,2)="JS",1,0)))} | AG7: =IF(ISNUMBER(MATCH(AB7,$AV$3:$AV$18,0)),TRUE,"") | AH7: =IF(AND(AC7=10,AG7=TRUE),AB7,"") | AI7: =IF(AH7="","",MAX($AF$1:$AF7)) | AJ7: =IF(AND(AC7=7,AG7=TRUE),AB7,"") | AK7: =IF(AJ7="","",MAX($AF$1:$AF7)) | AL7: =IF(AND(AC7=5,AG7=TRUE),AB7,"") | AM7: =IF(AL7="","",MAX($AF$1:$AF7)) | AO7: JS3080 | AP7: BBA (Hons) Scheme in Management and Marketing | AQ7: {=_xlfn.TEXTJOIN(", ",TRUE,_xlfn._xlws.FILTER($AH$1:$AH$1640,$AI$1:$AI$1640=ROW()-1,""))} -> ENG, MATH | AR7: {=_xlfn.TEXTJOIN(", ",TRUE,_xlfn._xlws.FILTER($AJ$1:$AJ$1640,$AK$1:$AK$1640=ROW()-1,""))} -> BIO, BAFS, CHEM, 中史, 中文, ECON, GEOG, HIST, 通, M2, PHY | AS7: {=_xlfn.TEXTJOIN(", ",TRUE,_xlfn._xlws.FILTER($AL$1:$AL$1640,$AM$1:$AM$1640=ROW()-1,""))} -> HMSC, ICT, VA | AV7: 中文
A8: Business, Accounting and Financial Studies (Business Management) | C8: 5 | AB8: {=_xlfn._xlws.FILTER(A8:Z8,A8:Z8<>"","")} -> Business, Accounting and Financial Studies (Business Management) | AC8: 5 | AF8: {=IF(AD8="","",SUMPRODUCT(IF(LEFT($AD$1:AD8,2)="JS",1,0)))} | AG8: =IF(ISNUMBER(MATCH(AB8,$AV$3:$AV$18,0)),TRUE,"") | AH8: =IF(AND(AC8=10,AG8=TRUE),AB8,"") | AI8: =IF(AH8="","",MAX($AF$1:$AF8)) | AJ8: =IF(AND(AC8=7,AG8=TRUE),AB8,"") | AK8: =IF(AJ8="","",MAX($AF$1:$AF8)) | AL8: =IF(AND(AC8=5,AG8=TRUE),AB8,"") | AM8: =IF(AL8="","",MAX($AF$1:$AF8)) | AO8: JS3100 | AP8: BSc (Hons) Scheme in Building and Real Estate | AQ8: {=_xlfn.TEXTJOIN(", ",TRUE,_xlfn._xlws.FILTER($AH$1:$AH$1640,$AI$1:$AI$1640=ROW()-1,""))} -> ENG | AR8: {=_xlfn.TEXTJOIN(", ",TRUE,_xlfn._xlws.FILTER($AJ$1:$AJ$1640,$AK$1:$AK$1640=ROW()-1,""))} -> BIO, BAFS, CHEM, 中史, 中文, ECON, GEOG, HMSC, HIST, ICT, 通, MATH, M2, PHY | AS8: {=_xlfn.TEXTJOIN(", ",TRUE,_xlfn._xlws.FILTER($AL$1:$AL$1640,$AM$1:$AM$1640=ROW()-1,""))} -> VA | AV8: 通
A9: CHEM | C9: 10 | AB9: {=_xlfn._xlws.FILTER(A9:Z9,A9:Z9<>"","")} -> CHEM | AC9: 10 | AF9: {=IF(AD9="","",SUMPRODUCT(IF(LEFT($AD$1:AD9,2)="JS",1,0)))} | AG9: =IF(ISNUMBER(MATCH(AB9,$AV$3:$AV$18,0)),TRUE,"") -> TRUE | AH9: =IF(AND(AC9=10,AG9=TRUE),AB9,"") -> CHEM | AI9: =IF(AH9="","",MAX($AF$1:$AF9)) -> 1 | AJ9: =IF(AND(AC9=7,AG9=TRUE),AB9,"") | AK9: =IF(AJ9="","",MAX($AF$1:$AF9)) | AL9: =IF(AND(AC9=5,AG9=TRUE),AB9,"") | AM9: =IF(AL9="","",MAX($AF$1:$AF9)) | AO9: JS3110 | AP9: BEng (Hons) Scheme in Building Sciences and Engineering | AQ9: {=_xlfn.TEXTJOIN(", ",TRUE,_xlfn._xlws.FILTER($AH$1:$AH$1640,$AI$1:$AI$1640=ROW()-1,""))} -> ENG, MATH, PHY | AR9: {=_xlfn.TEXTJOIN(", ",TRUE,_xlfn._xlws.FILTER($AJ$1:$AJ$1640,$AK$1:$AK$1640=ROW()-1,""))} -> BIO, BAFS, CHEM, 中文, ECON, GEOG, HMSC, ICT, 通, M2 | AS9: {=_xlfn.TEXTJOIN(", ",TRUE,_xlfn._xlws.FILTER($AL$1:$AL$1640,$AM$1:$AM$1640=ROW()-1,""))} -> 中史, HIST, VA | AV9: ECON
A10: 中史 | C10: 5 | AB10: {=_xlfn._xlws.FILTER(A10:Z10,A10:Z10<>"","")} -> 中史 | AC10: 5 | AF10: {=IF(AD10="","",SUMPRODUCT(IF(LEFT($AD$1:AD10,2)="JS",1,0)))} | AG10: =IF(ISNUMBER(MATCH(AB10,$AV$3:$AV$18,0)),TRUE,"") -> TRUE | AH10: =IF(AND(AC10=10,AG10=TRUE),AB10,"") | AI10: =IF(AH10="","",MAX($AF$1:$AF10)) | AJ10: =IF(AND(AC10=7,AG10=TRUE),AB10,"") | AK10: =IF(AJ10="","",MAX($AF$1:$AF10)) | AL10: =IF(AND(AC10=5,AG10=TRUE),AB10,"") -> 中史 | AM10: =IF(AL10="","",MAX($AF$1:$AF10)) -> 1 | AO10: JS3120 | AP10: BEng (Hons) Scheme in Civil Engineering and Sustainable Development | AQ10: {=_xlfn.TEXTJOIN(", ",TRUE,_xlfn._xlws.FILTER($AH$1:$AH$1640,$AI$1:$AI$1640=ROW()-1,""))} -> BIO, CHEM, 中文, ECON, ENG, GEOG, MATH, M2, PHY | AR10: {=_xlfn.TEXTJOIN(", ",TRUE,_xlfn._xlws.FILTER($AJ$1:$AJ$1640,$AK$1:$AK$1640=ROW()-1,""))} -> ICT, 通 | AS10: {=_xlfn.TEXTJOIN(", ",TRUE,_xlfn._xlws.FILTER($AL$1:$AL$1640,$AM$1:$AM$1640=ROW()-1,""))} -> BAFS, 中史, HMSC, HIST, VA | AV10: ENG
A11: 中文 | C11: 7 | AB11: {=_xlfn._xlws.FILTER(A11:Z11,A11:Z11<>"","")} -> 中文 | AC11: 7 | AF11: {=IF(AD11="","",SUMPRODUCT(IF(LEFT($AD$1:AD11,2)="JS",1,0)))} | AG11: =IF(ISNUMBER(MATCH(AB11,$AV$3:$AV$18,0)),TRUE,"") -> TRUE | AH11: =IF(AND(AC11=10,AG11=TRUE),AB11,"") | AI11: =IF(AH11="","",MAX($AF$1:$AF11)) | AJ11: =IF(AND(AC11=7,AG11=TRUE),AB11,"") -> 中文 | AK11: =IF(AJ11="","",MAX($AF$1:$AF11)) -> 1 | AL11: =IF(AND(AC11=5,AG11=TRUE),AB11,"") | AM11: =IF(AL11="","",MAX($AF$1:$AF11)) | AO11: JS3130 | AP11: BSc (Hons) Scheme in Spatial Data Science and Smart Cities | AQ11: {=_xlfn.TEXTJOIN(", ",TRUE,_xlfn._xlws.FILTER($AH$1:$AH$1640,$AI$1:$AI$1640=ROW()-1,""))} -> ENG, GEOG, ICT, MATH, M2, PHY | AR11: {=_xlfn.TEXTJOIN(", ",TRUE,_xlfn._xlws.FILTER($AJ$1:$AJ$1640,$AK$1:$AK$1640=ROW()-1,""))} -> BIO, BAFS, CHEM, 中史, 中文, ECON, HMSC, HIST, 通, VA | AS11: {=_xlfn.TEXTJOIN(", ",TRUE,_xlfn._xlws.FILTER($AL$1:$AL$1640,$AM$1:$AM$1640=ROW()-1,""))} | AV11: GEOG
A12: Chinese Literature | C12: 5 | AB12: {=_xlfn._xlws.FILTER(A12:Z12,A12:Z12<>"","")} -> Chinese Literature | AC12: 5 | AF12: {=IF(AD12="","",SUMPRODUCT(IF(LEFT($AD$1:AD12,2)="JS",1,0)))} | AG12: =IF(ISNUMBER(MATCH(AB12,$AV$3:$AV$18,0)),TRUE,"") | AH12: =IF(AND(AC12=10,AG12=TRUE),AB12,"") | AI12: =IF(AH12="","",MAX($AF$1:$AF12)) | AJ12: =IF(AND(AC12=7,AG12=TRUE),AB12,"") | AK12: =IF(AJ12="","",MAX($AF$1:$AF12)) | AL12: =IF(AND(AC12=5,AG12=TRUE),AB12,"") | AM12: =IF(AL12="","",MAX($AF$1:$AF12)) | AO12: JS3140 | AP12: BEng (Hons) Scheme in Aviation Engineering | AQ12: {=_xlfn.TEXTJOIN(", ",TRUE,_xlfn._xlws.FILTER($AH$1:$AH$1640,$AI$1:$AI$1640=ROW()-1,""))} -> CHEM, ENG, ICT, MATH, M2, PHY | AR12: {=_xlfn.TEXTJOIN(", ",TRUE,_xlfn._xlws.FILTER($AJ$1:$AJ$1640,$AK$1:$AK$1640=ROW()-1,""))} -> BIO, 中文, 通 | AS12: {=_xlfn.TEXTJOIN(", ",TRUE,_xlfn._xlws.FILTER($AL$1:$AL$1640,$AM$1:$AM$1640=ROW()-1,""))} -> BAFS, 中史, ECON, GEOG, HMSC, HIST, VA | AV12: HMSC
A13: Combined Science: Biology + Chemistry | C13: 10 | AB13: {=_xlfn._xlws.FILTER(A13:Z13,A13:Z13<>"","")} -> Combined Science: Biology + Chemistry | AC13: 10 | AF13: {=IF(AD13="","",SUMPRODUCT(IF(LEFT($AD$1:AD13,2)="JS",1,0)))} | AG13: =IF(ISNUMBER(MATCH(AB13,$AV$3:$AV$18,0)),TRUE,"") | AH13: =IF(AND(AC13=10,AG13=TRUE),AB13,"") | AI13: =IF(AH13="","",MAX($AF$1:$AF13)) | AJ13: =IF(AND(AC13=7,AG13=TRUE),AB13,"") | AK13: =IF(AJ13="","",MAX($AF$1:$AF13)) | AL13: =IF(AND(AC13=5,AG13=TRUE),AB13,"") | AM13: =IF(AL13="","",MAX($AF$1:$AF13)) | AO13: JS3150 | AP13: BSc (Hons) Scheme in Biomedical Engineering | AQ13: {=_xlfn.TEXTJOIN(", ",TRUE,_xlfn._xlws.FILTER($AH$1:$AH$1640,$AI$1:$AI$1640=ROW()-1,""))} -> BIO, CHEM, MATH, M2, PHY | AR13: {=_xlfn.TEXTJOIN(", ",TRUE,_xlfn._xlws.FILTER($AJ$1:$AJ$1640,$AK$1:$AK$1640=ROW()-1,""))} -> 中文, ENG, 通 | AS13: {=_xlfn.TEXTJOIN(", ",TRUE,_xlfn._xlws.FILTER($AL$1:$AL$1640,$AM$1:$AM$1640=ROW()-1,""))} -> BAFS, 中史, ECON, GEOG, HMSC, HIST, ICT, VA | AV13: HIST
A14: Combined Science: Biology + Physics | C14: 10 | AB14: {=_xlfn._xlws.FILTER(A14:Z14,A14:Z14<>"","")} -> Combined Science: Biology + Physics | AC14: 10 | AF14: {=IF(AD14="","",SUMPRODUCT(IF(LEFT($AD$1:AD14,2)="JS",1,0)))} | AG14: =IF(ISNUMBER(MATCH(AB14,$AV$3:$AV$18,0)),TRUE,"") | AH14: =IF(AND(AC14=10,AG14=TRUE),AB14,"") | AI14: =IF(AH14="","",MAX($AF$1:$AF14)) | AJ14: =IF(AND(AC14=7,AG14=TRUE),AB14,"") | AK14: =IF(AJ14="","",MAX($AF$1:$AF14)) | AL14: =IF(AND(AC14=5,AG14=TRUE),AB14,"") | AM14: =IF(AL14="","",MAX($AF$1:$AF14)) | AO14: JS3170 | AP14: BEng (Hons) Scheme in Electrical Engineering | AQ14: {=_xlfn.TEXTJOIN(", ",TRUE,_xlfn._xlws.FILTER($AH$1:$AH$1640,$AI$1:$AI$1640=ROW()-1,""))} -> BIO, CHEM, ENG, ICT, MATH, M2, PHY | AR14: {=_xlfn.TEXTJOIN(", ",TRUE,_xlfn._xlws.FILTER($AJ$1:$AJ$1640,$AK$1:$AK$1640=ROW()-1,""))} -> BAFS, 中文, ECON, 通 | AS14: {=_xlfn.TEXTJOIN(", ",TRUE,_xlfn._xlws.FILTER($AL$1:$AL$1640,$AM$1:$AM$1640=ROW()-1,""))} -> 中史, GEOG, HMSC, HIST, VA | AV14: ICT
A15: Combined Science: Physics + Chemistry | C15: 10 | AB15: {=_xlfn._xlws.FILTER(A15:Z15,A15:Z15<>"","")} -> Combined Science: Physics + Chemistry | AC15: 10 | AF15: {=IF(AD15="","",SUMPRODUCT(IF(LEFT($AD$1:AD15,2)="JS",1,0)))} | AG15: =IF(ISNUMBER(MATCH(AB15,$AV$3:$AV$18,0)),TRUE,"") | AH15: =IF(AND(AC15=10,AG15=TRUE),AB15,"") | AI15: =IF(AH15="","",MAX($AF$1:$AF15)) | AJ15: =IF(AND(AC15=7,AG15=TRUE),AB15,"") | AK15: =IF(AJ15="","",MAX($AF$1:$AF15)) | AL15: =IF(AND(AC15=5,AG15=TRUE),AB15,"") | AM15: =IF(AL15="","",MAX($AF$1:$AF15)) | AO15: JS3180 | AP15: BEng (Hons) / BSc (Hons) Scheme in Information and Artificial Intelligence Engineering | AQ15: {=_xlfn.TEXTJOIN(", ",TRUE,_xlfn._xlws.FILTER($AH$1:$AH$1640,$AI$1:$AI$1640=ROW()-1,""))} -> BIO, CHEM, ENG, ICT, MATH, M2, PHY | AR15: {=_xlfn.TEXTJOIN(", ",TRUE,_xlfn._xlws.FILTER($AJ$1:$AJ$1640,$AK$1:$AK$1640=ROW()-1,""))} -> 中文, 通 | AS15: {=_xlfn.TEXTJOIN(", ",TRUE,_xlfn._xlws.FILTER($AL$1:$AL$1640,$AM$1:$AM$1640=ROW()-1,""))} -> BAFS, 中史, ECON, GEOG, HMSC, HIST, VA | AV15: MATH
A16: Design and Applied Technology | C16: 5 | AB16: {=_xlfn._xlws.FILTER(A16:Z16,A16:Z16<>"","")} -> Design and Applied Technology | AC16: 5 | AF16: {=IF(AD16="","",SUMPRODUCT(IF(LEFT($AD$1:AD16,2)="JS",1,0)))} | AG16: =IF(ISNUMBER(MATCH(AB16,$AV$3:$AV$18,0)),TRUE,"") | AH16: =IF(AND(AC16=10,AG16=TRUE),AB16,"") | AI16: =IF(AH16="","",MAX($AF$1:$AF16)) | AJ16: =IF(AND(AC16=7,AG16=TRUE),AB16,"") | AK16: =IF(AJ16="","",MAX($AF$1:$AF16)) | AL16: =IF(AND(AC16=5,AG16=TRUE),AB16,"") | AM16: =IF(AL16="","",MAX($AF$1:$AF16)) | AO16: JS3240 | AP16: BA (Hons) Scheme in English and Applied Linguistics | AQ16: {=_xlfn.TEXTJOIN(", ",TRUE,_xlfn._xlws.FILTER($AH$1:$AH$1640,$AI$1:$AI$1640=ROW()-1,""))} -> 中文, ENG | AR16: {=_xlfn.TEXTJOIN(", ",TRUE,_xlfn._xlws.FILTER($AJ$1:$AJ$1640,$AK$1:$AK$1640=ROW()-1,""))} -> BAFS, 中史, GEOG, HMSC, HIST, ICT, 通, MATH, VA | AS16: {=_xlfn.TEXTJOIN(", ",TRUE,_xlfn._xlws.FILTER($AL$1:$AL$1640,$AM$1:$AM$1640=ROW()-1,""))} -> BIO, CHEM, ECON, M2, PHY | AV16: M2
... A18: ENG | C18: 10 | AB18: {=_xlfn._xlws.FILTER(A18:Z18,A18:Z18<>"","")} -> ENG | AC18: 10 | AF18: {=IF(AD18="","",SUMPRODUCT(IF(LEFT($AD$1:AD18,2)="JS",1,0)))} | AG18: =IF(ISNUMBER(MATCH(AB18,$AV$3:$AV$18,0)),TRUE,"") -> TRUE | AH18: =IF(AND(AC18=10,AG18=TRUE),AB18,"") -> ENG | AI18: =IF(AH18="","",MAX($AF$1:$AF18)) -> 1 | AJ18: =IF(AND(AC18=7,AG18=TRUE),AB18,"") | AK18: =IF(AJ18="","",MAX($AF$1:$AF18)) | AL18: =IF(AND(AC18=5,AG18=TRUE),AB18,"") | AM18: =IF(AL18="","",MAX($AF$1:$AF18)) | AO18: JS3290 | AP18: BSc (Hons) Scheme in Optometry | AQ18: {=_xlfn.TEXTJOIN(", ",TRUE,_xlfn._xlws.FILTER($AH$1:$AH$1640,$AI$1:$AI$1640=ROW()-1,""))} -> BIO, CHEM, ENG, MATH, M2, PHY | AR18: {=_xlfn.TEXTJOIN(", ",TRUE,_xlfn._xlws.FILTER($AJ$1:$AJ$1640,$AK$1:$AK$1640=ROW()-1,""))} -> 中文, 通 | AS18: {=_xlfn.TEXTJOIN(", ",TRUE,_xlfn._xlws.FILTER($AL$1:$AL$1640,$AM$1:$AM$1640=ROW()-1,""))} -> BAFS, 中史, ECON, GEOG, HMSC, HIST, ICT, VA | AV18: VA
A19: Ethics and Religious Studies | C19: 5 | AB19: {=_xlfn._xlws.FILTER(A19:Z19,A19:Z19<>"","")} -> Ethics and Religious Studies | AC19: 5 | AF19: {=IF(AD19="","",SUMPRODUCT(IF(LEFT($AD$1:AD19,2)="JS",1,0)))} | AG19: =IF(ISNUMBER(MATCH(AB19,$AV$3:$AV$18,0)),TRUE,"") | AH19: =IF(AND(AC19=10,AG19=TRUE),AB19,"") | AI19: =IF(AH19="","",MAX($AF$1:$AF19)) | AJ19: =IF(AND(AC19=7,AG19=TRUE),AB19,"") | AK19: =IF(AJ19="","",MAX($AF$1:$AF19)) | AL19: =IF(AND(AC19=5,AG19=TRUE),AB19,"") | AM19: =IF(AL19="","",MAX($AF$1:$AF19)) | AO19: JS3310 | AP19: BSc (Hons) Scheme in Hotel and Tourism Management | AQ19: {=_xlfn.TEXTJOIN(", ",TRUE,_xlfn._xlws.FILTER($AH$1:$AH$1640,$AI$1:$AI$1640=ROW()-1,""))} -> ENG | AR19: {=_xlfn.TEXTJOIN(", ",TRUE,_xlfn._xlws.FILTER($AJ$1:$AJ$1640,$AK$1:$AK$1640=ROW()-1,""))} -> BIO, BAFS, CHEM, 中史, 中文, ECON, GEOG, HMSC, HIST, ICT, 通, MATH, M2, PHY, VA | AS19: {=_xlfn.TEXTJOIN(", ",TRUE,_xlfn._xlws.FILTER($AL$1:$AL$1640,$AM$1:$AM$1640=ROW()-1,""))}
A20: GEOG | C20: 5 | AB20: {=_xlfn._xlws.FILTER(A20:Z20,A20:Z20<>"","")} -> GEOG | AC20: 5 | AF20: {=IF(AD20="","",SUMPRODUCT(IF(LEFT($AD$1:AD20,2)="JS",1,0)))} | AG20: =IF(ISNUMBER(MATCH(AB20,$AV$3:$AV$18,0)),TRUE,"") -> TRUE | AH20: =IF(AND(AC20=10,AG20=TRUE),AB20,"") | AI20: =IF(AH20="","",MAX($AF$1:$AF20)) | AJ20: =IF(AND(AC20=7,AG20=TRUE),AB20,"") | AK20: =IF(AJ20="","",MAX($AF$1:$AF20)) | AL20: =IF(AND(AC20=5,AG20=TRUE),AB20,"") -> GEOG | AM20: =IF(AL20="","",MAX($AF$1:$AF20)) -> 1 | AO20: JS3320 | AP20: BA (Hons) Scheme in Chinese History and Culture | AQ20: {=_xlfn.TEXTJOIN(", ",TRUE,_xlfn._xlws.FILTER($AH$1:$AH$1640,$AI$1:$AI$1640=ROW()-1,""))} -> 中史, 中文, ENG, HIST | AR20: {=_xlfn.TEXTJOIN(", ",TRUE,_xlfn._xlws.FILTER($AJ$1:$AJ$1640,$AK$1:$AK$1640=ROW()-1,""))} -> 通, MATH | AS20: {=_xlfn.TEXTJOIN(", ",TRUE,_xlfn._xlws.FILTER($AL$1:$AL$1640,$AM$1:$AM$1640=ROW()-1,""))} -> BIO, BAFS, CHEM, ECON, GEOG, HMSC, ICT, M2, PHY, VA
A21: HMSC | C21: 5 | AB21: {=_xlfn._xlws.FILTER(A21:Z21,A21:Z21<>"","")} -> HMSC | AC21: 5 | AF21: {=IF(AD21="","",SUMPRODUCT(IF(LEFT($AD$1:AD21,2)="JS",1,0)))} | AG21: =IF(ISNUMBER(MATCH(AB21,$AV$3:$AV$18,0)),TRUE,"") -> TRUE | AH21: =IF(AND(AC21=10,AG21=TRUE),AB21,"") | AI21: =IF(AH21="","",MAX($AF$1:$AF21)) | AJ21: =IF(AND(AC21=7,AG21=TRUE),AB21,"") | AK21: =IF(AJ21="","",MAX($AF$1:$AF21)) | AL21: =IF(AND(AC21=5,AG21=TRUE),AB21,"") -> HMSC | AM21: =IF(AL21="","",MAX($AF$1:$AF21)) -> 1 | AO21: JS3330 | AP21: BA (Hons) / BSc (Hons) Scheme in Language Sciences, Translation, and Speech Therapy | AQ21: {=_xlfn.TEXTJOIN(", ",TRUE,_xlfn._xlws.FILTER($AH$1:$AH$1640,$AI$1:$AI$1640=ROW()-1,""))} -> 中文, ENG, MATH | AR21: {=_xlfn.TEXTJOIN(", ",TRUE,_xlfn._xlws.FILTER($AJ$1:$AJ$1640,$AK$1:$AK$1640=ROW()-1,""))} -> BIO, BAFS, CHEM, 中史, ECON, GEOG, HMSC, HIST, ICT, 通, M2, PHY | AS21: {=_xlfn.TEXTJOIN(", ",TRUE,_xlfn._xlws.FILTER($AL$1:$AL$1640,$AM$1:$AM$1640=ROW()-1,""))} -> VA
A22: HIST | C22: 5 | AB22: {=_xlfn._xlws.FILTER(A22:Z22,A22:Z22<>"","")} -> HIST | AC22: 5 | AF22: {=IF(AD22="","",SUMPRODUCT(IF(LEFT($AD$1:AD22,2)="JS",1,0)))} | AG22: =IF(ISNUMBER(MATCH(AB22,$AV$3:$AV$18,0)),TRUE,"") -> TRUE | AH22: =IF(AND(AC22=10,AG22=TRUE),AB22,"") | AI22: =IF(AH22="","",MAX($AF$1:$AF22)) | AJ22: =IF(AND(AC22=7,AG22=TRUE),AB22,"") | AK22: =IF(AJ22="","",MAX($AF$1:$AF22)) | AL22: =IF(AND(AC22=5,AG22=TRUE),AB22,"") -> HIST | AM22: =IF(AL22="","",MAX($AF$1:$AF22)) -> 1 | AO22: JS3337 | AP22: BSc (Hons) Scheme in Nursing - Mental Health Nursing | AQ22: {=_xlfn.TEXTJOIN(", ",TRUE,_xlfn._xlws.FILTER($AH$1:$AH$1640,$AI$1:$AI$1640=ROW()-1,""))} -> BIO, 中文, ENG, 通, MATH | AR22: {=_xlfn.TEXTJOIN(", ",TRUE,_xlfn._xlws.FILTER($AJ$1:$AJ$1640,$AK$1:$AK$1640=ROW()-1,""))} -> BAFS, CHEM, 中史, ECON, GEOG, HMSC, HIST, ICT, M2, PHY, VA | AS22: {=_xlfn.TEXTJOIN(", ",TRUE,_xlfn._xlws.FILTER($AL$1:$AL$1640,$AM$1:$AM$1640=ROW()-1,""))}
A23: ICT | C23: 5 | AB23: {=_xlfn._xlws.FILTER(A23:Z23,A23:Z23<>"","")} -> ICT | AC23: 5 | AF23: {=IF(AD23="","",SUMPRODUCT(IF(LEFT($AD$1:AD23,2)="JS",1,0)))} | AG23: =IF(ISNUMBER(MATCH(AB23,$AV$3:$AV$18,0)),TRUE,"") -> TRUE | AH23: =IF(AND(AC23=10,AG23=TRUE),AB23,"") | AI23: =IF(AH23="","",MAX($AF$1:$AF23)) | AJ23: =IF(AND(AC23=7,AG23=TRUE),AB23,"") | AK23: =IF(AJ23="","",MAX($AF$1:$AF23)) | AL23: =IF(AND(AC23=5,AG23=TRUE),AB23,"") -> ICT | AM23: =IF(AL23="","",MAX($AF$1:$AF23)) -> 1 | AO23: JS3478 | AP23: BSc (Hons) Scheme in Medical Laboratory Science and Radiography - Medical Laboratory Science | AQ23: {=_xlfn.TEXTJOIN(", ",TRUE,_xlfn._xlws.FILTER($AH$1:$AH$1640,$AI$1:$AI$1640=ROW()-1,""))} -> BIO, CHEM, 中文, ENG, MATH, M2 | AR23: {=_xlfn.TEXTJOIN(", ",TRUE,_xlfn._xlws.FILTER($AJ$1:$AJ$1640,$AK$1:$AK$1640=ROW()-1,""))} -> 通, PHY | AS23: {=_xlfn.TEXTJOIN(", ",TRUE,_xlfn._xlws.FILTER($AL$1:$AL$1640,$AM$1:$AM$1640=ROW()-1,""))} -> BAFS, 中史, ECON, GEOG, HMSC, HIST, ICT, VA
A24: Integrated Science | C24: 7 | AB24: {=_xlfn._xlws.FILTER(A24:Z24,A24:Z24<>"","")} -> Integrated Science | AC24: 7 | AF24: {=IF(AD24="","",SUMPRODUCT(IF(LEFT($AD$1:AD24,2)="JS",1,0)))} | AG24: =IF(ISNUMBER(MATCH(AB24,$AV$3:$AV$18,0)),TRUE,"") | AH24: =IF(AND(AC24=10,AG24=TRUE),AB24,"") | AI24: =IF(AH24="","",MAX($AF$1:$AF24)) | AJ24: =IF(AND(AC24=7,AG24=TRUE),AB24,"") | AK24: =IF(AJ24="","",MAX($AF$1:$AF24)) | AL24: =IF(AND(AC24=5,AG24=TRUE),AB24,"") | AM24: =IF(AL24="","",MAX($AF$1:$AF24)) | AO24: JS3557 | AP24: BEng (Hons) Scheme in Product and Industrial Engineering | AQ24: {=_xlfn.TEXTJOIN(", ",TRUE,_xlfn._xlws.FILTER($AH$1:$AH$1640,$AI$1:$AI$1640=ROW()-1,""))} -> ENG, MATH | AR24: {=_xlfn.TEXTJOIN(", ",TRUE,_xlfn._xlws.FILTER($AJ$1:$AJ$1640,$AK$1:$AK$1640=ROW()-1,""))} -> 中文, 通 | AS24: {=_xlfn.TEXTJOIN(", ",TRUE,_xlfn._xlws.FILTER($AL$1:$AL$1640,$AM$1:$AM$1640=ROW()-1,""))} -> BIO, BAFS, CHEM, 中史, ECON, GEOG, HMSC, HIST, ICT, M2, PHY, VA
A25: 通 | C25: 7 | AB25: {=_xlfn._xlws.FILTER(A25:Z25,A25:Z25<>"","")} -> 通 | AC25: 7 | AF25: {=IF(AD25="","",SUMPRODUCT(IF(LEFT($AD$1:AD25,2)="JS",1,0)))} | AG25: =IF(ISNUMBER(MATCH(AB25,$AV$3:$AV$18,0)),TRUE,"") -> TRUE | AH25: =IF(AND(AC25=10,AG25=TRUE),AB25,"") | AI25: =IF(AH25="","",MAX($AF$1:$AF25)) | AJ25: =IF(AND(AC25=7,AG25=TRUE),AB25,"") -> 通 | AK25: =IF(AJ25="","",MAX($AF$1:$AF25)) -> 1 | AL25: =IF(AND(AC25=5,AG25=TRUE),AB25,"") | AM25: =IF(AL25="","",MAX($AF$1:$AF25)) | AO25: JS3569 | AP25: BA (Hons) Scheme in Design | AQ25: {=_xlfn.TEXTJOIN(", ",TRUE,_xlfn._xlws.FILTER($AH$1:$AH$1640,$AI$1:$AI$1640=ROW()-1,""))} -> 中文, ENG, ICT, 通, MATH, VA | AR25: {=_xlfn.TEXTJOIN(", ",TRUE,_xlfn._xlws.FILTER($AJ$1:$AJ$1640,$AK$1:$AK$1640=ROW()-1,""))} -> BAFS, ECON, HIST | AS25: {=_xlfn.TEXTJOIN(", ",TRUE,_xlfn._xlws.FILTER($AL$1:$AL$1640,$AM$1:$AM$1640=ROW()-1,""))} -> BIO, CHEM, 中史, GEOG, HMSC, M2, PHY
A26: Literature in English | C26: 5 | AB26: {=_xlfn._xlws.FILTER(A26:Z26,A26:Z26<>"","")} -> Literature in English | AC26: 5 | AF26: {=IF(AD26="","",SUMPRODUCT(IF(LEFT($AD$1:AD26,2)="JS",1,0)))} | AG26: =IF(ISNUMBER(MATCH(AB26,$AV$3:$AV$18,0)),TRUE,"") | AH26: =IF(AND(AC26=10,AG26=TRUE),AB26,"") | AI26: =IF(AH26="","",MAX($AF$1:$AF26)) | AJ26: =IF(AND(AC26=7,AG26=TRUE),AB26,"") | AK26: =IF(AJ26="","",MAX($AF$1:$AF26)) | AL26: =IF(AND(AC26=5,AG26=TRUE),AB26,"") | AM26: =IF(AL26="","",MAX($AF$1:$AF26)) | AO26: JS3571 | AP26: BSc (Hons) Scheme in Logistics and Enterprise Engineering | AQ26: {=_xlfn.TEXTJOIN(", ",TRUE,_xlfn._xlws.FILTER($AH$1:$AH$1640,$AI$1:$AI$1640=ROW()-1,""))} -> ENG, MATH | AR26: {=_xlfn.TEXTJOIN(", ",TRUE,_xlfn._xlws.FILTER($AJ$1:$AJ$1640,$AK$1:$AK$1640=ROW()-1,""))} -> 中文, 通 | AS26: {=_xlfn.TEXTJOIN(", ",TRUE,_xlfn._xlws.FILTER($AL$1:$AL$1640,$AM$1:$AM$1640=ROW()-1,""))} -> BIO, BAFS, CHEM, 中史, ECON, GEOG, HMSC, HIST, ICT, M2, PHY, VA
A27: MATH | C27: 10 | AB27: {=_xlfn._xlws.FILTER(A27:Z27,A27:Z27<>"","")} -> MATH | AC27: 10 | AF27: {=IF(AD27="","",SUMPRODUCT(IF(LEFT($AD$1:AD27,2)="JS",1,0)))} | AG27: =IF(ISNUMBER(MATCH(AB27,$AV$3:$AV$18,0)),TRUE,"") -> TRUE | AH27: =IF(AND(AC27=10,AG27=TRUE),AB27,"") -> MATH | AI27: =IF(AH27="","",MAX($AF$1:$AF27)) -> 1 | AJ27: =IF(AND(AC27=7,AG27=TRUE),AB27,"") | AK27: =IF(AJ27="","",MAX($AF$1:$AF27)) | AL27: =IF(AND(AC27=5,AG27=TRUE),AB27,"") | AM27: =IF(AL27="","",MAX($AF$1:$AF27)) | AO27: JS3612 | AP27: BSc (Hons) Scheme in Medical Laboratory Science and Radiography - Radiography | AQ27: {=_xlfn.TEXTJOIN(", ",TRUE,_xlfn._xlws.FILTER($AH$1:$AH$1640,$AI$1:$AI$1640=ROW()-1,""))} -> BIO, CHEM, 中文, ENG, MATH, PHY | AR27: {=_xlfn.TEXTJOIN(", ",TRUE,_xlfn._xlws.FILTER($AJ$1:$AJ$1640,$AK$1:$AK$1640=ROW()-1,""))} -> 通, M2 | AS27: {=_xlfn.TEXTJOIN(", ",TRUE,_xlfn._xlws.FILTER($AL$1:$AL$1640,$AM$1:$AM$1640=ROW()-1,""))} -> BAFS, 中史, ECON, GEOG, HMSC, HIST, ICT, VA
A28: M2 | C28: 7 | AB28: {=_xlfn._xlws.FILTER(A28:Z28,A28:Z28<>"","")} -> M2 | AC28: 7 | AF28: {=IF(AD28="","",SUMPRODUCT(IF(LEFT($AD$1:AD28,2)="JS",1,0)))} | AG28: =IF(ISNUMBER(MATCH(AB28,$AV$3:$AV$18,0)),TRUE,"") -> TRUE | AH28: =IF(AND(AC28=10,AG28=TRUE),AB28,"") | AI28: =IF(AH28="","",MAX($AF$1:$AF28)) | AJ28: =IF(AND(AC28=7,AG28=TRUE),AB28,"") -> M2 | AK28: =IF(AJ28="","",MAX($AF$1:$AF28)) -> 1 | AL28: =IF(AND(AC28=5,AG28=TRUE),AB28,"") | AM28: =IF(AL28="","",MAX($AF$1:$AF28)) | AO28: JS3624 | AP28: BSc (Hons) Scheme in Rehabilitation Sciences - Occupational Therapy | AQ28: {=_xlfn.TEXTJOIN(", ",TRUE,_xlfn._xlws.FILTER($AH$1:$AH$1640,$AI$1:$AI$1640=ROW()-1,""))} -> BIO, 中文, ENG, PHY | AR28: {=_xlfn.TEXTJOIN(", ",TRUE,_xlfn._xlws.FILTER($AJ$1:$AJ$1640,$AK$1:$AK$1640=ROW()-1,""))} -> CHEM, 中史, ECON, GEOG, HMSC, HIST, ICT, 通, MATH, M2 | AS28: {=_xlfn.TEXTJOIN(", ",TRUE,_xlfn._xlws.FILTER($AL$1:$AL$1640,$AM$1:$AM$1640=ROW()-1,""))} -> BAFS, VA
A29: Mathematics (Extended part - Calculus and Statistics) | C29: 7 | AB29: {=_xlfn._xlws.FILTER(A29:Z29,A29:Z29<>"","")} -> Mathematics (Extended part - Calculus and Statistics) | AC29: 7 | AF29: {=IF(AD29="","",SUMPRODUCT(IF(LEFT($AD$1:AD29,2)="JS",1,0)))} | AG29: =IF(ISNUMBER(MATCH(AB29,$AV$3:$AV$18,0)),TRUE,"") | AH29: =IF(AND(AC29=10,AG29=TRUE),AB29,"") | AI29: =IF(AH29="","",MAX($AF$1:$AF29)) | AJ29: =IF(AND(AC29=7,AG29=TRUE),AB29,"") | AK29: =IF(AJ29="","",MAX($AF$1:$AF29)) | AL29: =IF(AND(AC29=5,AG29=TRUE),AB29,"") | AM29: =IF(AL29="","",MAX($AF$1:$AF29)) | AO29: JS3636 | AP29: BSc (Hons) Scheme in Rehabilitation Sciences - Physiotherapy | AQ29: {=_xlfn.TEXTJOIN(", ",TRUE,_xlfn._xlws.FILTER($AH$1:$AH$1640,$AI$1:$AI$1640=ROW()-1,""))} -> BIO, 中文, ENG, PHY | AR29: {=_xlfn.TEXTJOIN(", ",TRUE,_xlfn._xlws.FILTER($AJ$1:$AJ$1640,$AK$1:$AK$1640=ROW()-1,""))} -> CHEM, HMSC, 通, MATH | AS29: {=_xlfn.TEXTJOIN(", ",TRUE,_xlfn._xlws.FILTER($AL$1:$AL$1640,$AM$1:$AM$1640=ROW()-1,""))} -> BAFS, 中史, ECON, GEOG, HIST, ICT, M2, VA
A30: Music | C30: 5 | AB30: {=_xlfn._xlws.FILTER(A30:Z30,A30:Z30<>"","")} -> Music | AC30: 5 | AF30: {=IF(AD30="","",SUMPRODUCT(IF(LEFT($AD$1:AD30,2)="JS",1,0)))} | AG30: =IF(ISNUMBER(MATCH(AB30,$AV$3:$AV$18,0)),TRUE,"") | AH30: =IF(AND(AC30=10,AG30=TRUE),AB30,"") | AI30: =IF(AH30="","",MAX($AF$1:$AF30)) | AJ30: =IF(AND(AC30=7,AG30=TRUE),AB30,"") | AK30: =IF(AJ30="","",MAX($AF$1:$AF30)) | AL30: =IF(AND(AC30=5,AG30=TRUE),AB30,"") | AM30: =IF(AL30="","",MAX($AF$1:$AF30)) | AO30: JS3648 | AP30: BSc (Hons) Scheme in Nursing - Nursing | AQ30: {=_xlfn.TEXTJOIN(", ",TRUE,_xlfn._xlws.FILTER($AH$1:$AH$1640,$AI$1:$AI$1640=ROW()-1,""))} -> BIO, 中文, ENG, 通, MATH | AR30: {=_xlfn.TEXTJOIN(", ",TRUE,_xlfn._xlws.FILTER($AJ$1:$AJ$1640,$AK$1:$AK$1640=ROW()-1,""))} -> BAFS, CHEM, 中史, ECON, GEOG, HMSC, HIST, ICT, M2, PHY, VA | AS30: {=_xlfn.TEXTJOIN(", ",TRUE,_xlfn._xlws.FILTER($AL$1:$AL$1640,$AM$1:$AM$1640=ROW()-1,""))}
... A32: PHY | C32: 7 | AB32: {=_xlfn._xlws.FILTER(A32:Z32,A32:Z32<>"","")} -> PHY | AC32: 7 | AF32: {=IF(AD32="","",SUMPRODUCT(IF(LEFT($AD$1:AD32,2)="JS",1,0)))} | AG32: =IF(ISNUMBER(MATCH(AB32,$AV$3:$AV$18,0)),TRUE,"") -> TRUE | AH32: =IF(AND(AC32=10,AG32=TRUE),AB32,"") | AI32: =IF(AH32="","",MAX($AF$1:$AF32)) | AJ32: =IF(AND(AC32=7,AG32=TRUE),AB32,"") -> PHY | AK32: =IF(AJ32="","",MAX($AF$1:$AF32)) -> 1 | AL32: =IF(AND(AC32=5,AG32=TRUE),AB32,"") | AM32: =IF(AL32="","",MAX($AF$1:$AF32)) | AO32: JS3868 | AP32: BSc (Hons) Scheme in Computing and AI | AQ32: {=_xlfn.TEXTJOIN(", ",TRUE,_xlfn._xlws.FILTER($AH$1:$AH$1640,$AI$1:$AI$1640=ROW()-1,""))} -> BIO, BAFS, CHEM, ECON, ENG, ICT, MATH, M2, PHY | AR32: {=_xlfn.TEXTJOIN(", ",TRUE,_xlfn._xlws.FILTER($AJ$1:$AJ$1640,$AK$1:$AK$1640=ROW()-1,""))} -> 中史, 中文, GEOG, HMSC, HIST, 通, VA | AS32: {=_xlfn.TEXTJOIN(", ",TRUE,_xlfn._xlws.FILTER($AL$1:$AL$1640,$AM$1:$AM$1640=ROW()-1,""))}
A33: Technology and Living (Fashion, Clothing and Textiles) | C33: 5 | AB33: {=_xlfn._xlws.FILTER(A33:Z33,A33:Z33<>"","")} -> Technology and Living (Fashion, Clothing and Textiles) | AC33: 5 | AF33: {=IF(AD33="","",SUMPRODUCT(IF(LEFT($AD$1:AD33,2)="JS",1,0)))} | AG33: =IF(ISNUMBER(MATCH(AB33,$AV$3:$AV$18,0)),TRUE,"") | AH33: =IF(AND(AC33=10,AG33=TRUE),AB33,"") | AI33: =IF(AH33="","",MAX($AF$1:$AF33)) | AJ33: =IF(AND(AC33=7,AG33=TRUE),AB33,"") | AK33: =IF(AJ33="","",MAX($AF$1:$AF33)) | AL33: =IF(AND(AC33=5,AG33=TRUE),AB33,"") | AM33: =IF(AL33="","",MAX($AF$1:$AF33)) | AQ33: {=_xlfn.TEXTJOIN(", ",TRUE,_xlfn._xlws.FILTER($AH$1:$AH$1640,$AI$1:$AI$1640=ROW()-1,""))} | AR33: {=_xlfn.TEXTJOIN(", ",TRUE,_xlfn._xlws.FILTER($AJ$1:$AJ$1640,$AK$1:$AK$1640=ROW()-1,""))} | AS33: {=_xlfn.TEXTJOIN(", ",TRUE,_xlfn._xlws.FILTER($AL$1:$AL$1640,$AM$1:$AM$1640=ROW()-1,""))}
A34: Technology and Living (Food Science and Technology) | C34: 5 | AB34: {=_xlfn._xlws.FILTER(A34:Z34,A34:Z34<>"","")} -> Technology and Living (Food Science and Technology) | AC34: 5 | AF34: {=IF(AD34="","",SUMPRODUCT(IF(LEFT($AD$1:AD34,2)="JS",1,0)))} | AG34: =IF(ISNUMBER(MATCH(AB34,$AV$3:$AV$18,0)),TRUE,"") | AH34: =IF(AND(AC34=10,AG34=TRUE),AB34,"") | AI34: =IF(AH34="","",MAX($AF$1:$AF34)) | AJ34: =IF(AND(AC34=7,AG34=TRUE),AB34,"") | AK34: =IF(AJ34="","",MAX($AF$1:$AF34)) | AL34: =IF(AND(AC34=5,AG34=TRUE),AB34,"") | AM34: =IF(AL34="","",MAX($AF$1:$AF34)) | AQ34: {=_xlfn.TEXTJOIN(", ",TRUE,_xlfn._xlws.FILTER($AH$1:$AH$1640,$AI$1:$AI$1640=ROW()-1,""))} | AR34: {=_xlfn.TEXTJOIN(", ",TRUE,_xlfn._xlws.FILTER($AJ$1:$AJ$1640,$AK$1:$AK$1640=ROW()-1,""))} | AS34: {=_xlfn.TEXTJOIN(", ",TRUE,_xlfn._xlws.FILTER($AL$1:$AL$1640,$AM$1:$AM$1640=ROW()-1,""))}
A35: Tourism and Hospitality Studies | C35: 5 | AB35: {=_xlfn._xlws.FILTER(A35:Z35,A35:Z35<>"","")} -> Tourism and Hospitality Studies | AC35: 5 | AF35: {=IF(AD35="","",SUMPRODUCT(IF(LEFT($AD$1:AD35,2)="JS",1,0)))} | AG35: =IF(ISNUMBER(MATCH(AB35,$AV$3:$AV$18,0)),TRUE,"") | AH35: =IF(AND(AC35=10,AG35=TRUE),AB35,"") | AI35: =IF(AH35="","",MAX($AF$1:$AF35)) | AJ35: =IF(AND(AC35=7,AG35=TRUE),AB35,"") | AK35: =IF(AJ35="","",MAX($AF$1:$AF35)) | AL35: =IF(AND(AC35=5,AG35=TRUE),AB35,"") | AM35: =IF(AL35="","",MAX($AF$1:$AF35))
A36: VA | C36: 5 | AB36: {=_xlfn._xlws.FILTER(A36:Z36,A36:Z36<>"","")} -> VA | AC36: 5 | AF36: {=IF(AD36="","",SUMPRODUCT(IF(LEFT($AD$1:AD36,2)="JS",1,0)))} | AG36: =IF(ISNUMBER(MATCH(AB36,$AV$3:$AV$18,0)),TRUE,"") -> TRUE | AH36: =IF(AND(AC36=10,AG36=TRUE),AB36,"") | AI36: =IF(AH36="","",MAX($AF$1:$AF36)) | AJ36: =IF(AND(AC36=7,AG36=TRUE),AB36,"") | AK36: =IF(AJ36="","",MAX($AF$1:$AF36)) | AL36: =IF(AND(AC36=5,AG36=TRUE),AB36,"") -> VA | AM36: =IF(AL36="","",MAX($AF$1:$AF36)) -> 1
A37: Category B: Applied Learning Subjects | AB37: {=_xlfn._xlws.FILTER(A37:Z37,A37:Z37<>"","")} -> Category B: Applied Learning Subjects | AF37: {=IF(AD37="","",SUMPRODUCT(IF(LEFT($AD$1:AD37,2)="JS",1,0)))} | AG37: =IF(ISNUMBER(MATCH(AB37,$AV$3:$AV$18,0)),TRUE,"") | AH37: =IF(AND(AC37=10,AG37=TRUE),AB37,"") | AI37: =IF(AH37="","",MAX($AF$1:$AF37)) | AJ37: =IF(AND(AC37=7,AG37=TRUE),AB37,"") | AK37: =IF(AJ37="","",MAX($AF$1:$AF37)) | AL37: =IF(AND(AC37=5,AG37=TRUE),AB37,"") | AM37: =IF(AL37="","",MAX($AF$1:$AF37))
A38: Subject Name | C38: Subject Weighting for 2023/24 Admission Exercise * | AB38: {=_xlfn._xlws.FILTER(A38:Z38,A38:Z38<>"","")} -> Subject Name | AC38: Subject Weighting for 2023/24 Admission Exercise * | AF38: {=IF(AD38="","",SUMPRODUCT(IF(LEFT($AD$1:AD38,2)="JS",1,0)))} | AG38: =IF(ISNUMBER(MATCH(AB38,$AV$3:$AV$18,0)),TRUE,"") | AH38: =IF(AND(AC38=10,AG38=TRUE),AB38,"") | AI38: =IF(AH38="","",MAX($AF$1:$AF38)) | AJ38: =IF(AND(AC38=7,AG38=TRUE),AB38,"") | AK38: =IF(AJ38="","",MAX($AF$1:$AF38)) | AL38: =IF(AND(AC38=5,AG38=TRUE),AB38,"") | AM38: =IF(AL38="","",MAX($AF$1:$AF38))
A39: Child Care and Development | C39: 5 | AB39: {=_xlfn._xlws.FILTER(A39:Z39,A39:Z39<>"","")} -> Child Care and Development | AC39: 5 | AF39: {=IF(AD39="","",SUMPRODUCT(IF(LEFT($AD$1:AD39,2)="JS",1,0)))} | AG39: =IF(ISNUMBER(MATCH(AB39,$AV$3:$AV$18,0)),TRUE,"") | AH39: =IF(AND(AC39=10,AG39=TRUE),AB39,"") | AI39: =IF(AH39="","",MAX($AF$1:$AF39)) | AJ39: =IF(AND(AC39=7,AG39=TRUE),AB39,"") | AK39: =IF(AJ39="","",MAX($AF$1:$AF39)) | AL39: =IF(AND(AC39=5,AG39=TRUE),AB39,"") | AM39: =IF(AL39="","",MAX($AF$1:$AF39))
A40: Child Development and Care | C40: 5 | AB40: {=_xlfn._xlws.FILTER(A40:Z40,A40:Z40<>"","")} -> Child Development and Care | AC40: 5 | AF40: {=IF(AD40="","",SUMPRODUCT(IF(LEFT($AD$1:AD40,2)="JS",1,0)))} | AG40: =IF(ISNUMBER(MATCH(AB40,$AV$3:$AV$18,0)),TRUE,"") | AH40: =IF(AND(AC40=10,AG40=TRUE),AB40,"") | AI40: =IF(AH40="","",MAX($AF$1:$AF40)) | AJ40: =IF(AND(AC40=7,AG40=TRUE),AB40,"") | AK40: =IF(AJ40="","",MAX($AF$1:$AF40)) | AL40: =IF(AND(AC40=5,AG40=TRUE),AB40,"") | AM40: =IF(AL40="","",MAX($AF$1:$AF40))
A41: Environmental Engineering | C41: 5 | AB41: {=_xlfn._xlws.FILTER(A41:Z41,A41:Z41<>"","")} -> Environmental Engineering | AC41: 5 | AF41: {=IF(AD41="","",SUMPRODUCT(IF(LEFT($AD$1:AD41,2)="JS",1,0)))} | AG41: =IF(ISNUMBER(MATCH(AB41,$AV$3:$AV$18,0)),TRUE,"") | AH41: =IF(AND(AC41=10,AG41=TRUE),AB41,"") | AI41: =IF(AH41="","",MAX($AF$1:$AF41)) | AJ41: =IF(AND(AC41=7,AG41=TRUE),AB41,"") | AK41: =IF(AJ41="","",MAX($AF$1:$AF41)) | AL41: =IF(AND(AC41=5,AG41=TRUE),AB41,"") | AM41: =IF(AL41="","",MAX($AF$1:$AF41))
A42: Events Planning and Operation | C42: 5 | AB42: {=_xlfn._xlws.FILTER(A42:Z42,A42:Z42<>"","")} -> Events Planning and Operation | AC42: 5 | AF42: {=IF(AD42="","",SUMPRODUCT(IF(LEFT($AD$1:AD42,2)="JS",1,0)))} | AG42: =IF(ISNUMBER(MATCH(AB42,$AV$3:$AV$18,0)),TRUE,"") | AH42: =IF(AND(AC42=10,AG42=TRUE),AB42,"") | AI42: =IF(AH42="","",MAX($AF$1:$AF42)) | AJ42: =IF(AND(AC42=7,AG42=TRUE),AB42,"") | AK42: =IF(AJ42="","",MAX($AF$1:$AF42)) | AL42: =IF(AND(AC42=5,AG42=TRUE),AB42,"") | AM42: =IF(AL42="","",MAX($AF$1:$AF42))
A43: Exercise Science and Health Fitness | C43: 5 | AB43: {=_xlfn._xlws.FILTER(A43:Z43,A43:Z43<>"","")} -> Exercise Science and Health Fitness | AC43: 5 | AF43: {=IF(AD43="","",SUMPRODUCT(IF(LEFT($AD$1:AD43,2)="JS",1,0)))} | AG43: =IF(ISNUMBER(MATCH(AB43,$AV$3:$AV$18,0)),TRUE,"") | AH43: =IF(AND(AC43=10,AG43=TRUE),AB43,"") | AI43: =IF(AH43="","",MAX($AF$1:$AF43)) | AJ43: =IF(AND(AC43=7,AG43=TRUE),AB43,"") | AK43: =IF(AJ43="","",MAX($AF$1:$AF43)) | AL43: =IF(AND(AC43=5,AG43=TRUE),AB43,"") | AM43: =IF(AL43="","",MAX($AF$1:$AF43))
A44: Food and Beverage Operations | C44: 5 | AB44: {=_xlfn._xlws.FILTER(A44:Z44,A44:Z44<>"","")} -> Food and Beverage Operations | AC44: 5 | AF44: {=IF(AD44="","",SUMPRODUCT(IF(LEFT($AD$1:AD44,2)="JS",1,0)))} | AG44: =IF(ISNUMBER(MATCH(AB44,$AV$3:$AV$18,0)),TRUE,"") | AH44: =IF(AND(AC44=10,AG44=TRUE),AB44,"") | AI44: =IF(AH44="","",MAX($AF$1:$AF44)) | AJ44: =IF(AND(AC44=7,AG44=TRUE),AB44,"") | AK44: =IF(AJ44="","",MAX($AF$1:$AF44)) | AL44: =IF(AND(AC44=5,AG44=TRUE),AB44,"") | AM44: =IF(AL44="","",MAX($AF$1:$AF44))
A45: Foundation in Chinese Medicine | C45: 5 | AB45: {=_xlfn._xlws.FILTER(A45:Z45,A45:Z45<>"","")} -> Foundation in Chinese Medicine | AC45: 5 | AF45: {=IF(AD45="","",SUMPRODUCT(IF(LEFT($AD$1:AD45,2)="JS",1,0)))} | AG45: =IF(ISNUMBER(MATCH(AB45,$AV$3:$AV$18,0)),TRUE,"") | AH45: =IF(AND(AC45=10,AG45=TRUE),AB45,"") | AI45: =IF(AH45="","",MAX($AF$1:$AF45)) | AJ45: =IF(AND(AC45=7,AG45=TRUE),AB45,"") | AK45: =IF(AJ45="","",MAX($AF$1:$AF45)) | AL45: =IF(AND(AC45=5,AG45=TRUE),AB45,"") | AM45: =IF(AL45="","",MAX($AF$1:$AF45))
A46: Fundamental Health Care | C46: 5 | AB46: {=_xlfn._xlws.FILTER(A46:Z46,A46:Z46<>"","")} -> Fundamental Health Care | AC46: 5 | AF46: {=IF(AD46="","",SUMPRODUCT(IF(LEFT($AD$1:AD46,2)="JS",1,0)))} | AG46: =IF(ISNUMBER(MATCH(AB46,$AV$3:$AV$18,0)),TRUE,"") | AH46: =IF(AND(AC46=10,AG46=TRUE),AB46,"") | AI46: =IF(AH46="","",MAX($AF$1:$AF46)) | AJ46: =IF(AND(AC46=7,AG46=TRUE),AB46,"") | AK46: =IF(AJ46="","",MAX($AF$1:$AF46)) | AL46: =IF(AND(AC46=5,AG46=TRUE),AB46,"") | AM46: =IF(AL46="","",MAX($AF$1:$AF46))
A47: Health and Beauty Keeping in TCM | C47: 5 | AB47: {=_xlfn._xlws.FILTER(A47:Z47,A47:Z47<>"","")} -> Health and Beauty Keeping in TCM | AC47: 5 | AF47: {=IF(AD47="","",SUMPRODUCT(IF(LEFT($AD$1:AD47,2)="JS",1,0)))} | AG47: =IF(ISNUMBER(MATCH(AB47,$AV$3:$AV$18,0)),TRUE,"") | AH47: =IF(AND(AC47=10,AG47=TRUE),AB47,"") | AI47: =IF(AH47="","",MAX($AF$1:$AF47)) | AJ47: =IF(AND(AC47=7,AG47=TRUE),AB47,"") | AK47: =IF(AJ47="","",MAX($AF$1:$AF47)) | AL47: =IF(AND(AC47=5,AG47=TRUE),AB47,"") | AM47: =IF(AL47="","",MAX($AF$1:$AF47))
A48: Health Care Practice | C48: 5 | AB48: {=_xlfn._xlws.FILTER(A48:Z48,A48:Z48<>"","")} -> Health Care Practice | AC48: 5 | AF48: {=IF(AD48="","",SUMPRODUCT(IF(LEFT($AD$1:AD48,2)="JS",1,0)))} | AG48: =IF(ISNUMBER(MATCH(AB48,$AV$3:$AV$18,0)),TRUE,"") | AH48: =IF(AND(AC48=10,AG48=TRUE),AB48,"") | AI48: =IF(AH48="","",MAX($AF$1:$AF48)) | AJ48: =IF(AND(AC48=7,AG48=TRUE),AB48,"") | AK48: =IF(AJ48="","",MAX($AF$1:$AF48)) | AL48: =IF(AND(AC48=5,AG48=TRUE),AB48,"") | AM48: =IF(AL48="","",MAX($AF$1:$AF48))
A49: Medical Laboratory Science | C49: 7 | AB49: {=_xlfn._xlws.FILTER(A49:Z49,A49:Z49<>"","")} -> Medical Laboratory Science | AC49: 7 | AF49: {=IF(AD49="","",SUMPRODUCT(IF(LEFT($AD$1:AD49,2)="JS",1,0)))} | AG49: =IF(ISNUMBER(MATCH(AB49,$AV$3:$AV$18,0)),TRUE,"") | AH49: =IF(AND(AC49=10,AG49=TRUE),AB49,"") | AI49: =IF(AH49="","",MAX($AF$1:$AF49)) | AJ49: =IF(AND(AC49=7,AG49=TRUE),AB49,"") | AK49: =IF(AJ49="","",MAX($AF$1:$AF49)) | AL49: =IF(AND(AC49=5,AG49=TRUE),AB49,"") | AM49: =IF(AL49="","",MAX($AF$1:$AF49))
A50: Sports Coaching and Management | C50: 5 | AB50: {=_xlfn._xlws.FILTER(A50:Z50,A50:Z50<>"","")} -> Sports Coaching and Management | AC50: 5 | AF50: {=IF(AD50="","",SUMPRODUCT(IF(LEFT($AD$1:AD50,2)="JS",1,0)))} | AG50: =IF(ISNUMBER(MATCH(AB50,$AV$3:$AV$18,0)),TRUE,"") | AH50: =IF(AND(AC50=10,AG50=TRUE),AB50,"") | AI50: =IF(AH50="","",MAX($AF$1:$AF50)) | AJ50: =IF(AND(AC50=7,AG50=TRUE),AB50,"") | AK50: =IF(AJ50="","",MAX($AF$1:$AF50)) | AL50: =IF(AND(AC50=5,AG50=TRUE),AB50,"") | AM50: =IF(AL50="","",MAX($AF$1:$AF50))
A51: Category C: Other Language Subjects | AB51: {=_xlfn._xlws.FILTER(A51:Z51,A51:Z51<>"","")} -> Category C: Other Language Subjects | AF51: {=IF(AD51="","",SUMPRODUCT(IF(LEFT($AD$1:AD51,2)="JS",1,0)))} | AG51: =IF(ISNUMBER(MATCH(AB51,$AV$3:$AV$18,0)),TRUE,"") | AH51: =IF(AND(AC51=10,AG51=TRUE),AB51,"") | AI51: =IF(AH51="","",MAX($AF$1:$AF51)) | AJ51: =IF(AND(AC51=7,AG51=TRUE),AB51,"") | AK51: =IF(AJ51="","",MAX($AF$1:$AF51)) | AL51: =IF(AND(AC51=5,AG51=TRUE),AB51,"") | AM51: =IF(AL51="","",MAX($AF$1:$AF51))
A52: Subject Name | C52: Subject Weighting for 2023/24 Admission Exercise * | AB52: {=_xlfn._xlws.FILTER(A52:Z52,A52:Z52<>"","")} -> Subject Name | AC52: Subject Weighting for 2023/24 Admission Exercise * | AF52: {=IF(AD52="","",SUMPRODUCT(IF(LEFT($AD$1:AD52,2)="JS",1,0)))} | AG52: =IF(ISNUMBER(MATCH(AB52,$AV$3:$AV$18,0)),TRUE,"") | AH52: =IF(AND(AC52=10,AG52=TRUE),AB52,"") | AI52: =IF(AH52="","",MAX($AF$1:$AF52)) | AJ52: =IF(AND(AC52=7,AG52=TRUE),AB52,"") | AK52: =IF(AJ52="","",MAX($AF$1:$AF52)) | AL52: =IF(AND(AC52=5,AG52=TRUE),AB52,"") | AM52: =IF(AL52="","",MAX($AF$1:$AF52))
A53: French | C53: 5 | AB53: {=_xlfn._xlws.FILTER(A53:Z53,A53:Z53<>"","")} -> French | AC53: 5 | AF53: {=IF(AD53="","",SUMPRODUCT(IF(LEFT($AD$1:AD53,2)="JS",1,0)))} | AG53: =IF(ISNUMBER(MATCH(AB53,$AV$3:$AV$18,0)),TRUE,"") | AH53: =IF(AND(AC53=10,AG53=TRUE),AB53,"") | AI53: =IF(AH53="","",MAX($AF$1:$AF53)) | AJ53: =IF(AND(AC53=7,AG53=TRUE),AB53,"") | AK53: =IF(AJ53="","",MAX($AF$1:$AF53)) | AL53: =IF(AND(AC53=5,AG53=TRUE),AB53,"") | AM53: =IF(AL53="","",MAX($AF$1:$AF53))
A54: German | C54: 5 | AB54: {=_xlfn._xlws.FILTER(A54:Z54,A54:Z54<>"","")} -> German | AC54: 5 | AF54: {=IF(AD54="","",SUMPRODUCT(IF(LEFT($AD$1:AD54,2)="JS",1,0)))} | AG54: =IF(ISNUMBER(MATCH(AB54,$AV$3:$AV$18,0)),TRUE,"") | AH54: =IF(AND(AC54=10,AG54=TRUE),AB54,"") | AI54: =IF(AH54="","",MAX($AF$1:$AF54)) | AJ54: =IF(AND(AC54=7,AG54=TRUE),AB54,"") | AK54: =IF(AJ54="","",MAX($AF$1:$AF54)) | AL54: =IF(AND(AC54=5,AG54=TRUE),AB54,"") | AM54: =IF(AL54="","",MAX($AF$1:$AF54))
A55: Hindi | C55: 5 | AB55: {=_xlfn._xlws.FILTER(A55:Z55,A55:Z55<>"","")} -> Hindi | AC55: 5 | AF55: {=IF(AD55="","",SUMPRODUCT(IF(LEFT($AD$1:AD55,2)="JS",1,0)))} | AG55: =IF(ISNUMBER(MATCH(AB55,$AV$3:$AV$18,0)),TRUE,"") | AH55: =IF(AND(AC55=10,AG55=TRUE),AB55,"") | AI55: =IF(AH55="","",MAX($AF$1:$AF55)) | AJ55: =IF(AND(AC55=7,AG55=TRUE),AB55,"") | AK55: =IF(AJ55="","",MAX($AF$1:$AF55)) | AL55: =IF(AND(AC55=5,AG55=TRUE),AB55,"") | AM55: =IF(AL55="","",MAX($AF$1:$AF55))
A56: Japanese | C56: 5 | AB56: {=_xlfn._xlws.FILTER(A56:Z56,A56:Z56<>"","")} -> Japanese | AC56: 5 | AF56: {=IF(AD56="","",SUMPRODUCT(IF(LEFT($AD$1:AD56,2)="JS",1,0)))} | AG56: =IF(ISNUMBER(MATCH(AB56,$AV$3:$AV$18,0)),TRUE,"") | AH56: =IF(AND(AC56=10,AG56=TRUE),AB56,"") | AI56: =IF(AH56="","",MAX($AF$1:$AF56)) | AJ56: =IF(AND(AC56=7,AG56=TRUE),AB56,"") | AK56: =IF(AJ56="","",MAX($AF$1:$AF56)) | AL56: =IF(AND(AC56=5,AG56=TRUE),AB56,"") | AM56: =IF(AL56="","",MAX($AF$1:$AF56))
A57: Spanish | C57: 5 | AB57: {=_xlfn._xlws.FILTER(A57:Z57,A57:Z57<>"","")} -> Spanish | AC57: 5 | AF57: {=IF(AD57="","",SUMPRODUCT(IF(LEFT($AD$1:AD57,2)="JS",1,0)))} | AG57: =IF(ISNUMBER(MATCH(AB57,$AV$3:$AV$18,0)),TRUE,"") | AH57: =IF(AND(AC57=10,AG57=TRUE),AB57,"") | AI57: =IF(AH57="","",MAX($AF$1:$AF57)) | AJ57: =IF(AND(AC57=7,AG57=TRUE),AB57,"") | AK57: =IF(AJ57="","",MAX($AF$1:$AF57)) | AL57: =IF(AND(AC57=5,AG57=TRUE),AB57,"") | AM57: =IF(AL57="","",MAX($AF$1:$AF57))
A58: Urdu | C58: 5 | AB58: {=_xlfn._xlws.FILTER(A58:Z58,A58:Z58<>"","")} -> Urdu | AC58: 5 | AF58: {=IF(AD58="","",SUMPRODUCT(IF(LEFT($AD$1:AD58,2)="JS",1,0)))} | AG58: =IF(ISNUMBER(MATCH(AB58,$AV$3:$AV$18,0)),TRUE,"") | AH58: =IF(AND(AC58=10,AG58=TRUE),AB58,"") | AI58: =IF(AH58="","",MAX($AF$1:$AF58)) | AJ58: =IF(AND(AC58=7,AG58=TRUE),AB58,"") | AK58: =IF(AJ58="","",MAX($AF$1:$AF58)) | AL58: =IF(AND(AC58=5,AG58=TRUE),AB58,"") | AM58: =IF(AL58="","",MAX($AF$1:$AF58))
A59: * Subject Weighting may be adjusted in the next admissions exercise | AB59: {=_xlfn._xlws.FILTER(A59:Z59,A59:Z59<>"","")} -> * Subject Weighting may be adjusted in the next admissions exercise | AF59: {=IF(AD59="","",SUMPRODUCT(IF(LEFT($AD$1:AD59,2)="JS",1,0)))} | AG59: =IF(ISNUMBER(MATCH(AB59,$AV$3:$AV$18,0)),TRUE,"") | AH59: =IF(AND(AC59=10,AG59=TRUE),AB59,"") | AI59: =IF(AH59="","",MAX($AF$1:$AF59)) | AJ59: =IF(AND(AC59=7,AG59=TRUE),AB59,"") | AK59: =IF(AJ59="","",MAX($AF$1:$AF59)) | AL59: =IF(AND(AC59=5,AG59=TRUE),AB59,"") | AM59: =IF(AL59="","",MAX($AF$1:$AF59))
A60: JUPAS Code: JS3020 | AB60: {=_xlfn._xlws.FILTER(A60:Z60,A60:Z60<>"","")} -> JUPAS Code: JS3020 | AD60: JS3020 | AF60: {=IF(AD60="","",SUMPRODUCT(IF(LEFT($AD$1:AD60,2)="JS",1,0)))} -> 2 | AG60: =IF(ISNUMBER(MATCH(AB60,$AV$3:$AV$18,0)),TRUE,"") | AH60: =IF(AND(AC60=10,AG60=TRUE),AB60,"") | AI60: =IF(AH60="","",MAX($AF$1:$AF60)) | AJ60: =IF(AND(AC60=7,AG60=TRUE),AB60,"") | AK60: =IF(AJ60="","",MAX($AF$1:$AF60)) | AL60: =IF(AND(AC60=5,AG60=TRUE),AB60,"") | AM60: =IF(AL60="","",MAX($AF$1:$AF60))
A61: Programme Title: BSc (Hons) Scheme in Data Science | AB61: {=_xlfn._xlws.FILTER(A61:Z61,A61:Z61<>"","")} -> Programme Title: BSc (Hons) Scheme in Data Science | AE61: BSc (Hons) Scheme in Data Science | AF61: {=IF(AD61="","",SUMPRODUCT(IF(LEFT($AD$1:AD61,2)="JS",1,0)))} | AG61: =IF(ISNUMBER(MATCH(AB61,$AV$3:$AV$18,0)),TRUE,"") | AH61: =IF(AND(AC61=10,AG61=TRUE),AB61,"") | AI61: =IF(AH61="","",MAX($AF$1:$AF61)) | AJ61: =IF(AND(AC61=7,AG61=TRUE),AB61,"") | AK61: =IF(AJ61="","",MAX($AF$1:$AF61)) | AL61: =IF(AND(AC61=5,AG61=TRUE),AB61,"") | AM61: =IF(AL61="","",MAX($AF$1:$AF61))
A62: Category A: Core and Elective Subjects | AB62: {=_xlfn._xlws.FILTER(A62:Z62,A62:Z62<>"","")} -> Category A: Core and Elective Subjects | AF62: {=IF(AD62="","",SUMPRODUCT(IF(LEFT($AD$1:AD62,2)="JS",1,0)))} | AG62: =IF(ISNUMBER(MATCH(AB62,$AV$3:$AV$18,0)),TRUE,"") | AH62: =IF(AND(AC62=10,AG62=TRUE),AB62,"") | AI62: =IF(AH62="","",MAX($AF$1:$AF62)) | AJ62: =IF(AND(AC62=7,AG62=TRUE),AB62,"") | AK62: =IF(AJ62="","",MAX($AF$1:$AF62)) | AL62: =IF(AND(AC62=5,AG62=TRUE),AB62,"") | AM62: =IF(AL62="","",MAX($AF$1:$AF62))
A63: Subject Name | C63: Subject Weighting for 2023/24 Admission Exercise * | AB63: {=_xlfn._xlws.FILTER(A63:Z63,A63:Z63<>"","")} -> Subject Name | AC63: Subject Weighting for 2023/24 Admission Exercise * | AF63: {=IF(AD63="","",SUMPRODUCT(IF(LEFT($AD$1:AD63,2)="JS",1,0)))} | AG63: =IF(ISNUMBER(MATCH(AB63,$AV$3:$AV$18,0)),TRUE,"") | AH63: =IF(AND(AC63=10,AG63=TRUE),AB63,"") | AI63: =IF(AH63="","",MAX($AF$1:$AF63)) | AJ63: =IF(AND(AC63=7,AG63=TRUE),AB63,"") | AK63: =IF(AJ63="","",MAX($AF$1:$AF63)) | AL63: =IF(AND(AC63=5,AG63=TRUE),AB63,"") | AM63: =IF(AL63="","",MAX($AF$1:$AF63))
A64: BIO | C64: 7 | AB64: {=_xlfn._xlws.FILTER(A64:Z64,A64:Z64<>"","")} -> BIO | AC64: 7 | AF64: {=IF(AD64="","",SUMPRODUCT(IF(LEFT($AD$1:AD64,2)="JS",1,0)))} | AG64: =IF(ISNUMBER(MATCH(AB64,$AV$3:$AV$18,0)),TRUE,"") -> TRUE | AH64: =IF(AND(AC64=10,AG64=TRUE),AB64,"") | AI64: =IF(AH64="","",MAX($AF$1:$AF64)) | AJ64: =IF(AND(AC64=7,AG64=TRUE),AB64,"") -> BIO | AK64: =IF(AJ64="","",MAX($AF$1:$AF64)) -> 2 | AL64: =IF(AND(AC64=5,AG64=TRUE),AB64,"") | AM64: =IF(AL64="","",MAX($AF$1:$AF64))
A65: BAFS | C65: 7 | AB65: {=_xlfn._xlws.FILTER(A65:Z65,A65:Z65<>"","")} -> BAFS | AC65: 7 | AF65: {=IF(AD65="","",SUMPRODUCT(IF(LEFT($AD$1:AD65,2)="JS",1,0)))} | AG65: =IF(ISNUMBER(MATCH(AB65,$AV$3:$AV$18,0)),TRUE,"") -> TRUE | AH65: =IF(AND(AC65=10,AG65=TRUE),AB65,"") | AI65: =IF(AH65="","",MAX($AF$1:$AF65)) | AJ65: =IF(AND(AC65=7,AG65=TRUE),AB65,"") -> BAFS | AK65: =IF(AJ65="","",MAX($AF$1:$AF65)) -> 2 | AL65: =IF(AND(AC65=5,AG65=TRUE),AB65,"") | AM65: =IF(AL65="","",MAX($AF$1:$AF65))
A66: Business, Accounting and Financial Studies (Accounting) | C66: 7 | AB66: {=_xlfn._xlws.FILTER(A66:Z66,A66:Z66<>"","")} -> Business, Accounting and Financial Studies (Accounting) | AC66: 7 | AF66: {=IF(AD66="","",SUMPRODUCT(IF(LEFT($AD$1:AD66,2)="JS",1,0)))} | AG66: =IF(ISNUMBER(MATCH(AB66,$AV$3:$AV$18,0)),TRUE,"") | AH66: =IF(AND(AC66=10,AG66=TRUE),AB66,"") | AI66: =IF(AH66="","",MAX($AF$1:$AF66)) | AJ66: =IF(AND(AC66=7,AG66=TRUE),AB66,"") | AK66: =IF(AJ66="","",MAX($AF$1:$AF66)) | AL66: =IF(AND(AC66=5,AG66=TRUE),AB66,"") | AM66: =IF(AL66="","",MAX($AF$1:$AF66))
A67: Business, Accounting and Financial Studies (Business Management) | C67: 7 | AB67: {=_xlfn._xlws.FILTER(A67:Z67,A67:Z67<>"","")} -> Business, Accounting and Financial Studies (Business Management) | AC67: 7 | AF67: {=IF(AD67="","",SUMPRODUCT(IF(LEFT($AD$1:AD67,2)="JS",1,0)))} | AG67: =IF(ISNUMBER(MATCH(AB67,$AV$3:$AV$18,0)),TRUE,"") | AH67: =IF(AND(AC67=10,AG67=TRUE),AB67,"") | AI67: =IF(AH67="","",MAX($AF$1:$AF67)) | AJ67: =IF(AND(AC67=7,AG67=TRUE),AB67,"") | AK67: =IF(AJ67="","",MAX($AF$1:$AF67)) | AL67: =IF(AND(AC67=5,AG67=TRUE),AB67,"") | AM67: =IF(AL67="","",MAX($AF$1:$AF67))
A68: CHEM | C68: 7 | AB68: {=_xlfn._xlws.FILTER(A68:Z68,A68:Z68<>"","")} -> CHEM | AC68: 7 | AF68: {=IF(AD68="","",SUMPRODUCT(IF(LEFT($AD$1:AD68,2)="JS",1,0)))} | AG68: =IF(ISNUMBER(MATCH(AB68,$AV$3:$AV$18,0)),TRUE,"") -> TRUE | AH68: =IF(AND(AC68=10,AG68=TRUE),AB68,"") | AI68: =IF(AH68="","",MAX($AF$1:$AF68)) | AJ68: =IF(AND(AC68=7,AG68=TRUE),AB68,"") -> CHEM | AK68: =IF(AJ68="","",MAX($AF$1:$AF68)) -> 2 | AL68: =IF(AND(AC68=5,AG68=TRUE),AB68,"") | AM68: =IF(AL68="","",MAX($AF$1:$AF68))
A69: 中史 | C69: 5 | AB69: {=_xlfn._xlws.FILTER(A69:Z69,A69:Z69<>"","")} -> 中史 | AC69: 5 | AF69: {=IF(AD69="","",SUMPRODUCT(IF(LEFT($AD$1:AD69,2)="JS",1,0)))} | AG69: =IF(ISNUMBER(MATCH(AB69,$AV$3:$AV$18,0)),TRUE,"") -> TRUE | AH69: =IF(AND(AC69=10,AG69=TRUE),AB69,"") | AI69: =IF(AH69="","",MAX($AF$1:$AF69)) | AJ69: =IF(AND(AC69=7,AG69=TRUE),AB69,"") | AK69: =IF(AJ69="","",MAX($AF$1:$AF69)) | AL69: =IF(AND(AC69=5,AG69=TRUE),AB69,"") -> 中史 | AM69: =IF(AL69="","",MAX($AF$1:$AF69)) -> 2
A70: 中文 | C70: 7 | AB70: {=_xlfn._xlws.FILTER(A70:Z70,A70:Z70<>"","")} -> 中文 | AC70: 7 | AF70: {=IF(AD70="","",SUMPRODUCT(IF(LEFT($AD$1:AD70,2)="JS",1,0)))} | AG70: =IF(ISNUMBER(MATCH(AB70,$AV$3:$AV$18,0)),TRUE,"") -> TRUE | AH70: =IF(AND(AC70=10,AG70=TRUE),AB70,"") | AI70: =IF(AH70="","",MAX($AF$1:$AF70)) | AJ70: =IF(AND(AC70=7,AG70=TRUE),AB70,"") -> 中文 | AK70: =IF(AJ70="","",MAX($AF$1:$AF70)) -> 2 | AL70: =IF(AND(AC70=5,AG70=TRUE),AB70,"") | AM70: =IF(AL70="","",MAX($AF$1:$AF70))
A71: Chinese Literature | C71: 5 | AB71: {=_xlfn._xlws.FILTER(A71:Z71,A71:Z71<>"","")} -> Chinese Literature | AC71: 5 | AF71: {=IF(AD71="","",SUMPRODUCT(IF(LEFT($AD$1:AD71,2)="JS",1,0)))} | AG71: =IF(ISNUMBER(MATCH(AB71,$AV$3:$AV$18,0)),TRUE,"") | AH71: =IF(AND(AC71=10,AG71=TRUE),AB71,"") | AI71: =IF(AH71="","",MAX($AF$1:$AF71)) | AJ71: =IF(AND(AC71=7,AG71=TRUE),AB71,"") | AK71: =IF(AJ71="","",MAX($AF$1:$AF71)) | AL71: =IF(AND(AC71=5,AG71=TRUE),AB71,"") | AM71: =IF(AL71="","",MAX($AF$1:$AF71))
A72: Combined Science: Biology + Chemistry | C72: 7 | AB72: {=_xlfn._xlws.FILTER(A72:Z72,A72:Z72<>"","")} -> Combined Science: Biology + Chemistry | AC72: 7 | AF72: {=IF(AD72="","",SUMPRODUCT(IF(LEFT($AD$1:AD72,2)="JS",1,0)))} | AG72: =IF(ISNUMBER(MATCH(AB72,$AV$3:$AV$18,0)),TRUE,"") | AH72: =IF(AND(AC72=10,AG72=TRUE),AB72,"") | AI72: =IF(AH72="","",MAX($AF$1:$AF72)) | AJ72: =IF(AND(AC72=7,AG72=TRUE),AB72,"") | AK72: =IF(AJ72="","",MAX($AF$1:$AF72)) | AL72: =IF(AND(AC72=5,AG72=TRUE),AB72,"") | AM72: =IF(AL72="","",MAX($AF$1:$AF72))
A73: Combined Science: Biology + Physics | C73: 7 | AB73: {=_xlfn._xlws.FILTER(A73:Z73,A73:Z73<>"","")} -> Combined Science: Biology + Physics | AC73: 7 | AF73: {=IF(AD73="","",SUMPRODUCT(IF(LEFT($AD$1:AD73,2)="JS",1,0)))} | AG73: =IF(ISNUMBER(MATCH(AB73,$AV$3:$AV$18,0)),TRUE,"") | AH73: =IF(AND(AC73=10,AG73=TRUE),AB73,"") | AI73: =IF(AH73="","",MAX($AF$1:$AF73)) | AJ73: =IF(AND(AC73=7,AG73=TRUE),AB73,"") | AK73: =IF(AJ73="","",MAX($AF$1:$AF73)) | AL73: =IF(AND(AC73=5,AG73=TRUE),AB73,"") | AM73: =IF(AL73="","",MAX($AF$1:$AF73))
A74: Combined Science: Physics + Chemistry | C74: 7 | AB74: {=_xlfn._xlws.FILTER(A74:Z74,A74:Z74<>"","")} -> Combined Science: Physics + Chemistry | AC74: 7 | AF74: {=IF(AD74="","",SUMPRODUCT(IF(LEFT($AD$1:AD74,2)="JS",1,0)))} | AG74: =IF(ISNUMBER(MATCH(AB74,$AV$3:$AV$18,0)),TRUE,"") | AH74: =IF(AND(AC74=10,AG74=TRUE),AB74,"") | AI74: =IF(AH74="","",MAX($AF$1:$AF74)) | AJ74: =IF(AND(AC74=7,AG74=TRUE),AB74,"") | AK74: =IF(AJ74="","",MAX($AF$1:$AF74)) | AL74: =IF(AND(AC74=5,AG74=TRUE),AB74,"") | AM74: =IF(AL74="","",MAX($AF$1:$AF74))
A75: Design and Applied Technology | C75: 5 | AB75: {=_xlfn._xlws.FILTER(A75:Z75,A75:Z75<>"","")} -> Design and Applied Technology | AC75: 5 | AF75: {=IF(AD75="","",SUMPRODUCT(IF(LEFT($AD$1:AD75,2)="JS",1,0)))} | AG75: =IF(ISNUMBER(MATCH(AB75,$AV$3:$AV$18,0)),TRUE,"") | AH75: =IF(AND(AC75=10,AG75=TRUE),AB75,"") | AI75: =IF(AH75="","",MAX($AF$1:$AF75)) | AJ75: =IF(AND(AC75=7,AG75=TRUE),AB75,"") | AK75: =IF(AJ75="","",MAX($AF$1:$AF75)) | AL75: =IF(AND(AC75=5,AG75=TRUE),AB75,"") | AM75: =IF(AL75="","",MAX($AF$1:$AF75))
... A95: VA | C95: 5 | AB95: {=_xlfn._xlws.FILTER(A95:Z95,A95:Z95<>"","")} -> VA | AC95: 5 | AF95: {=IF(AD95="","",SUMPRODUCT(IF(LEFT($AD$1:AD95,2)="JS",1,0)))} | AG95: =IF(ISNUMBER(MATCH(AB95,$AV$3:$AV$18,0)),TRUE,"") -> TRUE | AH95: =IF(AND(AC95=10,AG95=TRUE),AB95,"") | AI95: =IF(AH95="","",MAX($AF$1:$AF95)) | AJ95: =IF(AND(AC95=7,AG95=TRUE),AB95,"") | AK95: =IF(AJ95="","",MAX($AF$1:$AF95)) | AL95: =IF(AND(AC95=5,AG95=TRUE),AB95,"") -> VA | AM95: =IF(AL95="","",MAX($AF$1:$AF95)) -> 2
A96: Category C: Other Language Subjects | AB96: {=_xlfn._xlws.FILTER(A96:Z96,A96:Z96<>"","")} -> Category C: Other Language Subjects | AF96: {=IF(AD96="","",SUMPRODUCT(IF(LEFT($AD$1:AD96,2)="JS",1,0)))} | AG96: =IF(ISNUMBER(MATCH(AB96,$AV$3:$AV$18,0)),TRUE,"") | AH96: =IF(AND(AC96=10,AG96=TRUE),AB96,"") | AI96: =IF(AH96="","",MAX($AF$1:$AF96)) | AJ96: =IF(AND(AC96=7,AG96=TRUE),AB96,"") | AK96: =IF(AJ96="","",MAX($AF$1:$AF96)) | AL96: =IF(AND(AC96=5,AG96=TRUE),AB96,"") | AM96: =IF(AL96="","",MAX($AF$1:$AF96))
A97: Subject Name | C97: Subject Weighting for 2023/24 Admission Exercise * | AB97: {=_xlfn._xlws.FILTER(A97:Z97,A97:Z97<>"","")} -> Subject Name | AC97: Subject Weighting for 2023/24 Admission Exercise * | AF97: {=IF(AD97="","",SUMPRODUCT(IF(LEFT($AD$1:AD97,2)="JS",1,0)))} | AG97: =IF(ISNUMBER(MATCH(AB97,$AV$3:$AV$18,0)),TRUE,"") | AH97: =IF(AND(AC97=10,AG97=TRUE),AB97,"") | AI97: =IF(AH97="","",MAX($AF$1:$AF97)) | AJ97: =IF(AND(AC97=7,AG97=TRUE),AB97,"") | AK97: =IF(AJ97="","",MAX($AF$1:$AF97)) | AL97: =IF(AND(AC97=5,AG97=TRUE),AB97,"") | AM97: =IF(AL97="","",MAX($AF$1:$AF97))
A98: French | C98: 5 | AB98: {=_xlfn._xlws.FILTER(A98:Z98,A98:Z98<>"","")} -> French | AC98: 5 | AF98: {=IF(AD98="","",SUMPRODUCT(IF(LEFT($AD$1:AD98,2)="JS",1,0)))} | AG98: =IF(ISNUMBER(MATCH(AB98,$AV$3:$AV$18,0)),TRUE,"") | AH98: =IF(AND(AC98=10,AG98=TRUE),AB98,"") | AI98: =IF(AH98="","",MAX($AF$1:$AF98)) | AJ98: =IF(AND(AC98=7,AG98=TRUE),AB98,"") | AK98: =IF(AJ98="","",MAX($AF$1:$AF98)) | AL98: =IF(AND(AC98=5,AG98=TRUE),AB98,"") | AM98: =IF(AL98="","",MAX($AF$1:$AF98))
A99: German | C99: 5 | AB99: {=_xlfn._xlws.FILTER(A99:Z99,A99:Z99<>"","")} -> German | AC99: 5 | AF99: {=IF(AD99="","",SUMPRODUCT(IF(LEFT($AD$1:AD99,2)="JS",1,0)))} | AG99: =IF(ISNUMBER(MATCH(AB99,$AV$3:$AV$18,0)),TRUE,"") | AH99: =IF(AND(AC99=10,AG99=TRUE),AB99,"") | AI99: =IF(AH99="","",MAX($AF$1:$AF99)) | AJ99: =IF(AND(AC99=7,AG99=TRUE),AB99,"") | AK99: =IF(AJ99="","",MAX($AF$1:$AF99)) | AL99: =IF(AND(AC99=5,AG99=TRUE),AB99,"") | AM99: =IF(AL99="","",MAX($AF$1:$AF99))
A100: Hindi | C100: 5 | AB100: {=_xlfn._xlws.FILTER(A100:Z100,A100:Z100<>"","")} -> Hindi | AC100: 5 | AF100: {=IF(AD100="","",SUMPRODUCT(IF(LEFT($AD$1:AD100,2)="JS",1,0)))} | AG100: =IF(ISNUMBER(MATCH(AB100,$AV$3:$AV$18,0)),TRUE,"") | AH100: =IF(AND(AC100=10,AG100=TRUE),AB100,"") | AI100: =IF(AH100="","",MAX($AF$1:$AF100)) | AJ100: =IF(AND(AC100=7,AG100=TRUE),AB100,"") | AK100: =IF(AJ100="","",MAX($AF$1:$AF100)) | AL100: =IF(AND(AC100=5,AG100=TRUE),AB100,"") | AM100: =IF(AL100="","",MAX($AF$1:$AF100))
A101: Japanese | C101: 5 | AB101: {=_xlfn._xlws.FILTER(A101:Z101,A101:Z101<>"","")} -> Japanese | AC101: 5 | AF101: {=IF(AD101="","",SUMPRODUCT(IF(LEFT($AD$1:AD101,2)="JS",1,0)))} | AG101: =IF(ISNUMBER(MATCH(AB101,$AV$3:$AV$18,0)),TRUE,"") | AH101: =IF(AND(AC101=10,AG101=TRUE),AB101,"") | AI101: =IF(AH101="","",MAX($AF$1:$AF101)) | AJ101: =IF(AND(AC101=7,AG101=TRUE),AB101,"") | AK101: =IF(AJ101="","",MAX($AF$1:$AF101)) | AL101: =IF(AND(AC101=5,AG101=TRUE),AB101,"") | AM101: =IF(AL101="","",MAX($AF$1:$AF101))
A102: Spanish | C102: 5 | AB102: {=_xlfn._xlws.FILTER(A102:Z102,A102:Z102<>"","")} -> Spanish | AC102: 5 | AF102: {=IF(AD102="","",SUMPRODUCT(IF(LEFT($AD$1:AD102,2)="JS",1,0)))} | AG102: =IF(ISNUMBER(MATCH(AB102,$AV$3:$AV$18,0)),TRUE,"") | AH102: =IF(AND(AC102=10,AG102=TRUE),AB102,"") | AI102: =IF(AH102="","",MAX($AF$1:$AF102)) | AJ102: =IF(AND(AC102=7,AG102=TRUE),AB102,"") | AK102: =IF(AJ102="","",MAX($AF$1:$AF102)) | AL102: =IF(AND(AC102=5,AG102=TRUE),AB102,"") | AM102: =IF(AL102="","",MAX($AF$1:$AF102))
A103: Urdu | C103: 5 | AB103: {=_xlfn._xlws.FILTER(A103:Z103,A103:Z103<>"","")} -> Urdu | AC103: 5 | AF103: {=IF(AD103="","",SUMPRODUCT(IF(LEFT($AD$1:AD103,2)="JS",1,0)))} | AG103: =IF(ISNUMBER(MATCH(AB103,$AV$3:$AV$18,0)),TRUE,"") | AH103: =IF(AND(AC103=10,AG103=TRUE),AB103,"") | AI103: =IF(AH103="","",MAX($AF$1:$AF103)) | AJ103: =IF(AND(AC103=7,AG103=TRUE),AB103,"") | AK103: =IF(AJ103="","",MAX($AF$1:$AF103)) | AL103: =IF(AND(AC103=5,AG103=TRUE),AB103,"") | AM103: =IF(AL103="","",MAX($AF$1:$AF103))
A104: * Subject Weighting may be adjusted in the next admissions exercise | AB104: {=_xlfn._xlws.FILTER(A104:Z104,A104:Z104<>"","")} -> * Subject Weighting may be adjusted in the next admissions exercise | AF104: {=IF(AD104="","",SUMPRODUCT(IF(LEFT($AD$1:AD104,2)="JS",1,0)))} | AG104: =IF(ISNUMBER(MATCH(AB104,$AV$3:$AV$18,0)),TRUE,"") | AH104: =IF(AND(AC104=10,AG104=TRUE),AB104,"") | AI104: =IF(AH104="","",MAX($AF$1:$AF104)) | AJ104: =IF(AND(AC104=7,AG104=TRUE),AB104,"") | AK104: =IF(AJ104="","",MAX($AF$1:$AF104)) | AL104: =IF(AND(AC104=5,AG104=TRUE),AB104,"") | AM104: =IF(AL104="","",MAX($AF$1:$AF104))
A105: JUPAS Code: JS3050 | AB105: {=_xlfn._xlws.FILTER(A105:Z105,A105:Z105<>"","")} -> JUPAS Code: JS3050 | AD105: JS3050 | AF105: {=IF(AD105="","",SUMPRODUCT(IF(LEFT($AD$1:AD105,2)="JS",1,0)))} -> 3 | AG105: =IF(ISNUMBER(MATCH(AB105,$AV$3:$AV$18,0)),TRUE,"") | AH105: =IF(AND(AC105=10,AG105=TRUE),AB105,"") | AI105: =IF(AH105="","",MAX($AF$1:$AF105)) | AJ105: =IF(AND(AC105=7,AG105=TRUE),AB105,"") | AK105: =IF(AJ105="","",MAX($AF$1:$AF105)) | AL105: =IF(AND(AC105=5,AG105=TRUE),AB105,"") | AM105: =IF(AL105="","",MAX($AF$1:$AF105))
A106: Programme Title: BA (Hons) Scheme in Fashion | AB106: {=_xlfn._xlws.FILTER(A106:Z106,A106:Z106<>"","")} -> Programme Title: BA (Hons) Scheme in Fashion | AE106: BA (Hons) Scheme in Fashion | AF106: {=IF(AD106="","",SUMPRODUCT(IF(LEFT($AD$1:AD106,2)="JS",1,0)))} | AG106: =IF(ISNUMBER(MATCH(AB106,$AV$3:$AV$18,0)),TRUE,"") | AH106: =IF(AND(AC106=10,AG106=TRUE),AB106,"") | AI106: =IF(AH106="","",MAX($AF$1:$AF106)) | AJ106: =IF(AND(AC106=7,AG106=TRUE),AB106,"") | AK106: =IF(AJ106="","",MAX($AF$1:$AF106)) | AL106: =IF(AND(AC106=5,AG106=TRUE),AB106,"") | AM106: =IF(AL106="","",MAX($AF$1:$AF106))
AB107: {=_xlfn._xlws.FILTER(A107:Z107,A107:Z107<>"","")} | AF107: {=IF(AD107="","",SUMPRODUCT(IF(LEFT($AD$1:AD107,2)="JS",1,0)))} | AG107: =IF(ISNUMBER(MATCH(AB107,$AV$3:$AV$18,0)),TRUE,"") | AH107: =IF(AND(AC107=10,AG107=TRUE),AB107,"") | AI107: =IF(AH107="","",MAX($AF$1:$AF107)) | AJ107: =IF(AND(AC107=7,AG107=TRUE),AB107,"") | AK107: =IF(AJ107="","",MAX($AF$1:$AF107)) | AL107: =IF(AND(AC107=5,AG107=TRUE),AB107,"") | AM107: =IF(AL107="","",MAX($AF$1:$AF107))
A108: Category A: Core and Elective Subjects | AB108: {=_xlfn._xlws.FILTER(A108:Z108,A108:Z108<>"","")} -> Category A: Core and Elective Subjects | AF108: {=IF(AD108="","",SUMPRODUCT(IF(LEFT($AD$1:AD108,2)="JS",1,0)))} | AG108: =IF(ISNUMBER(MATCH(AB108,$AV$3:$AV$18,0)),TRUE,"") | AH108: =IF(AND(AC108=10,AG108=TRUE),AB108,"") | AI108: =IF(AH108="","",MAX($AF$1:$AF108)) | AJ108: =IF(AND(AC108=7,AG108=TRUE),AB108,"") | AK108: =IF(AJ108="","",MAX($AF$1:$AF108)) | AL108: =IF(AND(AC108=5,AG108=TRUE),AB108,"") | AM108: =IF(AL108="","",MAX($AF$1:$AF108))
A109: Subject Name | C109: Subject Weighting for 2023/24 Admission Exercise * | AB109: {=_xlfn._xlws.FILTER(A109:Z109,A109:Z109<>"","")} -> Subject Name | AC109: Subject Weighting for 2023/24 Admission Exercise * | AF109: {=IF(AD109="","",SUMPRODUCT(IF(LEFT($AD$1:AD109,2)="JS",1,0)))} | AG109: =IF(ISNUMBER(MATCH(AB109,$AV$3:$AV$18,0)),TRUE,"") | AH109: =IF(AND(AC109=10,AG109=TRUE),AB109,"") | AI109: =IF(AH109="","",MAX($AF$1:$AF109)) | AJ109: =IF(AND(AC109=7,AG109=TRUE),AB109,"") | AK109: =IF(AJ109="","",MAX($AF$1:$AF109)) | AL109: =IF(AND(AC109=5,AG109=TRUE),AB109,"") | AM109: =IF(AL109="","",MAX($AF$1:$AF109))
A110: BIO | C110: 5 | AB110: {=_xlfn._xlws.FILTER(A110:Z110,A110:Z110<>"","")} -> BIO | AC110: 5 | AF110: {=IF(AD110="","",SUMPRODUCT(IF(LEFT($AD$1:AD110,2)="JS",1,0)))} | AG110: =IF(ISNUMBER(MATCH(AB110,$AV$3:$AV$18,0)),TRUE,"") -> TRUE | AH110: =IF(AND(AC110=10,AG110=TRUE),AB110,"") | AI110: =IF(AH110="","",MAX($AF$1:$AF110)) | AJ110: =IF(AND(AC110=7,AG110=TRUE),AB110,"") | AK110: =IF(AJ110="","",MAX($AF$1:$AF110)) | AL110: =IF(AND(AC110=5,AG110=TRUE),AB110,"") -> BIO | AM110: =IF(AL110="","",MAX($AF$1:$AF110)) -> 3
A111: BAFS | C111: 5 | AB111: {=_xlfn._xlws.FILTER(A111:Z111,A111:Z111<>"","")} -> BAFS | AC111: 5 | AF111: {=IF(AD111="","",SUMPRODUCT(IF(LEFT($AD$1:AD111,2)="JS",1,0)))} | AG111: =IF(ISNUMBER(MATCH(AB111,$AV$3:$AV$18,0)),TRUE,"") -> TRUE | AH111: =IF(AND(AC111=10,AG111=TRUE),AB111,"") | AI111: =IF(AH111="","",MAX($AF$1:$AF111)) | AJ111: =IF(AND(AC111=7,AG111=TRUE),AB111,"") | AK111: =IF(AJ111="","",MAX($AF$1:$AF111)) | AL111: =IF(AND(AC111=5,AG111=TRUE),AB111,"") -> BAFS | AM111: =IF(AL111="","",MAX($AF$1:$AF111)) -> 3
A112: Business, Accounting and Financial Studies (Accounting) | C112: 5 | AB112: {=_xlfn._xlws.FILTER(A112:Z112,A112:Z112<>"","")} -> Business, Accounting and Financial Studies (Accounting) | AC112: 5 | AF112: {=IF(AD112="","",SUMPRODUCT(IF(LEFT($AD$1:AD112,2)="JS",1,0)))} | AG112: =IF(ISNUMBER(MATCH(AB112,$AV$3:$AV$18,0)),TRUE,"") | AH112: =IF(AND(AC112=10,AG112=TRUE),AB112,"") | AI112: =IF(AH112="","",MAX($AF$1:$AF112)) | AJ112: =IF(AND(AC112=7,AG112=TRUE),AB112,"") | AK112: =IF(AJ112="","",MAX($AF$1:$AF112)) | AL112: =IF(AND(AC112=5,AG112=TRUE),AB112,"") | AM112: =IF(AL112="","",MAX($AF$1:$AF112))
A113: Business, Accounting and Financial Studies (Business Management) | C113: 5 | AB113: {=_xlfn._xlws.FILTER(A113:Z113,A113:Z113<>"","")} -> Business, Accounting and Financial Studies (Business Management) | AC113: 5 | AF113: {=IF(AD113="","",SUMPRODUCT(IF(LEFT($AD$1:AD113,2)="JS",1,0)))} | AG113: =IF(ISNUMBER(MATCH(AB113,$AV$3:$AV$18,0)),TRUE,"") | AH113: =IF(AND(AC113=10,AG113=TRUE),AB113,"") | AI113: =IF(AH113="","",MAX($AF$1:$AF113)) | AJ113: =IF(AND(AC113=7,AG113=TRUE),AB113,"") | AK113: =IF(AJ113="","",MAX($AF$1:$AF113)) | AL113: =IF(AND(AC113=5,AG113=TRUE),AB113,"") | AM113: =IF(AL113="","",MAX($AF$1:$AF113))
A114: CHEM | C114: 5 | AB114: {=_xlfn._xlws.FILTER(A114:Z114,A114:Z114<>"","")} -> CHEM | AC114: 5 | AF114: {=IF(AD114="","",SUMPRODUCT(IF(LEFT($AD$1:AD114,2)="JS",1,0)))} | AG114: =IF(ISNUMBER(MATCH(AB114,$AV$3:$AV$18,0)),TRUE,"") -> TRUE | AH114: =IF(AND(AC114=10,AG114=TRUE),AB114,"") | AI114: =IF(AH114="","",MAX($AF$1:$AF114)) | AJ114: =IF(AND(AC114=7,AG114=TRUE),AB114,"") | AK114: =IF(AJ114="","",MAX($AF$1:$AF114)) | AL114: =IF(AND(AC114=5,AG114=TRUE),AB114,"") -> CHEM | AM114: =IF(AL114="","",MAX($AF$1:$AF114)) -> 3
A115: 中史 | C115: 5 | AB115: {=_xlfn._xlws.FILTER(A115:Z115,A115:Z115<>"","")} -> 中史 | AC115: 5 | AF115: {=IF(AD115="","",SUMPRODUCT(IF(LEFT($AD$1:AD115,2)="JS",1,0)))} | AG115: =IF(ISNUMBER(MATCH(AB115,$AV$3:$AV$18,0)),TRUE,"") -> TRUE | AH115: =IF(AND(AC115=10,AG115=TRUE),AB115,"") | AI115: =IF(AH115="","",MAX($AF$1:$AF115)) | AJ115: =IF(AND(AC115=7,AG115=TRUE),AB115,"") | AK115: =IF(AJ115="","",MAX($AF$1:$AF115)) | AL115: =IF(AND(AC115=5,AG115=TRUE),AB115,"") -> 中史 | AM115: =IF(AL115="","",MAX($AF$1:$AF115)) -> 3
A116: 中文 | C116: 7 | AB116: {=_xlfn._xlws.FILTER(A116:Z116,A116:Z116<>"","")} -> 中文 | AC116: 7 | AF116: {=IF(AD116="","",SUMPRODUCT(IF(LEFT($AD$1:AD116,2)="JS",1,0)))} | AG116: =IF(ISNUMBER(MATCH(AB116,$AV$3:$AV$18,0)),TRUE,"") -> TRUE | AH116: =IF(AND(AC116=10,AG116=TRUE),AB116,"") | AI116: =IF(AH116="","",MAX($AF$1:$AF116)) | AJ116: =IF(AND(AC116=7,AG116=TRUE),AB116,"") -> 中文 | AK116: =IF(AJ116="","",MAX($AF$1:$AF116)) -> 3 | AL116: =IF(AND(AC116=5,AG116=TRUE),AB116,"") | AM116: =IF(AL116="","",MAX($AF$1:$AF116))
A117: Chinese Literature | C117: 5 | AB117: {=_xlfn._xlws.FILTER(A117:Z117,A117:Z117<>"","")} -> Chinese Literature | AC117: 5 | AF117: {=IF(AD117="","",SUMPRODUCT(IF(LEFT($AD$1:AD117,2)="JS",1,0)))} | AG117: =IF(ISNUMBER(MATCH(AB117,$AV$3:$AV$18,0)),TRUE,"") | AH117: =IF(AND(AC117=10,AG117=TRUE),AB117,"") | AI117: =IF(AH117="","",MAX($AF$1:$AF117)) | AJ117: =IF(AND(AC117=7,AG117=TRUE),AB117,"") | AK117: =IF(AJ117="","",MAX($AF$1:$AF117)) | AL117: =IF(AND(AC117=5,AG117=TRUE),AB117,"") | AM117: =IF(AL117="","",MAX($AF$1:$AF117))
A118: Combined Science: Biology + Chemistry | C118: 5 | AB118: {=_xlfn._xlws.FILTER(A118:Z118,A118:Z118<>"","")} -> Combined Science: Biology + Chemistry | AC118: 5 | AF118: {=IF(AD118="","",SUMPRODUCT(IF(LEFT($AD$1:AD118,2)="JS",1,0)))} | AG118: =IF(ISNUMBER(MATCH(AB118,$AV$3:$AV$18,0)),TRUE,"") | AH118: =IF(AND(AC118=10,AG118=TRUE),AB118,"") | AI118: =IF(AH118="","",MAX($AF$1:$AF118)) | AJ118: =IF(AND(AC118=7,AG118=TRUE),AB118,"") | AK118: =IF(AJ118="","",MAX($AF$1:$AF118)) | AL118: =IF(AND(AC118=5,AG118=TRUE),AB118,"") | AM118: =IF(AL118="","",MAX($AF$1:$AF118))
A119: Combined Science: Biology + Physics | C119: 5 | AB119: {=_xlfn._xlws.FILTER(A119:Z119,A119:Z119<>"","")} -> Combined Science: Biology + Physics | AC119: 5 | AF119: {=IF(AD119="","",SUMPRODUCT(IF(LEFT($AD$1:AD119,2)="JS",1,0)))} | AG119: =IF(ISNUMBER(MATCH(AB119,$AV$3:$AV$18,0)),TRUE,"") | AH119: =IF(AND(AC119=10,AG119=TRUE),AB119,"") | AI119: =IF(AH119="","",MAX($AF$1:$AF119)) | AJ119: =IF(AND(AC119=7,AG119=TRUE),AB119,"") | AK119: =IF(AJ119="","",MAX($AF$1:$AF119)) | AL119: =IF(AND(AC119=5,AG119=TRUE),AB119,"") | AM119: =IF(AL119="","",MAX($AF$1:$AF119))
A120: Combined Science: Physics + Chemistry | C120: 5 | AB120: {=_xlfn._xlws.FILTER(A120:Z120,A120:Z120<>"","")} -> Combined Science: Physics + Chemistry | AC120: 5 | AF120: {=IF(AD120="","",SUMPRODUCT(IF(LEFT($AD$1:AD120,2)="JS",1,0)))} | AG120: =IF(ISNUMBER(MATCH(AB120,$AV$3:$AV$18,0)),TRUE,"") | AH120: =IF(AND(AC120=10,AG120=TRUE),AB120,"") | AI120: =IF(AH120="","",MAX($AF$1:$AF120)) | AJ120: =IF(AND(AC120=7,AG120=TRUE),AB120,"") | AK120: =IF(AJ120="","",MAX($AF$1:$AF120)) | AL120: =IF(AND(AC120=5,AG120=TRUE),AB120,"") | AM120: =IF(AL120="","",MAX($AF$1:$AF120))
A121: Design and Applied Technology | C121: 5 | AB121: {=_xlfn._xlws.FILTER(A121:Z121,A121:Z121<>"","")} -> Design and Applied Technology | AC121: 5 | AF121: {=IF(AD121="","",SUMPRODUCT(IF(LEFT($AD$1:AD121,2)="JS",1,0)))} | AG121: =IF(ISNUMBER(MATCH(AB121,$AV$3:$AV$18,0)),TRUE,"") | AH121: =IF(AND(AC121=10,AG121=TRUE),AB121,"") | AI121: =IF(AH121="","",MAX($AF$1:$AF121)) | AJ121: =IF(AND(AC121=7,AG121=TRUE),AB121,"") | AK121: =IF(AJ121="","",MAX($AF$1:$AF121)) | AL121: =IF(AND(AC121=5,AG121=TRUE),AB121,"") | AM121: =IF(AL121="","",MAX($AF$1:$AF121))
...

Sheet 工作表1
A1: ='Table 1'!AO2 -> JS3010 | B1: =IF('Table 1'!AS2="","比重10:"&'Table 1'!AQ2&CHAR(10)&"比重7:其他","比重10:"&'Table 1'!AQ2&CHAR(10)&"比重7:"&'Table 1'!AR2&CHAR(10)&"比重5:"&"其他") -> 比重10:BIO, CHEM, ENG, MATH 比重7:中文, 通, M2, PHY 比重5:其他 | C1: 比重10:BIO, CHEM, ENG, MATH 比重7:中文, 通, M2, PHY 比重5:其他
A2: ='Table 1'!AO3 -> JS3020 | B2: =IF('Table 1'!AS3="","比重10:"&'Table 1'!AQ3&CHAR(10)&"比重7:其他","比重10:"&'Table 1'!AQ3&CHAR(10)&"比重7:"&'Table 1'!AR3&CHAR(10)&"比重5:"&"其他") -> 比重10:ENG, MATH 比重7:BIO, BAFS, CHEM, 中文, ECON, ICT, 通, M2, PHY 比重5:其他 | C2: 比重10:ENG, MATH 比重7:BIO, BAFS, CHEM, 中文, ECON, ICT, 通, M2, PHY 比重5:其他
A3: ='Table 1'!AO4 -> JS3050 | B3: =IF('Table 1'!AS4="","比重10:"&'Table 1'!AQ4&CHAR(10)&"比重7:其他","比重10:"&'Table 1'!AQ4&CHAR(10)&"比重7:"&'Table 1'!AR4&CHAR(10)&"比重5:"&"其他") -> 比重10:ECON, VA 比重7:中文, ENG, 通, MATH, M2 比重5:其他 | C3: 比重10:ECON, VA 比重7:中文, ENG, 通, MATH, M2 比重5:其他
A4: ='Table 1'!AO5 -> JS3060 | B4: =IF('Table 1'!AS5="","比重10:"&'Table 1'!AQ5&CHAR(10)&"比重7:其他","比重10:"&'Table 1'!AQ5&CHAR(10)&"比重7:"&'Table 1'!AR5&CHAR(10)&"比重5:"&"其他") -> 比重10:ENG, MATH 比重7:BIO, BAFS, CHEM, 中史, 中文, ECON, GEOG, HIST, 通, M2, PHY 比重5:其他 | C4: 比重10:ENG, MATH 比重7:BIO, BAFS, CHEM, 中史, 中文, ECON, GEOG, HIST, 通, M2, PHY 比重5:其他
A5: ='Table 1'!AO6 -> JS3070 | B5: =IF('Table 1'!AS6="","比重10:"&'Table 1'!AQ6&CHAR(10)&"比重7:其他","比重10:"&'Table 1'!AQ6&CHAR(10)&"比重7:"&'Table 1'!AR6&CHAR(10)&"比重5:"&"其他") -> 比重10:ENG, MATH 比重7:BIO, BAFS, CHEM, 中史, 中文, ECON, GEOG, HIST, 通, M2, PHY 比重5:其他 | C5: 比重10:ENG, MATH 比重7:BIO, BAFS, CHEM, 中史, 中文, ECON, GEOG, HIST, 通, M2, PHY 比重5:其他
A6: ='Table 1'!AO7 -> JS3080 | B6: =IF('Table 1'!AS7="","比重10:"&'Table 1'!AQ7&CHAR(10)&"比重7:其他","比重10:"&'Table 1'!AQ7&CHAR(10)&"比重7:"&'Table 1'!AR7&CHAR(10)&"比重5:"&"其他") -> 比重10:ENG, MATH 比重7:BIO, BAFS, CHEM, 中史, 中文, ECON, GEOG, HIST, 通, M2, PHY 比重5:其他 | C6: 比重10:ENG, MATH 比重7:BIO, BAFS, CHEM, 中史, 中文, ECON, GEOG, HIST, 通, M2, PHY 比重5:其他
A7: ='Table 1'!AO8 -> JS3100 | B7: =IF('Table 1'!AS8="","比重10:"&'Table 1'!AQ8&CHAR(10)&"比重7:其他","比重10:"&'Table 1'!AQ8&CHAR(10)&"比重7:"&'Table 1'!AR8&CHAR(10)&"比重5:"&"其他") -> 比重10:ENG 比重7:BIO, BAFS, CHEM, 中史, 中文, ECON, GEOG, HMSC, HIST, ICT, 通, MATH, M2, PHY 比重5:其他 | C7: 比重10:ENG 比重7:BIO, BAFS, CHEM, 中史, 中文, ECON, GEOG, HMSC, HIST, ICT, 通, MATH, M2, PHY 比重5:其他
A8: ='Table 1'!AO9 -> JS3110 | B8: =IF('Table 1'!AS9="","比重10:"&'Table 1'!AQ9&CHAR(10)&"比重7:其他","比重10:"&'Table 1'!AQ9&CHAR(10)&"比重7:"&'Table 1'!AR9&CHAR(10)&"比重5:"&"其他") -> 比重10:ENG, MATH, PHY 比重7:BIO, BAFS, CHEM, 中文, ECON, GEOG, HMSC, ICT, 通, M2 比重5:其他 | C8: 比重10:ENG, MATH, PHY 比重7:BIO, BAFS, CHEM, 中文, ECON, GEOG, HMSC, ICT, 通, M2 比重5:其他
A9: ='Table 1'!AO10 -> JS3120 | B9: =IF('Table 1'!AS10="","比重10:"&'Table 1'!AQ10&CHAR(10)&"比重7:其他","比重10:"&'Table 1'!AQ10&CHAR(10)&"比重7:"&'Table 1'!AR10&CHAR(10)&"比重5:"&"其他") -> 比重10:BIO, CHEM, 中文, ECON, ENG, GEOG, MATH, M2, PHY 比重7:ICT, 通 比重5:其他 | C9: 比重10:BIO, CHEM, 中文, ECON, ENG, GEOG, MATH, M2, PHY 比重7:ICT, 通 比重5:其他
A10: ='Table 1'!AO11 -> JS3130 | B10: =IF('Table 1'!AS11="","比重10:"&'Table 1'!AQ11&CHAR(10)&"比重7:其他","比重10:"&'Table 1'!AQ11&CHAR(10)&"比重7:"&'Table 1'!AR11&CHAR(10)&"比重5:"&"其他") -> 比重10:ENG, GEOG, ICT, MATH, M2, PHY 比重7:其他 | C10: 比重10:ENG, GEOG, ICT, MATH, M2, PHY 比重7:其他
A11: ='Table 1'!AO12 -> JS3140 | B11: =IF('Table 1'!AS12="","比重10:"&'Table 1'!AQ12&CHAR(10)&"比重7:其他","比重10:"&'Table 1'!AQ12&CHAR(10)&"比重7:"&'Table 1'!AR12&CHAR(10)&"比重5:"&"其他") -> 比重10:CHEM, ENG, ICT, MATH, M2, PHY 比重7:BIO, 中文, 通 比重5:其他 | C11: 比重10:CHEM, ENG, ICT, MATH, M2, PHY 比重7:BIO, 中文, 通 比重5:其他
A12: ='Table 1'!AO13 -> JS3150 | B12: =IF('Table 1'!AS13="","比重10:"&'Table 1'!AQ13&CHAR(10)&"比重7:其他","比重10:"&'Table 1'!AQ13&CHAR(10)&"比重7:"&'Table 1'!AR13&CHAR(10)&"比重5:"&"其他") -> 比重10:BIO, CHEM, MATH, M2, PHY 比重7:中文, ENG, 通 比重5:其他 | C12: 比重10:BIO, CHEM, MATH, M2, PHY 比重7:中文, ENG, 通 比重5:其他
... A31: ='Table 1'!AO32 -> JS3868 | B31: =IF('Table 1'!AS32="","比重10:"&'Table 1'!AQ32&CHAR(10)&"比重7:其他","比重10:"&'Table 1'!AQ32&CHAR(10)&"比重7:"&'Table 1'!AR32&CHAR(10)&"比重5:"&"其他") -> 比重10:BIO, BAFS, CHEM, ECON, ENG, ICT, MATH, M2, PHY 比重7:其他 | C31: 比重10:BIO, BAFS, CHEM, ECON, ENG, ICT, MATH, M2, PHY 比重7:其他
